timestamp,rpm,throttle_percent,engine_load_percent,cht_c,egt_c,oil_pressure_bar,oil_temperature_c,fuel_flow_l_h,fuel_pressure_bar,vibration_g,voltage_v,ambient_temperature_c,ambient_pressure_hpa,operating_condition,fault_type,fault_severity
2026-09-28T00:07:50.902077+00:00,0.0,1.14,0.13,14.89,14.99,0.007,15.02,0.23,0.007,0.0107,11.68,14.99,1013.18,start,normal,0.0
2026-09-28T00:07:51.902077+00:00,10.2,1.57,0.0,14.77,15.97,0.0,15.15,0.24,0.006,0.0152,11.01,14.99,1013.2,start,normal,0.0
2026-09-28T00:07:52.902077+00:00,22.4,2.3,0.27,14.28,17.62,0.0,15.0,0.11,0.005,0.0192,10.61,14.94,1013.25,start,normal,0.0
2026-09-28T00:07:53.902077+00:00,47.8,2.68,0.39,14.19,22.16,0.0,14.91,0.24,0.017,0.0206,10.34,14.91,1013.22,start,normal,0.0
2026-09-28T00:07:54.902077+00:00,74.9,3.23,1.17,15.13,36.78,0.323,15.21,2.2,0.136,0.0226,10.07,14.96,1013.15,start,normal,0.0
2026-09-28T00:07:55.902077+00:00,108.6,2.89,1.64,15.22,49.28,0.594,15.31,3.44,0.203,0.0296,9.92,14.99,1013.12,start,normal,0.0
2026-09-28T00:07:56.902077+00:00,144.1,3.26,2.76,16.05,67.53,0.863,15.45,4.26,0.239,0.0272,9.79,15.04,1013.14,start,normal,0.0
2026-09-28T00:07:57.902077+00:00,181.0,5.55,3.43,16.64,81.14,1.015,15.9,4.82,0.281,0.0295,10.92,15.07,1013.17,start,normal,0.0
2026-09-28T00:07:58.902077+00:00,209.6,6.54,5.33,17.6,97.31,1.177,15.89,5.62,0.31,0.0242,11.79,15.12,1013.17,start,normal,0.0
2026-09-28T00:07:59.902077+00:00,246.1,7.29,6.12,18.36,114.2,1.335,16.0,5.91,0.308,0.0317,12.41,15.09,1013.11,start,normal,0.0
2026-09-28T00:08:00.902077+00:00,275.8,8.01,6.56,19.66,126.5,1.502,16.29,6.61,0.314,0.0492,12.83,15.11,1013.13,start,normal,0.0
2026-09-28T00:08:01.902077+00:00,305.3,7.92,7.03,19.8,138.75,1.592,16.52,7.22,0.321,0.0449,13.14,15.14,1013.2,start,normal,0.0
2026-09-28T00:08:02.902077+00:00,329.4,7.89,7.84,20.41,150.81,1.671,16.87,7.67,0.32,0.061,13.25,15.1,1013.22,start,normal,0.0
2026-09-28T00:08:03.902077+00:00,357.7,8.14,8.18,21.39,160.58,1.767,16.96,7.9,0.322,0.0481,13.52,15.1,1013.34,start,normal,0.0
2026-09-28T00:08:04.902077+00:00,391.9,8.04,8.09,21.99,171.79,1.894,17.26,8.06,0.306,0.0477,13.68,15.25,1013.29,start,normal,0.0
2026-09-28T00:08:05.902077+00:00,413.3,8.16,8.84,22.33,180.01,1.981,17.46,8.44,0.308,0.0432,13.69,15.36,1013.32,start,normal,0.0
2026-09-28T00:08:06.902077+00:00,443.8,7.75,9.3,23.56,188.84,2.027,17.54,8.95,0.324,0.0495,13.91,15.37,1013.39,start,normal,0.0
2026-09-28T00:08:07.902077+00:00,473.4,7.84,9.15,24.22,198.86,2.054,17.85,8.55,0.306,0.0514,13.89,15.48,1013.47,start,normal,0.0
2026-09-28T00:08:08.902077+00:00,498.2,8.01,10.11,25.36,207.39,2.12,18.25,8.7,0.309,0.05,13.78,15.49,1013.48,start,normal,0.0
2026-09-28T00:08:09.902077+00:00,526.6,8.05,10.52,25.97,214.81,2.149,18.43,8.97,0.318,0.0636,13.85,15.5,1013.56,start,normal,0.0
2026-09-28T00:08:10.902077+00:00,588.0,8.34,10.74,27.58,224.24,2.248,18.34,9.13,0.324,0.0667,13.88,15.51,1013.58,idle,normal,0.0
2026-09-28T00:08:11.902077+00:00,634.5,7.6,10.38,28.68,228.16,2.336,18.77,9.06,0.348,0.0704,13.79,15.59,1013.66,idle,normal,0.0
2026-09-28T00:08:12.902077+00:00,672.0,7.84,11.24,30.2,234.28,2.418,19.0,9.2,0.35,0.0704,13.77,15.65,1013.58,idle,normal,0.0
2026-09-28T00:08:13.902077+00:00,705.8,8.43,11.89,31.17,241.56,2.486,19.28,9.68,0.344,0.075,13.85,15.6,1013.64,idle,normal,0.0
2026-09-28T00:08:14.902077+00:00,727.2,8.23,12.43,32.58,253.53,2.506,19.48,9.86,0.342,0.0649,13.85,15.54,1013.68,idle,normal,0.0
2026-09-28T00:08:15.902077+00:00,745.0,8.22,12.55,33.2,262.31,2.589,19.57,10.23,0.349,0.0741,13.84,15.62,1013.66,idle,normal,0.0
2026-09-28T00:08:16.902077+00:00,757.9,8.48,12.59,34.19,267.5,2.627,19.62,10.4,0.325,0.0754,13.87,15.65,1013.66,idle,normal,0.0
2026-09-28T00:08:17.902077+00:00,773.4,8.11,12.46,34.82,272.4,2.689,19.82,10.47,0.344,0.0757,13.87,15.61,1013.68,idle,normal,0.0
2026-09-28T00:08:18.902077+00:00,784.6,7.71,12.9,35.53,278.46,2.762,19.76,10.69,0.355,0.0882,13.86,15.56,1013.68,idle,normal,0.0
2026-09-28T00:08:19.902077+00:00,791.1,7.81,12.26,35.47,281.27,2.773,20.11,10.6,0.339,0.0885,13.82,15.58,1013.6,idle,normal,0.0
2026-09-28T00:08:20.902077+00:00,793.2,8.28,12.97,35.74,285.77,2.83,20.21,10.74,0.34,0.0904,13.82,15.57,1013.66,idle,normal,0.0
2026-09-28T00:08:21.902077+00:00,798.3,8.13,13.7,36.25,292.04,2.888,20.12,10.6,0.334,0.0932,13.78,15.54,1013.6,idle,normal,0.0
2026-09-28T00:08:22.902077+00:00,802.0,8.05,13.36,37.32,294.63,2.909,20.25,10.85,0.336,0.0896,13.78,15.61,1013.5,idle,normal,0.0
2026-09-28T00:08:23.902077+00:00,803.2,8.42,13.71,37.65,301.38,2.929,20.65,11.09,0.348,0.0918,13.84,15.6,1013.49,idle,normal,0.0
2026-09-28T00:08:24.902077+00:00,808.2,8.32,14.02,38.56,308.76,2.968,20.86,11.15,0.336,0.0795,13.81,15.6,1013.39,idle,normal,0.0
2026-09-28T00:08:25.902077+00:00,811.4,7.78,14.57,39.04,312.89,2.924,20.97,11.4,0.352,0.0779,13.82,15.59,1013.44,idle,normal,0.0
2026-09-28T00:08:26.902077+00:00,804.9,8.2,14.99,39.66,317.3,2.918,21.1,11.24,0.363,0.0828,13.89,15.55,1013.5,idle,normal,0.0
2026-09-28T00:08:27.902077+00:00,813.2,7.79,15.02,40.03,321.61,2.886,21.46,11.79,0.371,0.0732,13.83,15.5,1013.46,idle,normal,0.0
2026-09-28T00:08:28.902077+00:00,810.3,7.79,14.41,40.64,322.64,2.897,21.74,12.09,0.363,0.0706,13.88,15.48,1013.54,idle,normal,0.0
2026-09-28T00:08:29.902077+00:00,807.1,7.72,14.2,41.52,330.02,2.964,21.76,11.84,0.348,0.0852,13.9,15.48,1013.56,idle,normal,0.0
2026-09-28T00:08:30.902077+00:00,811.1,8.24,13.65,42.27,334.61,2.958,22.0,11.48,0.337,0.0792,13.85,15.44,1013.48,idle,normal,0.0
2026-09-28T00:08:31.902077+00:00,811.6,8.09,14.15,43.04,338.86,2.951,21.93,11.51,0.347,0.0681,13.88,15.4,1013.48,idle,normal,0.0
2026-09-28T00:08:32.902077+00:00,811.6,8.41,14.39,43.79,340.45,2.994,22.09,11.46,0.344,0.0657,13.93,15.4,1013.51,idle,normal,0.0
2026-09-28T00:08:33.902077+00:00,814.9,7.99,14.59,44.91,342.76,2.965,22.34,11.74,0.351,0.0699,13.94,15.41,1013.51,idle,normal,0.0
2026-09-28T00:08:34.902077+00:00,813.7,7.76,14.63,45.31,343.62,2.913,22.5,11.83,0.357,0.0698,13.88,15.41,1013.44,idle,normal,0.0
2026-09-28T00:08:35.902077+00:00,813.3,7.57,14.35,46.06,347.24,2.925,22.85,11.59,0.348,0.0711,13.97,15.43,1013.42,idle,normal,0.0
2026-09-28T00:08:36.902077+00:00,810.3,7.64,13.86,45.94,347.63,2.894,23.11,11.14,0.349,0.069,13.98,15.44,1013.35,idle,normal,0.0
2026-09-28T00:08:37.902077+00:00,811.1,8.01,13.5,47.04,349.31,2.908,23.23,11.33,0.35,0.0673,14.0,15.46,1013.32,idle,normal,0.0
2026-09-28T00:08:38.902077+00:00,815.9,8.65,13.81,47.42,355.07,2.878,23.47,11.35,0.354,0.066,13.91,15.64,1013.26,idle,normal,0.0
2026-09-28T00:08:39.902077+00:00,814.2,8.18,13.39,47.78,359.9,2.965,23.56,11.35,0.339,0.0619,13.93,15.67,1013.21,idle,normal,0.0
2026-09-28T00:08:40.902077+00:00,821.3,7.75,13.32,48.32,362.51,2.97,23.87,10.97,0.342,0.0595,13.82,15.73,1013.2,idle,normal,0.0
2026-09-28T00:08:41.902077+00:00,815.4,7.64,13.44,49.24,366.42,2.966,23.98,11.44,0.342,0.0586,13.85,15.81,1013.18,idle,normal,0.0
2026-09-28T00:08:42.902077+00:00,812.0,7.96,14.06,49.85,366.3,2.997,24.11,11.29,0.358,0.0526,13.86,15.78,1013.27,idle,normal,0.0
2026-09-28T00:08:43.902077+00:00,806.4,8.5,14.63,49.23,364.37,2.989,24.2,11.2,0.35,0.0488,13.85,15.76,1013.26,idle,normal,0.0
2026-09-28T00:08:44.902077+00:00,808.8,8.05,14.65,49.76,366.26,2.995,24.15,11.13,0.339,0.0433,13.93,15.72,1013.25,idle,normal,0.0
2026-09-28T00:08:45.902077+00:00,813.4,7.99,14.34,49.97,367.72,2.959,24.29,11.15,0.336,0.0327,13.95,15.65,1013.28,idle,normal,0.0
2026-09-28T00:08:46.902077+00:00,817.5,7.75,14.13,50.84,368.77,2.967,24.22,11.17,0.353,0.0432,14.1,15.7,1013.2,idle,normal,0.0
2026-09-28T00:08:47.902077+00:00,816.6,7.35,13.84,51.18,366.29,2.982,24.65,11.14,0.359,0.0527,14.1,15.73,1013.24,idle,normal,0.0
2026-09-28T00:08:48.902077+00:00,813.9,7.12,13.95,52.68,369.4,2.977,24.96,11.33,0.372,0.0567,14.11,15.77,1013.19,idle,normal,0.0
2026-09-28T00:08:49.902077+00:00,815.7,7.2,13.67,53.3,374.77,3.002,25.17,11.13,0.362,0.0522,14.03,15.81,1013.16,idle,normal,0.0
2026-09-28T00:08:50.902077+00:00,815.2,7.77,13.64,53.3,378.62,2.928,25.41,11.14,0.351,0.066,13.96,15.79,1013.22,idle,normal,0.0
2026-09-28T00:08:51.902077+00:00,812.2,7.69,13.22,53.3,376.44,2.912,25.5,10.84,0.354,0.0666,13.93,15.7,1013.17,idle,normal,0.0
2026-09-28T00:08:52.902077+00:00,817.4,7.67,12.7,53.73,378.09,2.936,25.56,10.6,0.356,0.058,13.91,15.56,1013.14,idle,normal,0.0
2026-09-28T00:08:53.902077+00:00,818.2,7.93,12.14,55.03,378.04,2.98,25.55,10.81,0.353,0.0517,13.94,15.53,1013.12,idle,normal,0.0
2026-09-28T00:08:54.902077+00:00,813.8,7.77,13.63,55.75,374.99,2.976,25.6,10.97,0.36,0.0434,13.91,15.55,1013.15,idle,normal,0.0
2026-09-28T00:08:55.902077+00:00,818.5,8.15,14.44,56.63,378.07,2.93,25.65,11.32,0.351,0.0482,13.89,15.6,1013.23,idle,normal,0.0
2026-09-28T00:08:56.902077+00:00,818.2,7.97,14.21,57.53,383.02,2.972,25.73,11.52,0.322,0.0478,13.87,15.6,1013.23,idle,normal,0.0
2026-09-28T00:08:57.902077+00:00,817.8,8.22,13.9,58.03,383.67,2.947,25.92,11.62,0.34,0.0613,13.92,15.54,1013.19,idle,normal,0.0
2026-09-28T00:08:58.902077+00:00,819.0,8.19,14.95,58.62,385.45,2.948,26.15,11.78,0.341,0.0619,14.01,15.6,1013.28,idle,normal,0.0
2026-09-28T00:08:59.902077+00:00,818.1,8.16,14.42,59.18,384.08,2.914,26.35,11.88,0.35,0.0653,13.98,15.6,1013.28,idle,normal,0.0
2026-09-28T00:09:00.902077+00:00,811.3,8.22,14.12,59.79,384.07,2.928,26.35,11.69,0.36,0.0703,14.0,15.61,1013.27,idle,normal,0.0
2026-09-28T00:09:01.902077+00:00,809.4,8.23,14.22,60.21,384.43,2.873,26.43,11.41,0.34,0.0696,13.94,15.74,1013.22,idle,normal,0.0
2026-09-28T00:09:02.902077+00:00,811.0,7.93,13.78,61.02,384.42,2.894,26.66,11.31,0.344,0.0675,14.0,15.71,1013.23,idle,normal,0.0
2026-09-28T00:09:03.902077+00:00,813.1,8.24,14.25,61.21,387.69,2.842,26.83,11.25,0.319,0.0636,13.95,15.67,1013.22,idle,normal,0.0
2026-09-28T00:09:04.902077+00:00,812.3,7.96,13.89,62.25,385.12,2.905,26.87,10.8,0.335,0.0574,13.94,15.73,1013.28,idle,normal,0.0
2026-09-28T00:09:05.902077+00:00,817.8,7.92,13.78,62.76,386.08,2.883,27.16,10.82,0.342,0.0589,13.92,15.75,1013.26,idle,normal,0.0
2026-09-28T00:09:06.902077+00:00,814.9,7.95,14.1,62.78,387.44,2.916,27.35,11.2,0.34,0.0568,13.89,15.68,1013.32,idle,normal,0.0
2026-09-28T00:09:07.902077+00:00,812.4,7.67,14.32,63.12,386.15,2.91,27.49,11.06,0.35,0.0644,13.9,15.65,1013.28,idle,normal,0.0
2026-09-28T00:09:08.902077+00:00,814.4,7.84,14.56,64.0,386.38,2.942,27.49,10.88,0.366,0.0708,13.92,15.72,1013.29,idle,normal,0.0
2026-09-28T00:09:09.902077+00:00,819.5,7.92,14.18,64.58,387.46,2.99,27.52,10.75,0.345,0.0731,13.91,15.68,1013.27,idle,normal,0.0
2026-09-28T00:09:10.902077+00:00,861.8,12.01,15.07,65.41,389.61,3.022,27.84,11.2,0.354,0.0699,13.9,15.63,1013.3,taxi,normal,0.0
2026-09-28T00:09:11.902077+00:00,897.5,13.82,15.96,65.79,389.66,2.998,28.03,11.49,0.335,0.0575,13.95,15.65,1013.23,taxi,normal,0.0
2026-09-28T00:09:12.902077+00:00,922.7,15.07,17.73,66.5,390.67,3.055,28.31,11.99,0.338,0.0666,14.03,15.62,1013.21,taxi,normal,0.0
2026-09-28T00:09:13.902077+00:00,949.3,16.42,18.93,66.37,391.27,3.056,28.61,12.53,0.33,0.0652,14.06,15.55,1013.16,taxi,normal,0.0
2026-09-28T00:09:14.902077+00:00,965.6,17.11,19.75,66.9,393.26,3.048,28.93,13.01,0.345,0.0719,14.01,15.5,1013.22,taxi,normal,0.0
2026-09-28T00:09:15.902077+00:00,975.3,17.76,20.82,67.3,393.91,3.035,29.06,13.73,0.337,0.0686,14.05,15.42,1013.24,taxi,normal,0.0
2026-09-28T00:09:16.902077+00:00,987.1,18.03,21.92,67.72,393.75,3.088,29.41,13.78,0.352,0.0614,14.0,15.36,1013.29,taxi,normal,0.0
2026-09-28T00:09:17.902077+00:00,992.2,17.68,22.59,68.7,395.55,3.132,29.59,14.51,0.362,0.0724,14.03,15.39,1013.3,taxi,normal,0.0
2026-09-28T00:09:18.902077+00:00,992.8,18.12,22.74,69.41,399.73,3.159,29.53,14.61,0.35,0.0755,13.99,15.39,1013.27,taxi,normal,0.0
2026-09-28T00:09:19.902077+00:00,996.3,17.88,22.91,70.11,399.96,3.15,29.77,15.35,0.343,0.071,13.99,15.33,1013.23,taxi,normal,0.0
2026-09-28T00:09:20.902077+00:00,1003.8,17.65,23.08,71.21,404.11,3.217,29.8,15.59,0.353,0.0681,13.98,15.33,1013.21,taxi,normal,0.0
2026-09-28T00:09:21.902077+00:00,1008.6,17.55,23.63,71.69,406.79,3.237,30.14,15.66,0.386,0.0687,13.98,15.37,1013.21,taxi,normal,0.0
2026-09-28T00:09:22.902077+00:00,1008.5,18.25,24.02,71.67,411.07,3.239,30.48,15.71,0.381,0.0725,14.0,15.39,1013.25,taxi,normal,0.0
2026-09-28T00:09:23.902077+00:00,1010.3,17.82,24.05,71.58,414.86,3.248,30.58,15.97,0.364,0.0805,13.99,15.41,1013.24,taxi,normal,0.0
2026-09-28T00:09:24.902077+00:00,1013.9,17.9,23.89,71.96,417.44,3.216,30.73,15.87,0.373,0.0794,13.94,15.41,1013.29,taxi,normal,0.0
2026-09-28T00:09:25.902077+00:00,1009.4,18.16,23.54,72.42,416.28,3.176,30.93,15.76,0.369,0.0684,13.92,15.41,1013.3,taxi,normal,0.0
2026-09-28T00:09:26.902077+00:00,1016.2,18.33,24.35,73.2,416.56,3.212,31.12,15.85,0.387,0.0737,13.78,15.34,1013.24,taxi,normal,0.0
2026-09-28T00:09:27.902077+00:00,1014.6,18.11,24.78,73.96,417.2,3.242,31.39,16.19,0.364,0.0791,13.79,15.3,1013.18,taxi,normal,0.0
2026-09-28T00:09:28.902077+00:00,1015.0,18.42,24.58,74.31,416.12,3.221,31.38,16.1,0.374,0.083,13.82,15.21,1013.17,taxi,normal,0.0
2026-09-28T00:09:29.902077+00:00,1011.8,18.63,24.23,75.14,417.96,3.218,31.9,16.3,0.373,0.075,13.92,15.22,1013.2,taxi,normal,0.0
2026-09-28T00:09:30.902077+00:00,1006.7,18.07,24.75,75.92,418.55,3.185,32.17,16.14,0.356,0.0622,13.87,15.22,1013.19,taxi,normal,0.0
2026-09-28T00:09:31.902077+00:00,1006.1,18.41,24.75,76.37,418.08,3.22,32.18,16.13,0.364,0.046,13.95,15.25,1013.19,taxi,normal,0.0
2026-09-28T00:09:32.902077+00:00,1015.5,18.1,24.87,76.61,422.58,3.242,32.46,16.0,0.359,0.0535,13.85,15.28,1013.15,taxi,normal,0.0
2026-09-28T00:09:33.902077+00:00,1019.1,17.89,24.12,77.29,425.03,3.286,32.79,16.21,0.36,0.0505,13.94,15.25,1013.17,taxi,normal,0.0
2026-09-28T00:09:34.902077+00:00,1017.7,17.54,23.3,77.65,426.57,3.323,32.89,15.96,0.344,0.0581,13.89,15.32,1013.17,taxi,normal,0.0
2026-09-28T00:09:35.902077+00:00,1018.8,18.23,23.88,78.32,428.2,3.325,33.09,15.76,0.363,0.0535,14.0,15.44,1013.07,taxi,normal,0.0
2026-09-28T00:09:36.902077+00:00,1015.3,18.6,23.84,79.26,428.16,3.327,33.24,15.71,0.352,0.0498,13.91,15.4,1013.07,taxi,normal,0.0
2026-09-28T00:09:37.902077+00:00,1011.0,18.01,23.43,79.32,426.46,3.333,33.21,15.38,0.354,0.051,14.04,15.4,1013.03,taxi,normal,0.0
2026-09-28T00:09:38.902077+00:00,1013.3,17.47,23.02,79.94,428.3,3.298,33.56,15.67,0.353,0.0439,14.04,15.41,1013.04,taxi,normal,0.0
2026-09-28T00:09:39.902077+00:00,1011.9,17.65,23.48,80.67,430.34,3.315,33.55,15.64,0.374,0.0528,14.05,15.45,1013.04,taxi,normal,0.0
2026-09-28T00:09:40.902077+00:00,1012.3,17.56,23.47,81.2,433.55,3.321,33.65,15.59,0.365,0.0588,13.92,15.39,1013.04,taxi,normal,0.0
2026-09-28T00:09:41.902077+00:00,1011.8,17.75,23.87,81.55,431.11,3.329,33.69,15.51,0.359,0.0599,13.92,15.36,1012.95,taxi,normal,0.0
2026-09-28T00:09:42.902077+00:00,1013.3,17.34,24.13,81.93,432.73,3.359,33.71,15.49,0.362,0.0699,13.92,15.34,1012.93,taxi,normal,0.0
2026-09-28T00:09:43.902077+00:00,1016.3,17.6,23.68,82.11,436.08,3.416,34.1,15.52,0.351,0.0654,14.01,15.35,1012.89,taxi,normal,0.0
2026-09-28T00:09:44.902077+00:00,1016.0,17.3,24.13,82.48,437.87,3.382,34.02,15.58,0.327,0.0701,14.01,15.29,1012.95,taxi,normal,0.0
2026-09-28T00:09:45.902077+00:00,1012.4,17.06,23.46,83.03,437.53,3.348,34.15,15.66,0.337,0.0765,14.0,15.27,1012.91,taxi,normal,0.0
2026-09-28T00:09:46.902077+00:00,1017.6,17.7,23.51,83.32,439.05,3.308,34.38,15.9,0.336,0.0758,14.03,15.35,1012.86,taxi,normal,0.0
2026-09-28T00:09:47.902077+00:00,1016.4,18.4,23.22,83.54,438.71,3.334,34.53,15.86,0.371,0.0746,14.05,15.27,1012.82,taxi,normal,0.0
2026-09-28T00:09:48.902077+00:00,1021.5,18.37,23.47,84.16,438.41,3.373,34.55,15.73,0.383,0.0721,14.01,15.34,1012.79,taxi,normal,0.0
2026-09-28T00:09:49.902077+00:00,1020.3,18.46,23.72,83.68,437.94,3.334,34.67,15.51,0.364,0.0735,14.07,15.35,1012.77,taxi,normal,0.0
2026-09-28T00:09:50.902077+00:00,1019.2,17.86,23.76,84.06,434.25,3.258,34.7,15.82,0.369,0.0695,14.08,15.34,1012.75,taxi,normal,0.0
2026-09-28T00:09:51.902077+00:00,1017.3,18.65,23.7,84.33,430.47,3.244,34.93,15.87,0.36,0.0889,13.96,15.33,1012.71,taxi,normal,0.0
2026-09-28T00:09:52.902077+00:00,1019.8,18.11,24.31,84.78,436.12,3.223,35.34,16.48,0.347,0.0849,14.05,15.41,1012.67,taxi,normal,0.0
2026-09-28T00:09:53.902077+00:00,1017.7,17.85,24.24,85.45,440.02,3.187,35.54,16.32,0.345,0.0915,13.94,15.42,1012.64,taxi,normal,0.0
2026-09-28T00:09:54.902077+00:00,1014.8,18.08,24.01,86.14,440.57,3.195,35.79,15.68,0.344,0.098,14.01,15.43,1012.68,taxi,normal,0.0
2026-09-28T00:09:55.902077+00:00,1015.3,18.08,24.25,87.04,439.35,3.213,35.91,15.89,0.345,0.0911,13.97,15.45,1012.64,taxi,normal,0.0
2026-09-28T00:09:56.902077+00:00,1017.4,18.16,23.7,87.52,439.23,3.216,35.96,16.16,0.352,0.0869,13.89,15.39,1012.68,taxi,normal,0.0
2026-09-28T00:09:57.902077+00:00,1021.2,18.25,23.8,88.13,441.3,3.217,36.02,16.11,0.367,0.0912,13.94,15.41,1012.62,taxi,normal,0.0
2026-09-28T00:09:58.902077+00:00,1017.6,18.27,24.1,87.92,438.99,3.217,36.33,15.77,0.372,0.0902,14.09,15.45,1012.65,taxi,normal,0.0
2026-09-28T00:09:59.902077+00:00,1019.0,18.54,24.53,88.42,434.31,3.193,36.38,16.04,0.365,0.0969,13.97,15.44,1012.59,taxi,normal,0.0
2026-09-28T00:10:00.902077+00:00,1022.2,18.0,24.58,89.26,432.2,3.2,36.48,16.06,0.37,0.0941,13.94,15.4,1012.56,taxi,normal,0.0
2026-09-28T00:10:01.902077+00:00,1016.0,17.67,25.25,89.62,432.58,3.173,36.68,16.19,0.344,0.0952,13.94,15.44,1012.56,taxi,normal,0.0
2026-09-28T00:10:02.902077+00:00,1017.1,17.86,24.6,90.17,434.56,3.214,37.11,16.24,0.345,0.1027,13.94,15.51,1012.59,taxi,normal,0.0
2026-09-28T00:10:03.902077+00:00,1013.9,17.66,24.78,90.61,437.33,3.239,37.59,16.53,0.334,0.0937,13.91,15.54,1012.65,taxi,normal,0.0
2026-09-28T00:10:04.902077+00:00,1015.2,16.99,24.12,91.09,435.76,3.175,37.9,16.41,0.338,0.0996,13.96,15.55,1012.62,taxi,normal,0.0
2026-09-28T00:10:05.902077+00:00,1008.8,16.76,24.06,90.91,433.03,3.166,38.07,16.22,0.339,0.0945,14.03,15.53,1012.63,taxi,normal,0.0
2026-09-28T00:10:06.902077+00:00,1007.4,16.76,22.93,91.38,431.25,3.239,38.53,16.01,0.35,0.0906,14.06,15.51,1012.58,taxi,normal,0.0
2026-09-28T00:10:07.902077+00:00,1010.1,17.25,22.81,91.37,433.72,3.247,38.58,15.57,0.352,0.102,14.11,15.61,1012.51,taxi,normal,0.0
2026-09-28T00:10:08.902077+00:00,1013.2,16.98,22.94,91.95,434.1,3.209,39.06,15.4,0.359,0.1018,14.0,15.54,1012.55,taxi,normal,0.0
2026-09-28T00:10:09.902077+00:00,1010.1,17.77,22.21,92.0,432.78,3.249,39.32,15.44,0.372,0.084,13.99,15.5,1012.62,taxi,normal,0.0
2026-09-28T00:10:10.902077+00:00,1010.9,17.45,22.22,91.76,430.06,3.242,39.6,15.62,0.377,0.0831,13.93,15.56,1012.53,taxi,normal,0.0
2026-09-28T00:10:11.902077+00:00,1010.7,17.96,22.69,92.6,431.05,3.311,39.66,15.87,0.371,0.077,13.86,15.55,1012.6,taxi,normal,0.0
2026-09-28T00:10:12.902077+00:00,1011.7,18.1,23.16,92.66,430.38,3.254,39.87,15.89,0.372,0.0768,13.84,15.57,1012.67,taxi,normal,0.0
2026-09-28T00:10:13.902077+00:00,1010.0,17.53,23.6,93.06,431.5,3.27,40.08,15.49,0.373,0.066,13.83,15.54,1012.64,taxi,normal,0.0
2026-09-28T00:10:14.902077+00:00,1014.0,18.02,23.55,93.42,436.53,3.284,40.36,15.37,0.389,0.0709,13.82,15.6,1012.57,taxi,normal,0.0
2026-09-28T00:10:15.902077+00:00,1010.9,18.71,23.88,93.81,441.11,3.304,40.24,15.31,0.391,0.0834,13.97,15.54,1012.61,taxi,normal,0.0
2026-09-28T00:10:16.902077+00:00,1009.2,18.38,23.57,94.73,443.52,3.28,40.32,15.35,0.372,0.1009,13.92,15.44,1012.65,taxi,normal,0.0
2026-09-28T00:10:17.902077+00:00,1014.3,18.24,23.98,95.25,440.97,3.269,40.52,15.4,0.352,0.0963,13.88,15.37,1012.72,taxi,normal,0.0
2026-09-28T00:10:18.902077+00:00,1015.5,18.17,24.15,95.99,439.68,3.28,40.59,15.57,0.365,0.0973,13.88,15.36,1012.76,taxi,normal,0.0
2026-09-28T00:10:19.902077+00:00,1015.5,18.37,23.53,96.09,439.69,3.272,40.65,15.5,0.373,0.0996,13.92,15.41,1012.88,taxi,normal,0.0
2026-09-28T00:10:20.902077+00:00,1017.9,17.92,23.4,96.26,441.53,3.28,40.85,15.45,0.353,0.0881,13.91,15.4,1012.96,taxi,normal,0.0
2026-09-28T00:10:21.902077+00:00,1020.6,18.19,24.47,96.69,443.88,3.244,41.36,15.53,0.37,0.0784,13.92,15.39,1012.91,taxi,normal,0.0
2026-09-28T00:10:22.902077+00:00,1023.1,18.13,23.93,96.73,443.26,3.265,41.3,15.53,0.362,0.072,13.91,15.43,1012.96,taxi,normal,0.0
2026-09-28T00:10:23.902077+00:00,1024.5,18.52,23.83,96.71,441.05,3.238,41.44,15.81,0.359,0.0672,13.96,15.46,1012.94,taxi,normal,0.0
2026-09-28T00:10:24.902077+00:00,1021.0,18.72,23.45,96.89,444.45,3.211,41.68,15.58,0.356,0.0676,14.03,15.38,1013.03,taxi,normal,0.0
2026-09-28T00:10:25.902077+00:00,1016.5,18.39,23.67,96.72,444.63,3.184,41.63,15.41,0.36,0.0705,13.94,15.36,1013.07,taxi,normal,0.0
2026-09-28T00:10:26.902077+00:00,1017.1,17.96,24.44,97.67,446.24,3.161,41.85,15.62,0.347,0.0725,13.87,15.25,1013.14,taxi,normal,0.0
2026-09-28T00:10:27.902077+00:00,1016.4,18.15,23.84,97.88,445.46,3.159,42.08,15.7,0.356,0.0593,13.85,15.22,1013.18,taxi,normal,0.0
2026-09-28T00:10:28.902077+00:00,1020.0,18.13,23.69,98.01,444.09,3.155,42.11,15.56,0.357,0.0517,13.9,15.21,1013.19,taxi,normal,0.0
2026-09-28T00:10:29.902077+00:00,1021.2,18.13,24.59,97.75,444.18,3.134,42.06,15.55,0.352,0.0611,13.86,15.25,1013.18,taxi,normal,0.0
2026-09-28T00:10:30.902077+00:00,1016.4,18.26,24.69,98.3,446.05,3.107,42.38,15.69,0.36,0.0685,13.91,15.27,1013.2,taxi,normal,0.0
2026-09-28T00:10:31.902077+00:00,1015.4,18.55,24.59,98.43,448.55,3.125,42.63,15.91,0.359,0.0763,13.8,15.27,1013.17,taxi,normal,0.0
2026-09-28T00:10:32.902077+00:00,1016.1,17.98,24.47,98.79,449.01,3.125,42.62,16.18,0.363,0.0823,13.84,15.29,1013.12,taxi,normal,0.0
2026-09-28T00:10:33.902077+00:00,1015.3,17.48,23.86,99.14,448.66,3.093,42.7,16.15,0.36,0.0862,13.8,15.34,1013.15,taxi,normal,0.0
2026-09-28T00:10:34.902077+00:00,1027.1,17.35,24.46,99.41,449.29,3.083,43.09,16.01,0.356,0.0765,13.86,15.36,1013.1,taxi,normal,0.0
2026-09-28T00:10:35.902077+00:00,1025.9,17.75,24.77,99.44,452.47,3.122,43.17,16.41,0.333,0.0755,13.86,15.37,1013.09,taxi,normal,0.0
2026-09-28T00:10:36.902077+00:00,1023.1,18.36,24.81,99.51,451.81,3.133,43.01,16.04,0.33,0.0764,13.88,15.38,1013.07,taxi,normal,0.0
2026-09-28T00:10:37.902077+00:00,1018.1,18.53,24.63,100.16,451.29,3.128,43.25,16.4,0.34,0.0756,13.82,15.36,1013.03,taxi,normal,0.0
2026-09-28T00:10:38.902077+00:00,1019.5,17.89,24.16,100.57,450.98,3.112,43.64,16.47,0.336,0.0731,13.82,15.32,1013.03,taxi,normal,0.0
2026-09-28T00:10:39.902077+00:00,1020.7,18.31,24.71,100.85,451.29,3.114,43.85,16.33,0.339,0.0719,13.83,15.26,1013.1,taxi,normal,0.0
2026-09-28T00:10:40.902077+00:00,1028.4,19.19,24.96,101.48,450.56,3.127,44.18,16.6,0.346,0.0727,13.84,15.18,1013.18,takeoff,normal,0.0
2026-09-28T00:10:41.902077+00:00,1076.4,23.03,24.76,101.58,451.37,3.162,44.42,16.46,0.347,0.069,13.97,15.18,1013.25,takeoff,normal,0.0
2026-09-28T00:10:42.902077+00:00,1157.3,29.17,27.12,101.87,450.97,3.198,44.4,16.39,0.36,0.0762,13.93,15.21,1013.25,takeoff,normal,0.0
2026-09-28T00:10:43.902077+00:00,1257.9,35.51,31.12,102.1,453.87,3.28,44.5,16.88,0.359,0.0696,13.89,15.14,1013.15,takeoff,normal,0.0
2026-09-28T00:10:44.902077+00:00,1369.9,43.18,35.18,102.12,460.66,3.406,44.73,17.93,0.375,0.0774,13.87,15.08,1013.14,takeoff,normal,0.0
2026-09-28T00:10:45.902077+00:00,1511.6,51.34,39.76,102.1,466.52,3.449,44.89,19.34,0.377,0.0842,13.93,15.07,1013.19,takeoff,normal,0.0
2026-09-28T00:10:46.902077+00:00,1653.8,60.1,45.08,102.84,473.31,3.587,45.12,20.92,0.378,0.093,13.99,15.02,1013.15,takeoff,normal,0.0
2026-09-28T00:10:47.902077+00:00,1801.7,69.33,51.6,103.09,476.19,3.759,45.3,23.17,0.392,0.0865,14.03,14.95,1013.14,takeoff,normal,0.0
2026-09-28T00:10:48.902077+00:00,1964.7,77.72,59.09,104.45,480.42,3.96,45.42,25.44,0.411,0.0974,14.04,14.93,1013.07,takeoff,normal,0.0
2026-09-28T00:10:49.902077+00:00,2127.5,87.11,66.57,104.86,489.41,4.19,45.46,27.88,0.414,0.0967,14.09,14.9,1013.14,takeoff,normal,0.0
2026-09-28T00:10:50.902077+00:00,2256.5,92.49,73.35,105.23,498.11,4.454,45.67,31.12,0.426,0.094,14.17,14.88,1013.14,takeoff,normal,0.0
2026-09-28T00:10:51.902077+00:00,2352.3,95.19,79.02,105.54,511.43,4.65,45.93,33.99,0.401,0.1006,14.16,14.93,1013.14,takeoff,normal,0.0
2026-09-28T00:10:52.902077+00:00,2429.7,96.85,83.64,106.7,522.65,4.808,46.33,36.5,0.397,0.1046,14.2,14.92,1013.14,takeoff,normal,0.0
2026-09-28T00:10:53.902077+00:00,2489.6,98.69,87.72,107.82,531.82,4.995,46.54,38.55,0.397,0.1075,14.16,14.92,1013.15,takeoff,normal,0.0
2026-09-28T00:10:54.902077+00:00,2535.8,98.99,91.24,109.02,546.82,5.156,46.64,40.49,0.419,0.1102,14.19,15.0,1013.15,takeoff,normal,0.0
2026-09-28T00:10:55.902077+00:00,2572.6,99.48,93.15,109.7,561.37,5.264,46.92,42.3,0.419,0.1127,14.21,14.98,1013.18,takeoff,normal,0.0
2026-09-28T00:10:56.902077+00:00,2605.8,99.84,94.35,110.69,575.11,5.399,47.11,43.91,0.434,0.1177,14.16,15.01,1013.23,takeoff,normal,0.0
2026-09-28T00:10:57.902077+00:00,2626.3,99.38,95.76,111.1,589.1,5.503,47.27,45.14,0.438,0.114,14.2,14.97,1013.27,takeoff,normal,0.0
2026-09-28T00:10:58.902077+00:00,2640.4,99.62,97.25,110.82,603.42,5.584,47.69,46.37,0.434,0.1103,14.19,14.98,1013.27,takeoff,normal,0.0
2026-09-28T00:10:59.902077+00:00,2654.6,100.0,98.52,111.72,613.25,5.693,48.06,47.34,0.45,0.1163,14.15,14.95,1013.35,takeoff,normal,0.0
2026-09-28T00:11:00.902077+00:00,2665.5,100.0,98.91,112.38,623.18,5.768,48.2,48.15,0.446,0.1179,14.16,14.96,1013.38,takeoff,normal,0.0
2026-09-28T00:11:01.902077+00:00,2675.1,100.0,98.47,113.79,633.38,5.87,48.3,48.04,0.449,0.114,14.17,14.95,1013.41,takeoff,normal,0.0
2026-09-28T00:11:02.902077+00:00,2683.0,100.0,99.34,114.47,644.37,5.942,47.92,48.5,0.445,0.1129,14.22,14.96,1013.39,takeoff,normal,0.0
2026-09-28T00:11:03.902077+00:00,2696.2,99.39,99.04,115.59,650.64,6.026,48.22,48.91,0.432,0.1172,14.21,15.05,1013.4,takeoff,normal,0.0
2026-09-28T00:11:04.902077+00:00,2690.1,99.41,99.51,115.97,659.16,6.075,48.6,49.23,0.441,0.1266,14.32,15.11,1013.54,takeoff,normal,0.0
2026-09-28T00:11:05.902077+00:00,2692.8,99.64,99.27,117.19,668.4,6.072,49.04,49.58,0.428,0.1328,14.27,15.0,1013.56,takeoff,normal,0.0
2026-09-28T00:11:06.902077+00:00,2693.3,100.0,100.0,117.65,679.82,6.13,49.2,50.17,0.429,0.1193,14.26,15.02,1013.57,takeoff,normal,0.0
2026-09-28T00:11:07.902077+00:00,2693.2,99.79,100.0,119.26,686.34,6.203,49.03,50.17,0.436,0.1104,14.17,15.09,1013.62,takeoff,normal,0.0
2026-09-28T00:11:08.902077+00:00,2694.3,100.0,100.0,121.07,696.14,6.241,49.52,50.29,0.428,0.1043,14.14,15.14,1013.68,takeoff,normal,0.0
2026-09-28T00:11:09.902077+00:00,2695.5,100.0,100.0,121.61,698.17,6.21,49.86,50.02,0.445,0.1145,14.19,15.16,1013.72,takeoff,normal,0.0
2026-09-28T00:11:10.902077+00:00,2693.2,100.0,99.89,122.59,706.06,6.219,50.05,50.17,0.446,0.1098,14.21,15.24,1013.76,takeoff,normal,0.0
2026-09-28T00:11:11.902077+00:00,2691.3,99.92,99.8,123.42,712.05,6.224,50.34,50.21,0.462,0.1117,14.13,15.24,1013.78,takeoff,normal,0.0
2026-09-28T00:11:12.902077+00:00,2695.7,99.93,100.0,124.37,717.04,6.196,50.6,49.92,0.458,0.1163,14.17,15.15,1013.73,takeoff,normal,0.0
2026-09-28T00:11:13.902077+00:00,2701.6,100.0,100.0,125.42,724.65,6.252,50.93,49.8,0.463,0.1182,14.23,15.19,1013.65,takeoff,normal,0.0
2026-09-28T00:11:14.902077+00:00,2703.6,100.0,99.73,126.45,733.08,6.187,51.1,49.69,0.462,0.1147,14.13,15.18,1013.62,takeoff,normal,0.0
2026-09-28T00:11:15.902077+00:00,2696.7,99.87,99.41,126.2,738.35,6.143,51.38,49.63,0.454,0.1176,14.12,15.18,1013.68,takeoff,normal,0.0
2026-09-28T00:11:16.902077+00:00,2696.6,100.0,98.31,127.34,740.48,6.146,51.37,49.96,0.455,0.1186,14.1,15.05,1013.74,takeoff,normal,0.0
2026-09-28T00:11:17.902077+00:00,2696.3,100.0,98.24,127.52,744.85,6.161,51.5,49.46,0.444,0.1333,14.09,15.07,1013.75,takeoff,normal,0.0
2026-09-28T00:11:18.902077+00:00,2696.6,99.87,98.37,128.42,748.9,6.161,51.67,49.52,0.435,0.1268,14.22,15.04,1013.78,takeoff,normal,0.0
2026-09-28T00:11:19.902077+00:00,2696.2,100.0,98.78,129.14,751.72,6.198,51.84,49.47,0.436,0.1295,14.2,14.93,1013.78,takeoff,normal,0.0
2026-09-28T00:11:20.902077+00:00,2696.6,100.0,99.23,129.98,757.55,6.197,51.81,49.12,0.447,0.123,14.22,14.87,1013.81,takeoff,normal,0.0
2026-09-28T00:11:21.902077+00:00,2695.7,100.0,99.49,130.94,758.37,6.226,52.01,49.58,0.44,0.1226,14.31,14.79,1013.83,takeoff,normal,0.0
2026-09-28T00:11:22.902077+00:00,2696.5,99.57,99.91,132.23,760.97,6.249,52.14,50.05,0.444,0.1147,14.26,14.74,1013.87,takeoff,normal,0.0
2026-09-28T00:11:23.902077+00:00,2699.3,100.0,99.46,132.74,766.96,6.242,52.6,49.97,0.445,0.1248,14.21,14.73,1013.82,takeoff,normal,0.0
2026-09-28T00:11:24.902077+00:00,2699.2,99.97,99.35,132.96,769.27,6.228,52.89,50.12,0.439,0.1157,14.19,14.69,1013.93,takeoff,normal,0.0
2026-09-28T00:11:25.902077+00:00,2695.0,100.0,99.09,133.45,773.63,6.25,53.49,49.72,0.428,0.1176,14.27,14.65,1013.88,takeoff,normal,0.0
2026-09-28T00:11:26.902077+00:00,2694.5,100.0,99.52,133.49,775.36,6.225,53.49,49.45,0.444,0.1197,14.21,14.73,1013.82,takeoff,normal,0.0
2026-09-28T00:11:27.902077+00:00,2700.3,100.0,99.38,133.35,777.83,6.189,53.87,49.14,0.446,0.1282,14.12,14.72,1013.8,takeoff,normal,0.0
2026-09-28T00:11:28.902077+00:00,2701.5,100.0,99.81,134.45,780.61,6.153,54.12,49.62,0.441,0.1384,14.12,14.76,1013.71,takeoff,normal,0.0
2026-09-28T00:11:29.902077+00:00,2699.6,100.0,99.39,135.74,785.4,6.154,54.0,49.53,0.45,0.148,14.18,14.78,1013.6,takeoff,normal,0.0
2026-09-28T00:11:30.902077+00:00,2701.2,100.0,99.31,136.85,788.54,6.142,54.02,49.48,0.45,0.1442,14.17,14.83,1013.57,takeoff,normal,0.0
2026-09-28T00:11:31.902077+00:00,2703.4,100.0,99.8,137.1,789.73,6.138,54.36,49.73,0.451,0.1409,14.19,14.84,1013.62,takeoff,normal,0.0
2026-09-28T00:11:32.902077+00:00,2707.8,99.75,99.69,137.27,793.69,6.126,54.65,49.7,0.455,0.1344,14.17,14.81,1013.59,takeoff,normal,0.0
2026-09-28T00:11:33.902077+00:00,2703.8,100.0,100.0,137.63,797.18,6.108,55.16,49.67,0.457,0.1332,14.15,14.71,1013.52,takeoff,normal,0.0
2026-09-28T00:11:34.902077+00:00,2699.0,99.96,100.0,137.93,798.88,6.159,55.33,49.75,0.453,0.1316,14.15,14.71,1013.51,takeoff,normal,0.0
2026-09-28T00:11:35.902077+00:00,2696.4,99.69,99.4,138.25,803.76,6.135,55.45,49.66,0.448,0.1327,14.14,14.72,1013.48,takeoff,normal,0.0
2026-09-28T00:11:36.902077+00:00,2695.8,99.78,99.48,139.24,806.56,6.132,55.86,49.74,0.442,0.1322,14.2,14.73,1013.51,takeoff,normal,0.0
2026-09-28T00:11:37.902077+00:00,2701.2,99.76,99.38,140.14,809.55,6.12,56.03,49.73,0.452,0.1368,14.2,14.69,1013.49,takeoff,normal,0.0
2026-09-28T00:11:38.902077+00:00,2701.2,99.72,99.26,141.24,813.86,6.179,56.35,49.83,0.448,0.1324,14.16,14.67,1013.57,takeoff,normal,0.0
2026-09-28T00:11:39.902077+00:00,2696.5,100.0,99.83,142.03,814.95,6.209,56.31,49.94,0.435,0.1328,14.15,14.72,1013.59,takeoff,normal,0.0
2026-09-28T00:11:40.902077+00:00,2696.3,99.97,100.0,141.94,817.22,6.189,56.62,50.0,0.433,0.1218,14.19,14.67,1013.61,climb,normal,0.0
2026-09-28T00:11:41.902077+00:00,2696.1,99.76,100.0,142.25,815.67,6.139,56.83,49.49,0.429,0.1206,14.15,14.68,1013.58,climb,normal,0.0
2026-09-28T00:11:42.902077+00:00,2691.8,99.0,99.6,142.37,818.34,6.145,56.84,49.58,0.433,0.1195,14.22,14.69,1013.59,climb,normal,0.0
2026-09-28T00:11:43.902077+00:00,2687.6,98.32,99.33,142.94,822.28,6.15,56.93,49.26,0.444,0.1102,14.25,14.69,1013.56,climb,normal,0.0
2026-09-28T00:11:44.902077+00:00,2681.8,98.05,99.07,143.4,825.44,6.122,57.21,49.24,0.439,0.1134,14.18,14.73,1013.54,climb,normal,0.0
2026-09-28T00:11:45.902077+00:00,2673.8,97.19,98.49,143.28,826.49,6.099,57.37,49.27,0.436,0.1101,14.26,14.79,1013.41,climb,normal,0.0
2026-09-28T00:11:46.902077+00:00,2665.4,97.36,98.69,144.23,826.89,6.077,57.48,49.23,0.45,0.111,14.16,14.82,1013.34,climb,normal,0.0
2026-09-28T00:11:47.902077+00:00,2656.9,97.16,97.91,144.74,825.07,6.009,57.45,49.34,0.458,0.1123,14.16,14.88,1013.3,climb,normal,0.0
2026-09-28T00:11:48.902077+00:00,2646.0,97.23,97.21,144.87,826.71,5.961,57.73,48.92,0.444,0.1151,14.28,14.9,1013.19,climb,normal,0.0
2026-09-28T00:11:49.902077+00:00,2637.8,96.46,97.16,144.77,828.5,5.944,57.89,48.75,0.426,0.1141,14.14,14.87,1013.07,climb,normal,0.0
2026-09-28T00:11:50.902077+00:00,2627.4,95.75,97.47,145.15,830.94,5.942,58.02,48.61,0.441,0.1203,14.09,14.82,1013.02,climb,normal,0.0
2026-09-28T00:11:51.902077+00:00,2616.9,95.31,97.74,145.76,828.77,5.949,58.27,48.65,0.437,0.1216,14.09,14.72,1012.89,climb,normal,0.0
2026-09-28T00:11:52.902077+00:00,2610.3,94.74,97.77,146.34,832.21,5.945,58.62,48.35,0.439,0.115,14.12,14.69,1012.84,climb,normal,0.0
2026-09-28T00:11:53.902077+00:00,2601.4,94.78,97.7,147.1,831.97,5.94,58.76,48.52,0.455,0.1196,14.04,14.59,1012.62,climb,normal,0.0
2026-09-28T00:11:54.902077+00:00,2585.7,94.4,96.31,147.1,833.29,5.953,58.9,48.74,0.453,0.1243,14.03,14.59,1012.42,climb,normal,0.0
2026-09-28T00:11:55.902077+00:00,2573.5,93.62,96.04,147.44,831.72,5.961,59.14,49.03,0.456,0.1181,14.03,14.64,1012.27,climb,normal,0.0
2026-09-28T00:11:56.902077+00:00,2565.5,92.59,95.31,147.98,829.1,5.929,59.29,48.69,0.452,0.1236,14.05,14.62,1012.15,climb,normal,0.0
2026-09-28T00:11:57.902077+00:00,2557.7,92.41,93.66,148.96,828.42,5.936,59.14,48.04,0.439,0.1328,14.06,14.59,1012.05,climb,normal,0.0
2026-09-28T00:11:58.902077+00:00,2554.4,91.57,93.93,148.94,825.13,5.909,59.49,47.84,0.445,0.1291,13.98,14.54,1011.87,climb,normal,0.0
2026-09-28T00:11:59.902077+00:00,2547.2,91.08,93.62,149.43,820.51,5.9,59.59,47.34,0.44,0.1387,14.02,14.54,1011.77,climb,normal,0.0
2026-09-28T00:12:00.902077+00:00,2530.0,90.23,93.04,149.87,820.63,5.86,59.56,47.14,0.44,0.1421,14.03,14.49,1011.6,climb,normal,0.0
2026-09-28T00:12:01.902077+00:00,2524.5,89.71,91.93,149.69,818.17,5.875,60.02,47.2,0.451,0.1381,14.09,14.47,1011.34,climb,normal,0.0
2026-09-28T00:12:02.902077+00:00,2510.2,89.46,91.76,150.35,818.12,5.868,59.99,46.91,0.437,0.1236,14.14,14.41,1011.16,climb,normal,0.0
2026-09-28T00:12:03.902077+00:00,2494.9,88.62,91.19,150.28,815.77,5.833,60.26,46.66,0.416,0.1202,14.19,14.39,1010.96,climb,normal,0.0
2026-09-28T00:12:04.902077+00:00,2483.0,88.16,90.91,151.28,817.21,5.896,60.17,46.18,0.412,0.1226,14.18,14.4,1010.72,climb,normal,0.0
2026-09-28T00:12:05.902077+00:00,2478.3,88.01,90.79,152.06,817.86,5.842,60.43,45.83,0.426,0.12,14.24,14.4,1010.56,climb,normal,0.0
2026-09-28T00:12:06.902077+00:00,2467.2,87.35,90.23,153.03,813.17,5.842,60.68,46.01,0.439,0.1159,14.19,14.43,1010.34,climb,normal,0.0
2026-09-28T00:12:07.902077+00:00,2455.7,87.21,89.48,153.03,811.67,5.797,60.87,45.83,0.439,0.1156,14.18,14.37,1010.13,climb,normal,0.0
2026-09-28T00:12:08.902077+00:00,2444.8,86.47,89.37,153.34,810.89,5.774,60.87,46.0,0.437,0.1118,14.12,14.3,1009.87,climb,normal,0.0
2026-09-28T00:12:09.902077+00:00,2432.7,86.17,88.23,153.88,811.62,5.748,60.92,45.91,0.431,0.1232,14.11,14.22,1009.65,climb,normal,0.0
2026-09-28T00:12:10.902077+00:00,2424.1,85.43,88.01,154.24,811.78,5.685,60.99,45.58,0.46,0.1277,14.09,14.26,1009.43,climb,normal,0.0
2026-09-28T00:12:11.902077+00:00,2411.5,85.68,87.53,154.31,808.66,5.615,60.96,45.05,0.448,0.1326,14.08,14.22,1009.15,climb,normal,0.0
2026-09-28T00:12:12.902077+00:00,2412.1,85.05,87.28,154.78,809.73,5.608,61.2,44.96,0.432,0.1377,14.13,14.17,1008.85,climb,normal,0.0
2026-09-28T00:12:13.902077+00:00,2409.6,85.18,87.19,155.09,807.82,5.608,61.52,44.9,0.445,0.1423,14.15,14.17,1008.6,climb,normal,0.0
2026-09-28T00:12:14.902077+00:00,2406.6,85.32,87.55,155.45,805.6,5.624,61.56,44.87,0.461,0.1379,14.2,14.11,1008.29,climb,normal,0.0
2026-09-28T00:12:15.902077+00:00,2399.2,85.69,86.95,155.66,802.38,5.618,61.5,44.68,0.46,0.1379,14.21,14.08,1008.0,climb,normal,0.0
2026-09-28T00:12:16.902077+00:00,2394.9,85.65,86.68,155.85,801.56,5.626,61.46,44.65,0.458,0.1407,14.24,14.12,1007.75,climb,normal,0.0
2026-09-28T00:12:17.902077+00:00,2395.1,84.83,86.53,156.2,803.82,5.578,61.63,44.17,0.44,0.1377,14.14,14.11,1007.53,climb,normal,0.0
2026-09-28T00:12:18.902077+00:00,2395.4,85.03,86.62,156.18,803.59,5.576,61.98,43.86,0.438,0.1351,14.1,14.12,1007.21,climb,normal,0.0
2026-09-28T00:12:19.902077+00:00,2393.6,84.64,87.1,156.1,803.21,5.609,62.08,43.96,0.426,0.1339,14.06,14.18,1006.91,climb,normal,0.0
2026-09-28T00:12:20.902077+00:00,2396.2,84.52,86.56,155.58,800.03,5.549,62.0,44.06,0.432,0.135,14.05,14.13,1006.68,climb,normal,0.0
2026-09-28T00:12:21.902077+00:00,2391.0,84.87,86.29,156.03,799.34,5.526,62.28,44.13,0.435,0.1338,14.09,14.09,1006.38,climb,normal,0.0
2026-09-28T00:12:22.902077+00:00,2397.0,84.27,86.69,156.05,796.8,5.538,62.28,44.37,0.437,0.1268,14.17,14.06,1006.01,climb,normal,0.0
2026-09-28T00:12:23.902077+00:00,2393.9,84.64,86.35,157.05,801.34,5.505,62.44,44.02,0.444,0.1159,14.16,14.07,1005.7,climb,normal,0.0
2026-09-28T00:12:24.902077+00:00,2394.1,84.9,86.46,157.23,798.99,5.541,62.51,43.87,0.439,0.1229,14.17,14.1,1005.36,climb,normal,0.0
2026-09-28T00:12:25.902077+00:00,2391.8,85.01,85.72,156.93,796.19,5.526,62.82,43.83,0.42,0.1288,14.15,13.97,1005.1,climb,normal,0.0
2026-09-28T00:12:26.902077+00:00,2392.9,84.62,86.23,157.15,795.28,5.556,63.08,43.76,0.444,0.128,14.15,14.03,1004.8,climb,normal,0.0
2026-09-28T00:12:27.902077+00:00,2390.2,84.9,86.09,157.65,793.18,5.529,63.42,43.95,0.433,0.1297,14.23,14.07,1004.43,climb,normal,0.0
2026-09-28T00:12:28.902077+00:00,2389.3,85.08,86.67,158.46,790.98,5.484,63.35,43.74,0.43,0.1275,14.14,14.04,1004.07,climb,normal,0.0
2026-09-28T00:12:29.902077+00:00,2381.3,85.1,86.41,158.98,789.33,5.521,63.51,44.12,0.437,0.1188,14.15,13.97,1003.59,climb,normal,0.0
2026-09-28T00:12:30.902077+00:00,2383.7,84.76,85.51,159.36,789.72,5.49,63.64,43.85,0.429,0.116,14.12,14.03,1003.24,climb,normal,0.0
2026-09-28T00:12:31.902077+00:00,2381.6,84.79,86.05,159.04,791.68,5.505,63.75,43.99,0.44,0.1171,14.15,14.07,1002.91,climb,normal,0.0
2026-09-28T00:12:32.902077+00:00,2386.2,84.84,86.28,159.86,791.83,5.559,64.03,43.93,0.421,0.1167,14.16,14.13,1002.66,climb,normal,0.0
2026-09-28T00:12:33.902077+00:00,2384.0,84.66,86.24,159.53,791.34,5.552,64.02,43.73,0.435,0.1215,14.14,14.16,1002.39,climb,normal,0.0
2026-09-28T00:12:34.902077+00:00,2386.1,84.94,85.86,159.56,790.71,5.523,64.01,43.5,0.433,0.1087,14.12,14.17,1002.1,climb,normal,0.0
2026-09-28T00:12:35.902077+00:00,2386.4,85.13,86.24,159.09,788.17,5.522,64.21,43.61,0.441,0.1096,14.16,14.23,1001.69,climb,normal,0.0
2026-09-28T00:12:36.902077+00:00,2385.8,84.93,86.4,159.24,787.65,5.507,64.37,43.4,0.452,0.1081,14.19,14.17,1001.38,climb,normal,0.0
2026-09-28T00:12:37.902077+00:00,2388.2,85.05,86.19,159.49,786.1,5.519,64.48,43.27,0.427,0.1087,14.21,14.11,1001.06,climb,normal,0.0
2026-09-28T00:12:38.902077+00:00,2393.2,84.94,86.2,159.45,780.08,5.49,64.66,43.38,0.405,0.1162,14.19,14.16,1000.69,climb,normal,0.0
2026-09-28T00:12:39.902077+00:00,2389.6,84.79,85.84,159.54,781.36,5.475,64.52,43.27,0.419,0.1166,14.22,14.09,1000.24,climb,normal,0.0
2026-09-28T00:12:40.902077+00:00,2390.3,85.42,86.65,159.31,780.79,5.453,64.64,43.55,0.425,0.118,14.17,14.07,999.86,climb,normal,0.0
2026-09-28T00:12:41.902077+00:00,2388.0,85.48,86.62,159.52,782.6,5.508,64.78,43.97,0.418,0.1165,14.12,14.12,999.44,climb,normal,0.0
2026-09-28T00:12:42.902077+00:00,2383.5,85.26,85.92,159.32,781.67,5.502,65.11,43.92,0.435,0.1194,14.14,14.12,999.09,climb,normal,0.0
2026-09-28T00:12:43.902077+00:00,2384.9,85.29,86.17,159.37,782.68,5.394,65.39,43.54,0.438,0.114,14.23,14.06,998.73,climb,normal,0.0
2026-09-28T00:12:44.902077+00:00,2386.3,85.27,86.36,158.98,782.72,5.41,65.44,43.48,0.437,0.1087,14.21,14.01,998.34,climb,normal,0.0
2026-09-28T00:12:45.902077+00:00,2382.7,85.09,86.15,159.08,783.86,5.412,65.52,43.79,0.431,0.1106,14.26,13.97,997.87,climb,normal,0.0
2026-09-28T00:12:46.902077+00:00,2390.8,85.25,85.84,159.52,783.06,5.423,65.71,43.71,0.449,0.1151,14.17,14.01,997.52,climb,normal,0.0
2026-09-28T00:12:47.902077+00:00,2390.3,85.21,85.08,160.31,782.23,5.447,66.03,43.49,0.425,0.1191,14.19,14.01,997.03,climb,normal,0.0
2026-09-28T00:12:48.902077+00:00,2390.2,85.66,85.11,160.17,784.33,5.418,66.38,43.45,0.424,0.1282,14.19,13.96,996.63,climb,normal,0.0
2026-09-28T00:12:49.902077+00:00,2387.9,85.58,84.98,160.6,783.94,5.447,66.46,43.39,0.428,0.1229,14.14,14.03,996.28,climb,normal,0.0
2026-09-28T00:12:50.902077+00:00,2389.4,85.37,84.83,160.39,781.2,5.411,66.69,43.33,0.423,0.119,14.13,14.01,995.94,climb,normal,0.0
2026-09-28T00:12:51.902077+00:00,2389.0,85.11,84.75,160.42,780.51,5.395,66.54,43.14,0.417,0.1178,14.1,13.97,995.55,climb,normal,0.0
2026-09-28T00:12:52.902077+00:00,2392.8,84.8,84.95,160.53,780.04,5.342,66.6,43.0,0.415,0.1211,14.09,13.96,995.19,climb,normal,0.0
2026-09-28T00:12:53.902077+00:00,2392.7,84.34,84.53,161.26,781.11,5.36,66.61,42.86,0.421,0.1183,14.09,13.96,994.89,climb,normal,0.0
2026-09-28T00:12:54.902077+00:00,2389.5,84.6,84.19,160.75,780.82,5.356,66.8,42.97,0.445,0.1366,14.06,13.9,994.5,climb,normal,0.0
2026-09-28T00:12:55.902077+00:00,2386.5,84.85,83.98,160.87,777.16,5.365,66.81,42.97,0.417,0.1332,14.22,13.92,994.07,climb,normal,0.0
2026-09-28T00:12:56.902077+00:00,2388.8,84.63,84.54,161.06,776.08,5.385,67.02,42.96,0.43,0.1225,14.19,13.85,993.61,climb,normal,0.0
2026-09-28T00:12:57.902077+00:00,2383.2,85.15,84.86,160.91,777.53,5.45,67.16,43.19,0.437,0.1306,14.14,13.84,993.15,climb,normal,0.0
2026-09-28T00:12:58.902077+00:00,2380.0,85.0,85.32,160.82,776.06,5.436,67.5,43.21,0.451,0.1322,14.09,13.79,992.66,climb,normal,0.0
2026-09-28T00:12:59.902077+00:00,2377.5,85.45,84.83,161.72,775.79,5.452,67.51,43.44,0.447,0.1341,14.15,13.74,992.18,climb,normal,0.0
2026-09-28T00:13:00.902077+00:00,2381.8,85.29,84.61,161.91,774.73,5.457,67.76,43.4,0.438,0.1307,14.14,13.65,991.76,climb,normal,0.0
2026-09-28T00:13:01.902077+00:00,2379.0,85.25,84.55,161.95,773.13,5.419,67.68,43.3,0.44,0.1296,14.1,13.65,991.26,climb,normal,0.0
2026-09-28T00:13:02.902077+00:00,2381.4,85.27,84.6,162.1,770.69,5.353,68.2,42.83,0.432,0.129,14.2,13.6,990.85,climb,normal,0.0
2026-09-28T00:13:03.902077+00:00,2384.7,85.32,84.82,163.16,768.98,5.326,68.49,43.23,0.433,0.1324,14.22,13.48,990.42,climb,normal,0.0
2026-09-28T00:13:04.902077+00:00,2386.8,85.4,84.25,163.41,770.6,5.385,68.76,43.17,0.431,0.1286,14.22,13.43,989.96,climb,normal,0.0
2026-09-28T00:13:05.902077+00:00,2389.0,85.46,84.53,163.48,774.13,5.344,68.7,43.53,0.434,0.1245,14.17,13.43,989.56,climb,normal,0.0
2026-09-28T00:13:06.902077+00:00,2395.4,84.67,84.75,164.1,769.26,5.385,68.89,43.44,0.425,0.1227,14.15,13.45,989.06,climb,normal,0.0
2026-09-28T00:13:07.902077+00:00,2393.2,84.91,84.69,164.49,766.43,5.351,69.22,43.37,0.426,0.1177,14.13,13.4,988.67,climb,normal,0.0
2026-09-28T00:13:08.902077+00:00,2398.2,85.32,84.37,164.29,766.46,5.414,69.42,43.69,0.436,0.1152,14.11,13.29,988.29,climb,normal,0.0
2026-09-28T00:13:09.902077+00:00,2399.4,85.14,85.12,164.25,766.29,5.417,69.92,43.86,0.454,0.1207,14.1,13.17,987.8,climb,normal,0.0
2026-09-28T00:13:10.902077+00:00,2395.3,84.4,84.99,163.61,764.5,5.355,70.1,43.85,0.464,0.112,14.1,13.21,987.28,climb,normal,0.0
2026-09-28T00:13:11.902077+00:00,2396.2,85.15,85.47,163.83,766.12,5.344,70.13,43.66,0.441,0.1053,14.12,13.12,986.81,climb,normal,0.0
2026-09-28T00:13:12.902077+00:00,2392.5,85.02,85.92,164.15,767.91,5.317,70.24,43.83,0.455,0.1073,14.23,13.13,986.37,climb,normal,0.0
2026-09-28T00:13:13.902077+00:00,2398.5,85.29,85.73,164.23,768.32,5.31,70.32,43.65,0.459,0.1093,14.14,13.11,985.87,climb,normal,0.0
2026-09-28T00:13:14.902077+00:00,2396.2,84.57,86.63,164.76,766.6,5.328,70.39,43.49,0.435,0.1105,14.19,13.0,985.43,climb,normal,0.0
2026-09-28T00:13:15.902077+00:00,2393.4,84.82,86.29,165.4,767.69,5.39,70.66,43.28,0.439,0.1202,14.23,12.93,984.89,climb,normal,0.0
2026-09-28T00:13:16.902077+00:00,2391.4,85.32,85.34,165.22,768.32,5.395,70.91,43.62,0.451,0.1143,14.21,12.89,984.43,climb,normal,0.0
2026-09-28T00:13:17.902077+00:00,2394.1,85.04,85.61,164.41,767.98,5.421,70.89,43.64,0.422,0.1073,14.16,12.91,983.89,climb,normal,0.0
2026-09-28T00:13:18.902077+00:00,2398.7,85.38,85.45,164.16,767.27,5.437,70.92,43.69,0.421,0.1065,14.07,12.86,983.44,climb,normal,0.0
2026-09-28T00:13:19.902077+00:00,2397.0,85.38,85.04,164.19,767.62,5.422,70.92,43.3,0.422,0.0985,14.06,12.82,982.91,climb,normal,0.0
2026-09-28T00:13:20.902077+00:00,2396.5,85.39,85.15,164.08,768.11,5.407,70.98,43.37,0.42,0.0952,14.06,12.84,982.38,climb,normal,0.0
2026-09-28T00:13:21.902077+00:00,2396.1,84.86,84.87,164.13,769.77,5.418,71.03,43.09,0.431,0.0989,14.11,12.84,981.92,climb,normal,0.0
2026-09-28T00:13:22.902077+00:00,2393.0,84.83,85.22,164.72,765.54,5.374,70.8,43.2,0.458,0.0956,14.11,12.8,981.37,climb,normal,0.0
2026-09-28T00:13:23.902077+00:00,2391.4,85.3,85.42,164.33,765.29,5.383,70.79,43.02,0.438,0.1004,14.12,12.78,980.94,climb,normal,0.0
2026-09-28T00:13:24.902077+00:00,2392.3,85.6,84.94,164.68,762.64,5.41,70.8,43.09,0.433,0.1144,14.11,12.82,980.28,climb,normal,0.0
2026-09-28T00:13:25.902077+00:00,2392.2,85.7,84.36,165.09,762.84,5.436,70.82,42.84,0.413,0.118,14.05,12.75,979.79,climb,normal,0.0
2026-09-28T00:13:26.902077+00:00,2392.7,85.0,83.79,165.58,763.51,5.43,70.79,42.63,0.414,0.1174,14.05,12.69,979.38,climb,normal,0.0
2026-09-28T00:13:27.902077+00:00,2394.8,84.51,84.08,165.2,760.62,5.416,70.74,42.36,0.41,0.118,14.0,12.66,979.04,climb,normal,0.0
2026-09-28T00:13:28.902077+00:00,2395.0,84.67,84.35,165.27,760.37,5.43,70.9,42.19,0.429,0.115,14.1,12.64,978.6,climb,normal,0.0
2026-09-28T00:13:29.902077+00:00,2392.5,84.85,84.2,165.93,763.58,5.364,71.14,42.34,0.425,0.1148,14.06,12.59,978.03,climb,normal,0.0
2026-09-28T00:13:30.902077+00:00,2389.0,84.83,84.55,166.32,765.87,5.359,71.28,42.4,0.421,0.1133,14.12,12.54,977.47,climb,normal,0.0
2026-09-28T00:13:31.902077+00:00,2390.6,84.73,84.55,166.45,766.07,5.344,71.23,42.63,0.434,0.1132,14.16,12.57,977.0,climb,normal,0.0
2026-09-28T00:13:32.902077+00:00,2388.7,84.77,84.2,166.67,762.87,5.363,71.35,42.75,0.428,0.1161,14.1,12.52,976.48,climb,normal,0.0
2026-09-28T00:13:33.902077+00:00,2391.9,84.63,83.54,166.57,760.44,5.364,71.68,42.6,0.431,0.1219,14.01,12.47,976.02,climb,normal,0.0
2026-09-28T00:13:34.902077+00:00,2392.7,84.45,83.74,167.5,757.07,5.337,71.54,42.82,0.423,0.1125,14.09,12.41,975.53,climb,normal,0.0
2026-09-28T00:13:35.902077+00:00,2396.0,84.45,84.35,167.47,756.65,5.385,71.84,42.91,0.418,0.1076,14.04,12.44,975.08,climb,normal,0.0
2026-09-28T00:13:36.902077+00:00,2394.6,84.37,83.89,167.85,757.82,5.398,71.74,42.65,0.427,0.1025,14.08,12.29,974.54,climb,normal,0.0
2026-09-28T00:13:37.902077+00:00,2400.3,85.06,83.73,167.27,756.58,5.47,71.98,42.75,0.432,0.1097,14.02,12.24,973.99,climb,normal,0.0
2026-09-28T00:13:38.902077+00:00,2401.0,84.78,84.27,167.09,757.93,5.484,72.06,43.0,0.422,0.1167,14.08,12.27,973.4,climb,normal,0.0
2026-09-28T00:13:39.902077+00:00,2397.5,85.29,84.12,167.59,757.84,5.474,72.16,43.16,0.426,0.1208,14.13,12.23,972.95,climb,normal,0.0
2026-09-28T00:13:40.902077+00:00,2399.2,84.92,84.6,167.11,758.37,5.443,72.47,43.24,0.421,0.1246,14.07,12.23,972.4,climb,normal,0.0
2026-09-28T00:13:41.902077+00:00,2395.8,84.83,84.2,167.84,758.44,5.446,72.58,43.46,0.428,0.1174,14.1,12.28,971.92,climb,normal,0.0
2026-09-28T00:13:42.902077+00:00,2395.0,85.02,83.8,167.72,759.47,5.408,72.82,43.18,0.426,0.1209,14.06,12.18,971.44,climb,normal,0.0
2026-09-28T00:13:43.902077+00:00,2395.7,84.77,83.69,168.36,759.04,5.394,72.88,42.73,0.43,0.1268,14.15,12.16,970.89,climb,normal,0.0
2026-09-28T00:13:44.902077+00:00,2394.1,85.72,84.27,168.72,758.88,5.434,72.57,42.92,0.434,0.1206,14.2,12.23,970.43,climb,normal,0.0
2026-09-28T00:13:45.902077+00:00,2394.3,85.53,83.84,169.54,758.0,5.437,72.64,43.16,0.426,0.1194,14.12,12.2,969.92,climb,normal,0.0
2026-09-28T00:13:46.902077+00:00,2395.2,85.63,83.74,169.42,760.08,5.446,72.8,42.89,0.434,0.1231,14.14,12.27,969.41,climb,normal,0.0
2026-09-28T00:13:47.902077+00:00,2396.0,85.34,84.07,169.49,763.17,5.445,72.61,42.99,0.427,0.1255,14.16,12.23,968.82,climb,normal,0.0
2026-09-28T00:13:48.902077+00:00,2394.6,85.37,83.53,169.81,763.68,5.413,72.92,43.12,0.429,0.1215,14.18,12.21,968.27,climb,normal,0.0
2026-09-28T00:13:49.902077+00:00,2392.5,85.49,84.11,169.71,763.68,5.408,73.01,43.24,0.426,0.1145,14.06,12.13,967.71,climb,normal,0.0
2026-09-28T00:13:50.902077+00:00,2391.7,85.26,84.74,169.44,762.87,5.441,73.19,43.38,0.415,0.1221,14.08,12.16,967.19,climb,normal,0.0
2026-09-28T00:13:51.902077+00:00,2390.2,84.67,84.82,169.21,759.58,5.434,73.33,43.49,0.429,0.1227,14.14,12.2,966.7,climb,normal,0.0
2026-09-28T00:13:52.902077+00:00,2391.3,84.82,85.0,169.16,759.56,5.436,73.33,43.34,0.418,0.1115,14.03,12.12,966.12,climb,normal,0.0
2026-09-28T00:13:53.902077+00:00,2395.3,84.58,84.32,169.56,758.89,5.459,73.11,43.25,0.415,0.1143,14.08,12.15,965.67,climb,normal,0.0
2026-09-28T00:13:54.902077+00:00,2391.8,84.79,83.64,169.84,761.31,5.464,73.09,43.29,0.433,0.1234,14.12,12.16,965.15,climb,normal,0.0
2026-09-28T00:13:55.902077+00:00,2396.0,85.3,83.56,169.15,762.54,5.487,73.29,43.36,0.427,0.1218,14.2,12.15,964.6,climb,normal,0.0
2026-09-28T00:13:56.902077+00:00,2393.0,85.5,84.04,168.69,762.95,5.546,73.18,43.22,0.434,0.1152,14.08,12.07,964.1,climb,normal,0.0
2026-09-28T00:13:57.902077+00:00,2390.0,85.02,83.85,167.81,761.65,5.534,73.4,43.11,0.419,0.1168,14.12,12.08,963.6,climb,normal,0.0
2026-09-28T00:13:58.902077+00:00,2391.9,84.87,84.21,168.23,761.49,5.526,73.39,43.35,0.415,0.1135,14.18,12.03,963.05,climb,normal,0.0
2026-09-28T00:13:59.902077+00:00,2390.7,85.06,84.0,169.02,762.6,5.505,73.54,43.3,0.408,0.106,14.2,11.95,962.55,climb,normal,0.0
2026-09-28T00:14:00.902077+00:00,2389.9,85.16,83.61,168.76,762.88,5.48,73.58,43.01,0.419,0.1102,14.15,11.95,962.04,climb,normal,0.0
2026-09-28T00:14:01.902077+00:00,2388.7,85.59,83.95,168.96,761.35,5.433,73.71,43.16,0.398,0.1096,14.11,11.88,961.57,climb,normal,0.0
2026-09-28T00:14:02.902077+00:00,2388.9,85.75,83.62,168.88,761.96,5.385,73.83,43.16,0.402,0.1094,14.14,11.88,960.97,climb,normal,0.0
2026-09-28T00:14:03.902077+00:00,2394.4,85.42,83.68,169.25,761.8,5.409,74.09,43.18,0.407,0.1149,14.06,11.79,960.51,climb,normal,0.0
2026-09-28T00:14:04.902077+00:00,2392.1,85.18,83.53,169.29,762.55,5.445,74.31,42.92,0.419,0.1104,14.12,11.67,960.06,climb,normal,0.0
2026-09-28T00:14:05.902077+00:00,2394.9,85.12,83.0,169.52,765.5,5.415,74.31,42.89,0.441,0.1058,14.01,11.67,959.54,climb,normal,0.0
2026-09-28T00:14:06.902077+00:00,2394.7,84.89,82.74,169.77,766.01,5.459,74.14,42.79,0.444,0.1067,14.07,11.62,958.99,climb,normal,0.0
2026-09-28T00:14:07.902077+00:00,2398.9,84.59,83.06,169.71,763.84,5.422,74.23,42.94,0.449,0.1131,14.06,11.53,958.45,climb,normal,0.0
2026-09-28T00:14:08.902077+00:00,2400.9,84.82,82.72,169.92,765.37,5.363,74.47,42.34,0.444,0.1173,14.08,11.58,958.02,climb,normal,0.0
2026-09-28T00:14:09.902077+00:00,2402.8,84.79,83.55,169.46,762.81,5.339,74.4,42.66,0.463,0.1194,14.08,11.56,957.44,climb,normal,0.0
2026-09-28T00:14:10.902077+00:00,2397.8,85.09,83.39,168.92,762.51,5.294,74.6,42.42,0.447,0.1176,14.1,11.56,956.88,climb,normal,0.0
2026-09-28T00:14:11.902077+00:00,2397.5,85.04,83.45,168.33,762.66,5.282,74.74,42.48,0.454,0.1277,14.12,11.55,956.42,climb,normal,0.0
2026-09-28T00:14:12.902077+00:00,2395.9,85.18,83.19,169.03,764.36,5.334,74.61,42.5,0.449,0.1142,14.06,11.58,955.92,climb,normal,0.0
2026-09-28T00:14:13.902077+00:00,2392.8,85.4,83.61,169.09,764.45,5.354,74.56,42.77,0.438,0.1182,14.0,11.48,955.49,climb,normal,0.0
2026-09-28T00:14:14.902077+00:00,2395.8,85.79,83.77,169.07,762.27,5.348,74.78,42.84,0.433,0.1177,14.04,11.52,954.94,climb,normal,0.0
2026-09-28T00:14:15.902077+00:00,2397.3,85.28,83.44,169.45,761.62,5.335,74.84,42.66,0.439,0.116,14.03,11.53,954.47,climb,normal,0.0
2026-09-28T00:14:16.902077+00:00,2397.3,85.42,83.2,169.11,760.56,5.367,75.11,42.14,0.445,0.1034,14.16,11.56,954.0,climb,normal,0.0
2026-09-28T00:14:17.902077+00:00,2395.0,85.51,83.2,169.12,763.33,5.372,74.86,41.95,0.439,0.1022,14.29,11.51,953.49,climb,normal,0.0
2026-09-28T00:14:18.902077+00:00,2394.1,85.16,83.92,169.54,763.63,5.354,75.29,42.02,0.429,0.1126,14.22,11.46,952.93,climb,normal,0.0
2026-09-28T00:14:19.902077+00:00,2391.8,85.45,84.25,169.8,764.83,5.367,74.95,42.28,0.427,0.11,14.25,11.44,952.45,climb,normal,0.0
2026-09-28T00:14:20.902077+00:00,2397.9,85.62,83.79,169.35,765.33,5.396,75.11,42.44,0.435,0.1151,14.25,11.51,951.9,climb,normal,0.0
2026-09-28T00:14:21.902077+00:00,2399.2,85.73,83.64,169.17,769.2,5.415,75.02,42.63,0.443,0.1158,14.22,11.52,951.34,climb,normal,0.0
2026-09-28T00:14:22.902077+00:00,2389.6,85.38,84.54,168.9,767.82,5.348,75.05,42.58,0.425,0.1198,14.19,11.45,950.82,climb,normal,0.0
2026-09-28T00:14:23.902077+00:00,2392.7,84.59,83.61,169.12,767.66,5.323,74.98,42.67,0.451,0.1196,14.19,11.47,950.31,climb,normal,0.0
2026-09-28T00:14:24.902077+00:00,2391.9,84.44,83.05,169.73,771.09,5.323,74.93,42.67,0.45,0.115,14.15,11.4,949.77,climb,normal,0.0
2026-09-28T00:14:25.902077+00:00,2387.1,84.83,82.49,170.54,769.94,5.384,74.92,42.72,0.441,0.1185,14.14,11.36,949.23,climb,normal,0.0
2026-09-28T00:14:26.902077+00:00,2387.6,84.79,83.44,171.05,769.29,5.326,74.92,42.91,0.427,0.1226,14.12,11.43,948.59,climb,normal,0.0
2026-09-28T00:14:27.902077+00:00,2390.0,84.39,83.31,171.31,767.14,5.323,74.83,42.81,0.429,0.1209,14.25,11.44,948.15,climb,normal,0.0
2026-09-28T00:14:28.902077+00:00,2387.6,84.8,82.97,171.12,767.65,5.343,74.97,42.67,0.43,0.1128,14.13,11.36,947.64,climb,normal,0.0
2026-09-28T00:14:29.902077+00:00,2386.3,84.64,82.75,171.34,765.92,5.357,75.15,42.63,0.427,0.1165,14.17,11.3,947.04,climb,normal,0.0
2026-09-28T00:14:30.902077+00:00,2390.9,84.2,81.88,171.36,765.39,5.361,75.27,42.15,0.443,0.109,14.15,11.16,946.48,climb,normal,0.0
2026-09-28T00:14:31.902077+00:00,2389.4,84.28,81.88,171.05,764.31,5.366,75.19,42.15,0.436,0.1133,14.18,11.16,945.95,climb,normal,0.0
2026-09-28T00:14:32.902077+00:00,2396.0,84.81,81.42,170.92,765.05,5.418,75.36,42.17,0.445,0.1112,14.16,11.07,945.41,climb,normal,0.0
2026-09-28T00:14:33.902077+00:00,2397.8,85.15,82.31,171.72,764.96,5.47,75.47,42.22,0.446,0.115,14.17,11.0,944.83,climb,normal,0.0
2026-09-28T00:14:34.902077+00:00,2398.8,85.49,82.66,171.85,764.95,5.47,75.35,42.25,0.441,0.1181,14.13,10.98,944.21,climb,normal,0.0
2026-09-28T00:14:35.902077+00:00,2398.8,84.86,82.95,172.58,766.46,5.428,75.75,42.21,0.443,0.1087,14.14,11.06,943.69,climb,normal,0.0
2026-09-28T00:14:36.902077+00:00,2401.3,84.94,82.94,172.95,767.83,5.435,75.7,42.22,0.442,0.1177,14.13,11.06,943.16,climb,normal,0.0
2026-09-28T00:14:37.902077+00:00,2396.6,84.68,83.06,173.09,768.53,5.481,76.08,42.34,0.442,0.1248,14.2,11.02,942.6,climb,normal,0.0
2026-09-28T00:14:38.902077+00:00,2392.0,84.7,82.53,172.95,769.82,5.437,76.11,42.23,0.442,0.1208,14.27,11.02,942.09,climb,normal,0.0
2026-09-28T00:14:39.902077+00:00,2387.7,85.06,82.5,172.48,770.0,5.431,76.24,41.98,0.446,0.1315,14.31,11.16,941.53,climb,normal,0.0
2026-09-28T00:14:40.902077+00:00,2388.6,85.15,83.02,173.08,768.94,5.41,76.17,41.83,0.438,0.1399,14.23,11.0,940.91,climb,normal,0.0
2026-09-28T00:14:41.902077+00:00,2385.4,84.85,83.44,173.39,769.24,5.401,76.02,42.09,0.44,0.1383,14.22,11.0,940.36,climb,normal,0.0
2026-09-28T00:14:42.902077+00:00,2379.8,84.56,83.12,173.55,768.53,5.397,75.81,42.05,0.431,0.129,14.19,11.0,939.88,climb,normal,0.0
2026-09-28T00:14:43.902077+00:00,2385.0,85.01,83.23,173.36,769.0,5.413,75.75,42.42,0.434,0.1306,14.15,10.97,939.25,climb,normal,0.0
2026-09-28T00:14:44.902077+00:00,2383.3,84.91,82.63,172.9,767.11,5.345,75.63,42.41,0.423,0.1283,14.02,10.91,938.72,climb,normal,0.0
2026-09-28T00:14:45.902077+00:00,2383.2,84.97,82.5,173.15,764.72,5.34,75.68,42.47,0.421,0.1312,14.08,10.87,938.2,climb,normal,0.0
2026-09-28T00:14:46.902077+00:00,2387.5,84.81,82.48,173.14,763.41,5.371,75.86,42.39,0.406,0.132,14.01,10.8,937.61,climb,normal,0.0
2026-09-28T00:14:47.902077+00:00,2388.1,84.62,82.57,172.55,761.19,5.395,76.1,42.2,0.427,0.1303,14.0,10.69,937.04,climb,normal,0.0
2026-09-28T00:14:48.902077+00:00,2387.2,84.55,82.61,172.2,760.55,5.419,76.2,42.19,0.432,0.1381,14.13,10.71,936.43,climb,normal,0.0
2026-09-28T00:14:49.902077+00:00,2390.6,85.04,82.5,172.43,757.27,5.461,76.16,41.94,0.437,0.1366,14.18,10.72,935.87,climb,normal,0.0
2026-09-28T00:14:50.902077+00:00,2388.7,84.79,82.66,172.1,758.16,5.44,76.59,41.79,0.447,0.1307,14.11,10.76,935.34,climb,normal,0.0
2026-09-28T00:14:51.902077+00:00,2386.0,84.54,82.54,172.53,760.25,5.455,76.59,41.73,0.458,0.1324,14.14,10.69,934.79,climb,normal,0.0
2026-09-28T00:14:52.902077+00:00,2390.4,84.24,82.44,172.77,759.86,5.4,76.92,41.89,0.435,0.1335,14.17,10.61,934.23,climb,normal,0.0
2026-09-28T00:14:53.902077+00:00,2392.4,84.58,82.92,173.29,758.97,5.4,77.26,42.25,0.441,0.1396,14.09,10.51,933.74,climb,normal,0.0
2026-09-28T00:14:54.902077+00:00,2394.0,84.51,82.68,173.5,758.14,5.337,76.96,42.18,0.46,0.1317,14.1,10.56,933.18,climb,normal,0.0
2026-09-28T00:14:55.902077+00:00,2393.7,85.33,82.32,173.55,756.24,5.35,76.94,42.38,0.473,0.1253,14.13,10.48,932.6,climb,normal,0.0
2026-09-28T00:14:56.902077+00:00,2391.6,84.9,81.75,172.66,759.17,5.321,76.74,42.46,0.458,0.1231,14.21,10.43,932.12,climb,normal,0.0
2026-09-28T00:14:57.902077+00:00,2394.2,84.86,81.47,172.39,757.91,5.321,76.93,42.27,0.443,0.1304,14.12,10.37,931.6,climb,normal,0.0
2026-09-28T00:14:58.902077+00:00,2398.1,84.41,81.61,172.19,758.34,5.367,77.28,41.97,0.452,0.1214,14.12,10.34,931.08,climb,normal,0.0
2026-09-28T00:14:59.902077+00:00,2400.6,84.69,82.02,172.09,753.8,5.317,77.44,41.88,0.433,0.1162,14.18,10.29,930.47,climb,normal,0.0
2026-09-28T00:15:00.902077+00:00,2394.3,85.0,81.47,171.63,754.69,5.306,77.6,41.69,0.438,0.1186,14.04,10.33,929.96,climb,normal,0.0
2026-09-28T00:15:01.902077+00:00,2396.3,84.92,81.2,171.05,754.57,5.362,77.63,41.82,0.42,0.1207,14.12,10.23,929.44,climb,normal,0.0
2026-09-28T00:15:02.902077+00:00,2401.1,85.21,81.92,170.85,751.15,5.383,77.44,41.81,0.424,0.117,14.09,10.22,929.02,climb,normal,0.0
2026-09-28T00:15:03.902077+00:00,2399.1,85.31,82.36,170.1,752.84,5.394,77.27,42.11,0.438,0.1219,14.2,10.28,928.54,climb,normal,0.0
2026-09-28T00:15:04.902077+00:00,2395.2,85.24,82.54,170.18,751.79,5.374,77.17,42.18,0.434,0.126,14.11,10.29,927.95,climb,normal,0.0
2026-09-28T00:15:05.902077+00:00,2391.5,84.7,82.49,170.05,748.84,5.325,77.16,42.15,0.426,0.1266,14.13,10.26,927.45,climb,normal,0.0
2026-09-28T00:15:06.902077+00:00,2393.6,84.71,81.64,169.74,750.16,5.313,77.24,41.92,0.421,0.1289,14.2,10.35,926.86,climb,normal,0.0
2026-09-28T00:15:07.902077+00:00,2391.3,84.75,81.43,169.62,752.12,5.332,77.33,41.94,0.427,0.135,14.12,10.31,926.34,climb,normal,0.0
2026-09-28T00:15:08.902077+00:00,2384.7,84.84,81.38,170.04,753.09,5.385,77.29,41.84,0.441,0.1417,14.08,10.21,925.75,climb,normal,0.0
2026-09-28T00:15:09.902077+00:00,2388.1,84.45,81.92,168.92,755.33,5.375,77.38,41.65,0.45,0.1307,14.11,10.19,925.21,climb,normal,0.0
2026-09-28T00:15:10.902077+00:00,2384.1,85.01,82.01,169.42,754.34,5.334,77.73,41.59,0.455,0.1274,14.07,10.18,924.65,climb,normal,0.0
2026-09-28T00:15:11.902077+00:00,2390.5,84.87,81.92,169.34,752.16,5.298,77.47,41.73,0.441,0.1358,14.14,10.05,924.19,climb,normal,0.0
2026-09-28T00:15:12.902077+00:00,2388.2,84.74,81.18,168.6,750.24,5.299,77.72,41.17,0.432,0.1311,14.21,10.15,923.65,climb,normal,0.0
2026-09-28T00:15:13.902077+00:00,2388.7,84.97,81.5,169.14,754.63,5.298,77.81,41.38,0.427,0.1299,14.16,10.17,923.08,climb,normal,0.0
2026-09-28T00:15:14.902077+00:00,2385.1,84.99,81.22,169.79,756.08,5.322,78.01,41.22,0.409,0.1288,14.09,10.05,922.58,climb,normal,0.0
2026-09-28T00:15:15.902077+00:00,2382.3,85.05,81.4,170.22,755.95,5.329,77.95,41.29,0.413,0.1186,14.11,9.95,922.0,climb,normal,0.0
2026-09-28T00:15:16.902077+00:00,2384.2,84.79,81.91,170.92,756.81,5.328,77.84,41.51,0.423,0.1196,14.16,9.89,921.46,climb,normal,0.0
2026-09-28T00:15:17.902077+00:00,2389.7,85.07,81.9,170.79,756.29,5.315,77.83,41.69,0.436,0.1302,14.21,9.84,920.93,climb,normal,0.0
2026-09-28T00:15:18.902077+00:00,2394.1,84.92,82.5,170.7,756.45,5.322,77.96,41.54,0.438,0.1262,14.19,9.78,920.36,climb,normal,0.0
2026-09-28T00:15:19.902077+00:00,2395.1,84.95,81.38,170.39,754.45,5.273,77.7,41.37,0.448,0.1228,14.13,9.76,919.91,climb,normal,0.0
2026-09-28T00:15:20.902077+00:00,2396.0,84.92,81.5,170.25,752.23,5.251,77.56,41.57,0.444,0.1184,14.12,9.86,919.39,climb,normal,0.0
2026-09-28T00:15:21.902077+00:00,2394.6,85.27,80.48,169.54,752.3,5.26,77.52,41.13,0.431,0.1193,14.13,9.85,918.81,climb,normal,0.0
2026-09-28T00:15:22.902077+00:00,2390.7,84.84,80.32,169.49,749.31,5.242,77.57,40.98,0.424,0.1093,14.06,9.81,918.21,climb,normal,0.0
2026-09-28T00:15:23.902077+00:00,2388.0,84.94,80.26,169.1,749.15,5.25,77.74,41.01,0.425,0.1102,14.12,9.8,917.71,climb,normal,0.0
2026-09-28T00:15:24.902077+00:00,2390.8,84.84,80.78,168.69,749.86,5.25,77.87,40.61,0.436,0.104,14.12,9.72,917.23,climb,normal,0.0
2026-09-28T00:15:25.902077+00:00,2393.0,84.37,80.15,168.95,750.21,5.26,77.85,40.19,0.451,0.1054,14.16,9.66,916.69,climb,normal,0.0
2026-09-28T00:15:26.902077+00:00,2393.0,84.67,80.42,168.96,751.61,5.265,77.95,40.41,0.445,0.1125,14.13,9.68,916.23,climb,normal,0.0
2026-09-28T00:15:27.902077+00:00,2398.8,85.04,80.17,168.73,748.17,5.268,78.13,40.23,0.445,0.1159,14.16,9.67,915.67,climb,normal,0.0
2026-09-28T00:15:28.902077+00:00,2394.0,84.62,79.78,168.21,748.54,5.275,78.12,40.63,0.424,0.1162,14.21,9.66,915.14,climb,normal,0.0
2026-09-28T00:15:29.902077+00:00,2392.9,85.02,80.46,168.31,751.7,5.319,78.06,40.96,0.433,0.1169,14.15,9.58,914.53,climb,normal,0.0
2026-09-28T00:15:30.902077+00:00,2391.3,84.93,80.22,168.6,747.22,5.332,78.17,40.82,0.438,0.1179,14.24,9.56,914.08,climb,normal,0.0
2026-09-28T00:15:31.902077+00:00,2392.8,84.99,80.54,168.71,743.9,5.285,78.0,41.2,0.441,0.1162,14.15,9.66,913.54,climb,normal,0.0
2026-09-28T00:15:32.902077+00:00,2392.4,84.74,80.54,167.91,745.29,5.23,78.04,41.13,0.435,0.1105,14.17,9.58,912.99,climb,normal,0.0
2026-09-28T00:15:33.902077+00:00,2393.5,85.21,80.27,168.1,746.52,5.258,78.21,41.08,0.418,0.1252,14.27,9.44,912.46,climb,normal,0.0
2026-09-28T00:15:34.902077+00:00,2394.5,85.1,81.15,168.31,745.06,5.283,78.18,40.88,0.429,0.1239,14.28,9.41,911.89,climb,normal,0.0
2026-09-28T00:15:35.902077+00:00,2392.1,85.17,81.31,168.35,742.77,5.288,78.49,41.34,0.429,0.1297,14.2,9.4,911.38,climb,normal,0.0
2026-09-28T00:15:36.902077+00:00,2391.4,84.71,80.8,167.87,741.15,5.279,78.51,41.58,0.435,0.1228,14.25,9.38,910.77,climb,normal,0.0
2026-09-28T00:15:37.902077+00:00,2392.2,85.09,80.86,167.62,742.91,5.272,78.39,41.4,0.439,0.1158,14.23,9.38,910.18,climb,normal,0.0
2026-09-28T00:15:38.902077+00:00,2394.8,84.41,81.15,168.16,745.02,5.296,78.6,41.36,0.439,0.1231,14.2,9.36,909.62,climb,normal,0.0
2026-09-28T00:15:39.902077+00:00,2389.3,83.92,81.16,168.47,745.16,5.371,78.31,41.33,0.448,0.1233,14.16,9.29,909.13,climb,normal,0.0
2026-09-28T00:15:40.902077+00:00,2389.5,84.27,80.66,168.56,742.54,5.331,78.59,41.45,0.422,0.1174,14.17,9.28,908.68,climb,normal,0.0
2026-09-28T00:15:41.902077+00:00,2389.4,84.22,80.6,167.87,743.63,5.381,78.5,41.29,0.417,0.1183,14.22,9.18,908.09,climb,normal,0.0
2026-09-28T00:15:42.902077+00:00,2388.1,83.8,80.22,167.44,744.2,5.359,78.31,41.2,0.417,0.1171,14.15,9.09,907.47,climb,normal,0.0
2026-09-28T00:15:43.902077+00:00,2392.8,84.0,80.0,167.75,743.31,5.363,78.6,41.15,0.439,0.1224,14.12,9.11,906.95,climb,normal,0.0
2026-09-28T00:15:44.902077+00:00,2388.9,84.54,79.67,167.99,743.97,5.358,78.53,41.17,0.442,0.1239,14.15,9.08,906.41,climb,normal,0.0
2026-09-28T00:15:45.902077+00:00,2391.9,84.9,79.65,168.2,743.61,5.372,78.46,40.92,0.443,0.115,14.22,9.06,905.84,climb,normal,0.0
2026-09-28T00:15:46.902077+00:00,2393.4,85.09,79.75,168.4,745.24,5.339,78.56,41.04,0.433,0.1182,14.23,8.95,905.31,climb,normal,0.0
2026-09-28T00:15:47.902077+00:00,2397.6,84.9,79.6,168.32,745.14,5.326,78.52,41.17,0.431,0.1288,14.2,8.98,904.78,climb,normal,0.0
2026-09-28T00:15:48.902077+00:00,2395.7,84.63,79.93,168.1,744.73,5.362,78.55,41.02,0.416,0.1204,14.15,9.0,904.24,climb,normal,0.0
2026-09-28T00:15:49.902077+00:00,2392.3,84.97,79.53,168.05,746.08,5.37,78.64,40.8,0.42,0.1127,14.18,8.96,903.7,climb,normal,0.0
2026-09-28T00:15:50.902077+00:00,2391.7,85.23,79.52,168.2,747.27,5.326,78.65,40.86,0.44,0.1148,14.17,8.92,903.25,climb,normal,0.0
2026-09-28T00:15:51.902077+00:00,2385.5,85.13,79.37,168.31,744.07,5.285,78.73,40.87,0.438,0.1199,14.1,8.84,902.77,climb,normal,0.0
2026-09-28T00:15:52.902077+00:00,2384.5,84.95,79.67,167.76,745.8,5.322,78.77,40.78,0.436,0.1209,14.09,8.79,902.26,climb,normal,0.0
2026-09-28T00:15:53.902077+00:00,2385.5,85.63,79.65,167.45,745.28,5.388,78.74,40.76,0.428,0.1243,14.2,8.73,901.71,climb,normal,0.0
2026-09-28T00:15:54.902077+00:00,2390.7,84.9,79.23,167.28,743.93,5.387,78.74,40.78,0.429,0.1311,14.19,8.62,901.15,climb,normal,0.0
2026-09-28T00:15:55.902077+00:00,2391.5,85.3,79.1,167.33,745.85,5.399,78.43,40.43,0.412,0.1423,14.22,8.45,900.59,climb,normal,0.0
2026-09-28T00:15:56.902077+00:00,2395.8,84.29,79.33,166.57,745.41,5.362,78.58,40.61,0.427,0.1382,14.26,8.37,900.07,climb,normal,0.0
2026-09-28T00:15:57.902077+00:00,2399.9,84.76,79.68,166.83,746.31,5.352,78.56,40.32,0.432,0.1278,14.19,8.34,899.56,climb,normal,0.0
2026-09-28T00:15:58.902077+00:00,2400.2,84.74,79.42,167.52,748.87,5.316,78.49,40.21,0.423,0.1206,14.2,8.3,899.04,climb,normal,0.0
2026-09-28T00:15:59.902077+00:00,2401.0,84.9,80.26,167.27,748.86,5.316,78.48,40.35,0.416,0.1188,14.23,8.26,898.58,climb,normal,0.0
2026-09-28T00:16:00.902077+00:00,2402.0,85.35,79.77,167.82,750.16,5.287,78.37,40.9,0.425,0.1124,14.19,8.22,898.04,climb,normal,0.0
2026-09-28T00:16:01.902077+00:00,2403.1,85.39,80.44,167.69,748.36,5.325,78.18,40.85,0.431,0.1143,14.17,8.23,897.52,climb,normal,0.0
2026-09-28T00:16:02.902077+00:00,2403.7,85.11,80.41,167.54,747.15,5.33,78.34,40.96,0.419,0.1106,14.22,8.16,897.08,climb,normal,0.0
2026-09-28T00:16:03.902077+00:00,2404.3,85.19,81.19,167.7,745.07,5.297,78.26,41.39,0.423,0.1084,14.26,8.15,896.57,climb,normal,0.0
2026-09-28T00:16:04.902077+00:00,2400.7,85.52,81.24,167.85,746.3,5.314,78.29,41.72,0.428,0.1202,14.27,8.04,896.06,climb,normal,0.0
2026-09-28T00:16:05.902077+00:00,2398.8,85.24,81.05,168.12,746.2,5.341,78.3,41.36,0.422,0.1215,14.24,8.15,895.51,climb,normal,0.0
2026-09-28T00:16:06.902077+00:00,2399.1,85.2,80.82,168.26,748.27,5.39,78.05,41.4,0.413,0.1284,14.31,8.08,895.02,climb,normal,0.0
2026-09-28T00:16:07.902077+00:00,2396.9,85.58,80.28,169.15,747.63,5.376,78.12,41.6,0.439,0.1278,14.23,7.98,894.61,climb,normal,0.0
2026-09-28T00:16:08.902077+00:00,2398.0,85.14,80.01,169.03,743.56,5.369,78.09,41.49,0.443,0.1146,14.29,7.96,894.08,climb,normal,0.0
2026-09-28T00:16:09.902077+00:00,2398.3,84.45,79.75,168.42,742.88,5.339,78.01,41.09,0.439,0.1129,14.29,7.96,893.53,climb,normal,0.0
2026-09-28T00:16:10.902077+00:00,2392.5,84.5,79.58,168.42,742.63,5.361,78.14,40.86,0.429,0.1258,14.15,7.83,893.05,climb,normal,0.0
2026-09-28T00:16:11.902077+00:00,2389.9,84.39,79.64,168.09,741.02,5.336,78.05,40.65,0.433,0.1264,14.11,7.82,892.46,climb,normal,0.0
2026-09-28T00:16:12.902077+00:00,2391.7,84.49,79.84,167.75,738.49,5.351,77.87,40.69,0.435,0.1258,14.13,7.78,891.94,climb,normal,0.0
2026-09-28T00:16:13.902077+00:00,2390.7,84.88,80.39,169.26,738.3,5.301,77.9,40.85,0.434,0.1212,14.23,7.68,891.38,climb,normal,0.0
2026-09-28T00:16:14.902077+00:00,2388.1,84.99,79.5,169.25,739.18,5.316,78.05,41.16,0.421,0.1219,14.23,7.63,890.8,climb,normal,0.0
2026-09-28T00:16:15.902077+00:00,2388.5,84.5,80.08,169.21,737.67,5.333,77.9,40.94,0.435,0.1314,14.29,7.56,890.29,climb,normal,0.0
2026-09-28T00:16:16.902077+00:00,2389.7,85.24,79.42,169.66,735.62,5.387,77.89,40.93,0.439,0.1275,14.3,7.46,889.78,climb,normal,0.0
2026-09-28T00:16:17.902077+00:00,2387.5,85.07,79.43,169.32,736.98,5.392,77.94,40.68,0.432,0.128,14.24,7.38,889.27,climb,normal,0.0
2026-09-28T00:16:18.902077+00:00,2391.0,85.34,80.46,169.8,736.65,5.378,78.08,40.77,0.444,0.129,14.26,7.32,888.74,climb,normal,0.0
2026-09-28T00:16:19.902077+00:00,2389.8,85.73,80.35,170.62,735.5,5.387,78.17,40.59,0.446,0.1192,14.24,7.34,888.18,climb,normal,0.0
2026-09-28T00:16:20.902077+00:00,2388.9,85.81,80.34,170.77,732.59,5.313,78.36,40.68,0.449,0.1146,14.15,7.31,887.64,climb,normal,0.0
2026-09-28T00:16:21.902077+00:00,2388.2,85.27,79.81,170.25,730.24,5.338,78.44,41.01,0.433,0.1027,14.18,7.31,887.09,climb,normal,0.0
2026-09-28T00:16:22.902077+00:00,2392.7,85.32,79.68,170.85,729.19,5.324,78.78,40.66,0.435,0.1125,14.23,7.29,886.65,climb,normal,0.0
2026-09-28T00:16:23.902077+00:00,2393.9,85.18,80.04,170.87,731.81,5.33,78.75,40.65,0.419,0.1064,14.27,7.32,886.09,climb,normal,0.0
2026-09-28T00:16:24.902077+00:00,2391.2,85.29,79.9,170.45,734.19,5.336,78.85,41.22,0.436,0.1173,14.25,7.33,885.52,climb,normal,0.0
2026-09-28T00:16:25.902077+00:00,2392.9,85.02,79.86,170.54,731.16,5.36,78.96,41.15,0.437,0.1157,14.19,7.36,884.97,climb,normal,0.0
2026-09-28T00:16:26.902077+00:00,2387.4,84.83,79.4,170.79,731.33,5.362,78.98,40.7,0.444,0.1138,14.18,7.31,884.32,climb,normal,0.0
2026-09-28T00:16:27.902077+00:00,2380.6,85.03,79.09,171.35,728.84,5.338,79.05,40.77,0.449,0.1189,14.2,7.31,883.77,climb,normal,0.0
2026-09-28T00:16:28.902077+00:00,2382.5,84.84,79.17,171.74,729.82,5.323,79.2,40.91,0.439,0.1194,14.22,7.31,883.22,climb,normal,0.0
2026-09-28T00:16:29.902077+00:00,2383.9,84.5,78.41,172.15,731.11,5.319,79.51,40.97,0.458,0.1056,14.12,7.32,882.57,climb,normal,0.0
2026-09-28T00:16:30.902077+00:00,2381.6,84.55,78.78,171.93,732.31,5.297,79.39,41.06,0.44,0.1049,14.1,7.26,882.1,climb,normal,0.0
2026-09-28T00:16:31.902077+00:00,2376.3,84.56,78.56,171.9,728.68,5.292,79.37,40.74,0.443,0.1098,14.14,7.3,881.6,climb,normal,0.0
2026-09-28T00:16:32.902077+00:00,2381.5,85.39,78.67,172.48,728.77,5.34,79.21,40.6,0.438,0.1126,14.17,7.26,881.01,climb,normal,0.0
2026-09-28T00:16:33.902077+00:00,2384.1,85.02,79.39,172.39,726.18,5.355,79.13,40.62,0.436,0.1153,14.15,7.19,880.48,climb,normal,0.0
2026-09-28T00:16:34.902077+00:00,2390.0,85.16,79.78,171.61,726.58,5.347,79.21,40.53,0.434,0.1116,14.17,7.22,879.98,climb,normal,0.0
2026-09-28T00:16:35.902077+00:00,2389.8,85.3,79.47,172.03,726.46,5.372,79.31,40.27,0.433,0.1136,14.07,7.16,879.45,climb,normal,0.0
2026-09-28T00:16:36.902077+00:00,2389.8,85.2,79.18,171.92,726.39,5.333,79.22,40.42,0.423,0.1204,14.12,7.14,878.81,climb,normal,0.0
2026-09-28T00:16:37.902077+00:00,2388.7,85.19,79.15,171.02,726.79,5.303,79.6,40.31,0.435,0.1151,14.08,7.11,878.19,climb,normal,0.0
2026-09-28T00:16:38.902077+00:00,2390.0,85.05,78.82,171.17,729.58,5.273,79.5,40.34,0.428,0.1072,14.03,7.05,877.65,climb,normal,0.0
2026-09-28T00:16:39.902077+00:00,2390.4,84.47,78.31,171.0,726.63,5.317,79.5,40.25,0.423,0.0974,13.99,7.04,877.07,climb,normal,0.0
2026-09-28T00:16:40.902077+00:00,2299.7,76.84,75.99,170.56,724.69,5.239,79.5,40.13,0.425,0.106,14.11,7.06,876.52,cruise,normal,0.0
2026-09-28T00:16:41.902077+00:00,2227.7,72.09,73.82,170.1,720.97,5.215,79.46,39.58,0.401,0.1033,14.14,7.08,876.01,cruise,normal,0.0
2026-09-28T00:16:42.902077+00:00,2173.0,69.85,71.49,169.54,720.38,5.157,79.6,38.77,0.419,0.1183,14.05,7.03,875.45,cruise,normal,0.0
2026-09-28T00:16:43.902077+00:00,2131.3,68.11,70.61,169.04,720.2,5.06,79.39,38.29,0.426,0.1136,14.09,7.08,874.95,cruise,normal,0.0
2026-09-28T00:16:44.902077+00:00,2101.7,66.67,68.76,168.96,712.89,5.043,79.17,37.76,0.436,0.1134,14.18,7.06,874.47,cruise,normal,0.0
2026-09-28T00:16:45.902077+00:00,2078.4,65.97,67.85,169.66,710.84,4.974,79.37,37.08,0.43,0.1094,14.2,7.08,873.92,cruise,normal,0.0
2026-09-28T00:16:46.902077+00:00,2059.2,65.86,65.86,169.12,707.84,4.939,79.6,36.21,0.413,0.1034,14.12,7.07,873.43,cruise,normal,0.0
2026-09-28T00:16:47.902077+00:00,2045.5,65.57,65.02,169.76,706.36,4.924,79.52,35.5,0.407,0.1024,14.1,7.01,873.02,cruise,normal,0.0
2026-09-28T00:16:48.902077+00:00,2034.6,64.72,64.15,169.36,704.09,4.839,79.59,35.0,0.417,0.0979,14.16,7.05,872.48,cruise,normal,0.0
2026-09-28T00:16:49.902077+00:00,2021.7,65.22,63.99,169.73,703.47,4.825,79.58,34.67,0.4,0.1051,14.17,6.99,872.06,cruise,normal,0.0
2026-09-28T00:16:50.902077+00:00,2011.3,65.09,63.42,170.11,701.59,4.814,79.53,34.53,0.404,0.1029,14.12,6.97,871.59,cruise,normal,0.0
2026-09-28T00:16:51.902077+00:00,2009.6,64.49,63.35,169.99,697.02,4.75,79.4,34.47,0.393,0.1042,14.14,6.9,871.1,cruise,normal,0.0
2026-09-28T00:16:52.902077+00:00,2004.3,64.8,62.37,170.48,696.88,4.737,79.33,34.07,0.381,0.1021,14.17,6.87,870.65,cruise,normal,0.0
2026-09-28T00:16:53.902077+00:00,1996.5,64.85,62.0,169.99,695.66,4.717,79.24,34.1,0.386,0.0964,14.15,6.79,870.21,cruise,normal,0.0
2026-09-28T00:16:54.902077+00:00,1992.4,64.77,61.44,171.04,697.69,4.686,79.58,33.47,0.401,0.092,14.12,6.74,869.74,cruise,normal,0.0
2026-09-28T00:16:55.902077+00:00,1992.9,64.58,60.71,170.89,693.95,4.655,79.63,32.94,0.406,0.1034,14.11,6.68,869.33,cruise,normal,0.0
2026-09-28T00:16:56.902077+00:00,1983.1,65.28,61.03,170.38,689.5,4.634,79.6,32.68,0.414,0.0992,14.16,6.59,868.8,cruise,normal,0.0
2026-09-28T00:16:57.902077+00:00,1978.2,65.54,61.33,170.68,689.28,4.638,79.56,32.72,0.429,0.1004,14.13,6.51,868.39,cruise,normal,0.0
2026-09-28T00:16:58.902077+00:00,1975.3,65.27,60.73,170.92,687.38,4.643,79.51,32.59,0.448,0.1069,14.08,6.56,868.1,cruise,normal,0.0
2026-09-28T00:16:59.902077+00:00,1981.0,64.84,61.38,170.43,680.34,4.607,79.42,32.47,0.416,0.1011,14.01,6.55,867.74,cruise,normal,0.0
2026-09-28T00:17:00.902077+00:00,1978.1,65.19,61.84,170.57,677.19,4.639,79.25,32.61,0.407,0.0999,14.03,6.51,867.39,cruise,normal,0.0
2026-09-28T00:17:01.902077+00:00,1980.5,64.58,61.59,171.27,676.99,4.609,79.26,32.66,0.406,0.0941,14.03,6.45,867.01,cruise,normal,0.0
2026-09-28T00:17:02.902077+00:00,1977.7,64.88,62.0,171.64,679.37,4.619,79.18,32.97,0.413,0.1032,14.05,6.4,866.57,cruise,normal,0.0
2026-09-28T00:17:03.902077+00:00,1980.2,64.78,61.71,172.0,677.1,4.64,79.04,32.49,0.423,0.1089,14.07,6.44,866.23,cruise,normal,0.0
2026-09-28T00:17:04.902077+00:00,1979.5,65.21,61.5,171.43,677.03,4.608,79.02,32.51,0.433,0.1149,14.08,6.36,865.91,cruise,normal,0.0
2026-09-28T00:17:05.902077+00:00,1978.4,65.32,61.9,171.71,677.23,4.612,79.11,32.29,0.439,0.1113,14.09,6.32,865.58,cruise,normal,0.0
2026-09-28T00:17:06.902077+00:00,1982.5,65.19,62.42,171.58,676.21,4.576,79.23,32.2,0.419,0.1066,14.18,6.38,865.28,cruise,normal,0.0
2026-09-28T00:17:07.902077+00:00,1981.9,65.88,62.43,171.34,674.35,4.554,79.13,32.38,0.422,0.1095,14.13,6.35,864.98,cruise,normal,0.0
2026-09-28T00:17:08.902077+00:00,1982.2,65.83,62.57,171.82,671.54,4.522,79.38,32.61,0.411,0.0975,14.06,6.42,864.72,cruise,normal,0.0
2026-09-28T00:17:09.902077+00:00,1983.7,65.37,62.85,172.2,669.74,4.5,79.13,32.7,0.412,0.1064,14.07,6.38,864.36,cruise,normal,0.0
2026-09-28T00:17:10.902077+00:00,1984.7,65.31,63.11,171.99,668.6,4.51,79.32,32.78,0.429,0.1055,14.04,6.44,864.08,cruise,normal,0.0
2026-09-28T00:17:11.902077+00:00,1977.8,65.19,63.38,172.28,666.91,4.533,79.28,33.27,0.429,0.1091,14.04,6.36,863.74,cruise,normal,0.0
2026-09-28T00:17:12.902077+00:00,1980.6,65.58,62.48,172.39,665.46,4.436,79.1,33.16,0.433,0.1026,14.0,6.43,863.35,cruise,normal,0.0
2026-09-28T00:17:13.902077+00:00,1985.2,65.58,61.97,172.21,659.32,4.407,79.23,32.81,0.422,0.0912,13.95,6.34,863.05,cruise,normal,0.0
2026-09-28T00:17:14.902077+00:00,1979.1,65.07,60.8,172.0,656.37,4.427,79.28,32.75,0.424,0.0916,13.9,6.4,862.81,cruise,normal,0.0
2026-09-28T00:17:15.902077+00:00,1981.7,64.92,60.41,171.95,656.85,4.436,79.46,32.62,0.416,0.0861,13.97,6.42,862.52,cruise,normal,0.0
2026-09-28T00:17:16.902077+00:00,1982.1,64.67,60.8,171.67,655.18,4.449,79.5,32.55,0.408,0.0895,14.05,6.39,862.24,cruise,normal,0.0
2026-09-28T00:17:17.902077+00:00,1984.6,65.04,61.35,171.86,657.62,4.493,79.61,32.63,0.404,0.0886,14.1,6.43,861.95,cruise,normal,0.0
2026-09-28T00:17:18.902077+00:00,1988.9,64.64,61.25,170.88,657.3,4.466,79.68,32.65,0.405,0.0981,14.02,6.45,861.69,cruise,normal,0.0
2026-09-28T00:17:19.902077+00:00,1986.9,64.62,61.19,171.0,654.61,4.496,79.72,32.73,0.408,0.0894,14.04,6.33,861.31,cruise,normal,0.0
2026-09-28T00:17:20.902077+00:00,1990.4,64.81,61.08,171.33,653.78,4.534,79.59,32.86,0.409,0.1027,14.16,6.31,861.0,cruise,normal,0.0
2026-09-28T00:17:21.902077+00:00,1988.7,64.16,60.41,170.96,652.7,4.541,79.77,32.57,0.404,0.1045,14.15,6.37,860.77,cruise,normal,0.0
2026-09-28T00:17:22.902077+00:00,1986.9,65.18,60.4,171.04,650.72,4.531,79.68,32.66,0.392,0.1043,14.12,6.36,860.53,cruise,normal,0.0
2026-09-28T00:17:23.902077+00:00,1985.4,65.33,60.73,171.55,650.96,4.573,79.7,32.64,0.397,0.1104,14.23,6.36,860.3,cruise,normal,0.0
2026-09-28T00:17:24.902077+00:00,1986.7,65.03,60.56,172.01,647.83,4.546,79.88,32.5,0.398,0.1063,14.11,6.25,860.02,cruise,normal,0.0
2026-09-28T00:17:25.902077+00:00,1989.2,65.44,60.53,172.12,650.0,4.547,79.92,32.25,0.4,0.1035,13.96,6.28,859.84,cruise,normal,0.0
2026-09-28T00:17:26.902077+00:00,1992.3,65.41,61.38,171.45,653.89,4.581,79.67,32.22,0.4,0.0912,14.04,6.23,859.6,cruise,normal,0.0
2026-09-28T00:17:27.902077+00:00,1993.3,65.38,61.22,171.84,653.75,4.539,79.72,32.3,0.394,0.0891,13.97,6.22,859.36,cruise,normal,0.0
2026-09-28T00:17:28.902077+00:00,1990.6,65.41,61.27,171.97,653.66,4.528,79.79,31.99,0.403,0.0859,13.99,6.21,859.08,cruise,normal,0.0
2026-09-28T00:17:29.902077+00:00,1988.1,64.89,61.34,171.86,653.39,4.588,79.96,32.31,0.403,0.0918,13.95,6.14,858.86,cruise,normal,0.0
2026-09-28T00:17:30.902077+00:00,1992.5,64.94,61.19,171.87,651.83,4.583,79.76,32.17,0.399,0.091,14.08,6.08,858.7,cruise,normal,0.0
2026-09-28T00:17:31.902077+00:00,1991.2,65.16,61.14,172.44,650.58,4.57,79.76,32.26,0.394,0.0869,14.0,6.06,858.54,cruise,normal,0.0
2026-09-28T00:17:32.902077+00:00,1986.4,64.84,61.36,171.69,650.71,4.568,79.83,32.17,0.404,0.0889,14.04,6.04,858.39,cruise,normal,0.0
2026-09-28T00:17:33.902077+00:00,1986.8,65.08,61.25,171.71,651.06,4.596,79.65,32.35,0.408,0.0925,14.16,6.03,858.17,cruise,normal,0.0
2026-09-28T00:17:34.902077+00:00,1985.6,65.18,61.19,171.65,651.89,4.588,79.41,32.36,0.409,0.0975,14.19,6.04,857.9,cruise,normal,0.0
2026-09-28T00:17:35.902077+00:00,1992.7,65.44,60.91,171.46,649.74,4.595,79.2,32.26,0.412,0.0974,14.19,6.02,857.69,cruise,normal,0.0
2026-09-28T00:17:36.902077+00:00,1992.0,65.7,60.98,171.8,649.58,4.601,79.11,32.29,0.406,0.1006,14.14,6.02,857.47,cruise,normal,0.0
2026-09-28T00:17:37.902077+00:00,1992.1,65.25,61.24,171.82,649.5,4.592,79.23,32.29,0.405,0.1136,14.08,5.95,857.3,cruise,normal,0.0
2026-09-28T00:17:38.902077+00:00,1987.5,65.47,61.64,172.19,647.76,4.583,79.48,32.49,0.42,0.1079,14.16,5.88,857.06,cruise,normal,0.0
2026-09-28T00:17:39.902077+00:00,1986.1,65.06,61.97,171.9,649.17,4.531,79.42,32.53,0.416,0.0942,14.08,5.87,856.92,cruise,normal,0.0
2026-09-28T00:17:40.902077+00:00,1986.6,65.01,61.18,172.07,645.45,4.514,79.54,32.84,0.41,0.0927,14.04,5.82,856.76,cruise,normal,0.0
2026-09-28T00:17:41.902077+00:00,1982.1,65.18,60.97,171.4,643.47,4.478,79.52,32.73,0.411,0.0963,14.05,5.77,856.53,cruise,normal,0.0
2026-09-28T00:17:42.902077+00:00,1979.4,64.41,61.37,170.73,642.81,4.543,79.58,32.27,0.417,0.0958,14.07,5.7,856.42,cruise,normal,0.0
2026-09-28T00:17:43.902077+00:00,1985.1,64.55,61.38,170.19,644.74,4.54,79.53,32.58,0.397,0.1033,14.09,5.65,856.37,cruise,normal,0.0
2026-09-28T00:17:44.902077+00:00,1985.1,64.83,61.23,169.42,643.76,4.525,79.39,32.67,0.405,0.0948,14.08,5.66,856.22,cruise,normal,0.0
2026-09-28T00:17:45.902077+00:00,1985.1,65.07,61.25,168.97,639.67,4.517,79.11,32.84,0.401,0.0953,14.03,5.6,856.14,cruise,normal,0.0
2026-09-28T00:17:46.902077+00:00,1991.2,65.49,61.09,168.68,640.77,4.477,79.32,32.6,0.41,0.0912,14.02,5.61,855.99,cruise,normal,0.0
2026-09-28T00:17:47.902077+00:00,1990.1,65.69,61.4,169.07,641.83,4.492,79.32,32.56,0.422,0.1014,14.07,5.54,855.82,cruise,normal,0.0
2026-09-28T00:17:48.902077+00:00,1985.9,65.43,61.89,168.9,638.44,4.534,79.2,32.69,0.419,0.102,14.05,5.57,855.66,cruise,normal,0.0
2026-09-28T00:17:49.902077+00:00,1983.5,65.45,61.62,169.14,639.56,4.529,79.18,32.74,0.41,0.0978,14.04,5.49,855.57,cruise,normal,0.0
2026-09-28T00:17:50.902077+00:00,1980.3,64.77,61.93,169.4,642.25,4.509,78.98,32.5,0.424,0.1124,13.97,5.38,855.43,cruise,normal,0.0
2026-09-28T00:17:51.902077+00:00,1976.8,64.81,61.94,169.56,640.42,4.487,79.17,32.5,0.423,0.1095,13.99,5.45,855.24,cruise,normal,0.0
2026-09-28T00:17:52.902077+00:00,1981.5,65.13,60.68,169.15,640.21,4.525,79.09,32.54,0.423,0.1075,14.01,5.51,855.16,cruise,normal,0.0
2026-09-28T00:17:53.902077+00:00,1983.3,65.36,60.88,169.46,637.86,4.547,79.12,32.45,0.417,0.1111,14.0,5.47,854.96,cruise,normal,0.0
2026-09-28T00:17:54.902077+00:00,1977.9,65.63,60.59,169.79,636.02,4.584,79.1,32.18,0.404,0.1043,14.02,5.54,854.71,cruise,normal,0.0
2026-09-28T00:17:55.902077+00:00,1979.1,65.16,61.05,170.04,636.86,4.585,79.01,31.98,0.409,0.11,14.01,5.5,854.58,cruise,overheating,0.011
2026-09-28T00:17:56.902077+00:00,1982.3,65.51,60.95,170.25,639.1,4.574,79.0,31.89,0.409,0.111,14.06,5.5,854.4,cruise,overheating,0.022
2026-09-28T00:17:57.902077+00:00,1980.7,65.59,61.69,169.88,640.76,4.577,78.93,32.47,0.391,0.1082,14.04,5.51,854.17,cruise,overheating,0.033
2026-09-28T00:17:58.902077+00:00,1980.1,65.28,61.86,169.44,640.05,4.584,78.82,32.5,0.406,0.1047,14.05,5.48,854.1,cruise,overheating,0.044
2026-09-28T00:17:59.902077+00:00,1978.8,64.99,62.11,168.99,642.66,4.585,78.79,32.68,0.394,0.1129,14.1,5.49,854.0,cruise,overheating,0.056
2026-09-28T00:18:00.902077+00:00,1977.9,64.8,61.64,169.13,641.53,4.593,78.81,32.62,0.411,0.1105,14.09,5.48,853.78,cruise,overheating,0.067
2026-09-28T00:18:01.902077+00:00,1973.5,64.87,61.35,169.28,646.96,4.607,78.63,32.72,0.419,0.1012,14.19,5.52,853.67,cruise,overheating,0.078
2026-09-28T00:18:02.902077+00:00,1974.8,65.31,60.46,169.2,645.59,4.571,78.42,32.63,0.408,0.1081,14.08,5.62,853.54,cruise,overheating,0.089
2026-09-28T00:18:03.902077+00:00,1977.9,65.11,60.32,168.56,647.8,4.542,78.35,32.43,0.422,0.1182,14.04,5.63,853.36,cruise,overheating,0.1
2026-09-28T00:18:04.902077+00:00,1978.8,65.61,59.92,168.51,648.05,4.512,78.32,32.39,0.425,0.117,14.02,5.58,853.2,cruise,overheating,0.111
2026-09-28T00:18:05.902077+00:00,1976.8,65.47,61.0,168.82,646.71,4.482,78.41,32.41,0.418,0.112,14.07,5.63,853.16,cruise,overheating,0.122
2026-09-28T00:18:06.902077+00:00,1984.1,65.16,61.05,169.63,646.24,4.518,78.43,32.58,0.423,0.1008,14.04,5.64,852.99,cruise,overheating,0.133
2026-09-28T00:18:07.902077+00:00,1992.8,64.94,61.56,169.93,643.1,4.527,78.36,32.26,0.397,0.1079,14.15,5.77,852.89,cruise,overheating,0.144
2026-09-28T00:18:08.902077+00:00,1990.2,64.64,61.5,169.13,642.22,4.471,78.28,32.22,0.404,0.1102,14.07,5.69,852.77,cruise,overheating,0.156
2026-09-28T00:18:09.902077+00:00,1987.9,64.94,61.52,169.08,641.43,4.507,78.07,32.26,0.412,0.1135,14.05,5.57,852.69,cruise,overheating,0.167
2026-09-28T00:18:10.902077+00:00,1986.2,64.75,61.15,169.98,639.7,4.511,77.92,32.29,0.398,0.1143,14.1,5.58,852.5,cruise,overheating,0.178
2026-09-28T00:18:11.902077+00:00,1986.4,65.0,60.75,169.85,640.0,4.56,78.27,32.57,0.41,0.1092,14.13,5.57,852.41,cruise,overheating,0.189
2026-09-28T00:18:12.902077+00:00,1982.6,65.46,60.79,169.76,646.6,4.525,78.2,32.54,0.405,0.1076,14.11,5.59,852.36,cruise,overheating,0.2
2026-09-28T00:18:13.902077+00:00,1982.8,64.59,61.39,169.94,647.7,4.555,78.16,32.5,0.383,0.1066,14.16,5.6,852.3,cruise,overheating,0.211
2026-09-28T00:18:14.902077+00:00,1982.0,65.02,60.84,169.89,648.14,4.537,78.25,32.08,0.392,0.1124,14.07,5.59,852.13,cruise,overheating,0.222
2026-09-28T00:18:15.902077+00:00,1980.1,64.75,60.52,169.85,644.41,4.517,78.11,31.89,0.405,0.1053,14.13,5.57,852.06,cruise,overheating,0.233
2026-09-28T00:18:16.902077+00:00,1981.3,65.02,60.88,169.32,646.48,4.549,78.09,32.06,0.399,0.115,14.11,5.53,851.94,cruise,overheating,0.244
2026-09-28T00:18:17.902077+00:00,1980.0,65.1,60.94,169.1,648.65,4.493,78.19,31.98,0.4,0.1075,14.07,5.5,851.83,cruise,overheating,0.256
2026-09-28T00:18:18.902077+00:00,1982.0,65.25,61.28,168.84,648.93,4.502,78.07,32.27,0.408,0.1006,14.13,5.51,851.71,cruise,overheating,0.267
2026-09-28T00:18:19.902077+00:00,1983.4,65.14,61.03,168.36,646.01,4.513,78.41,32.24,0.427,0.0912,14.18,5.54,851.57,cruise,overheating,0.278
2026-09-28T00:18:20.902077+00:00,1982.8,65.16,60.95,168.06,646.39,4.503,78.27,32.23,0.413,0.09,14.14,5.61,851.52,cruise,overheating,0.289
2026-09-28T00:18:21.902077+00:00,1987.3,64.78,60.83,168.13,646.8,4.536,78.39,32.19,0.402,0.0949,14.15,5.64,851.41,cruise,overheating,0.3
2026-09-28T00:18:22.902077+00:00,1984.6,65.1,60.81,168.86,650.86,4.569,78.64,32.32,0.391,0.0898,14.13,5.73,851.27,cruise,overheating,0.311
2026-09-28T00:18:23.902077+00:00,1986.3,65.24,60.03,169.28,650.4,4.578,78.58,31.98,0.397,0.0841,14.01,5.79,851.18,cruise,overheating,0.322
2026-09-28T00:18:24.902077+00:00,1989.8,64.94,59.51,169.0,648.55,4.586,78.39,32.0,0.406,0.0877,14.07,5.78,851.11,cruise,overheating,0.333
2026-09-28T00:18:25.902077+00:00,1989.0,64.98,59.63,169.45,645.99,4.619,78.34,32.08,0.417,0.0947,14.06,5.79,850.97,cruise,overheating,0.344
2026-09-28T00:18:26.902077+00:00,1993.7,64.45,59.85,169.71,644.85,4.606,78.64,31.95,0.426,0.0898,14.07,5.79,850.85,cruise,overheating,0.356
2026-09-28T00:18:27.902077+00:00,1991.5,65.3,61.11,170.11,646.61,4.634,78.77,32.04,0.42,0.0924,14.1,5.73,850.75,cruise,overheating,0.367
2026-09-28T00:18:28.902077+00:00,1985.6,64.89,60.56,170.05,644.34,4.58,78.88,31.7,0.417,0.0969,14.14,5.67,850.7,cruise,overheating,0.378
2026-09-28T00:18:29.902077+00:00,1986.2,64.99,60.24,170.61,646.83,4.565,78.98,31.91,0.431,0.0957,14.16,5.73,850.6,cruise,overheating,0.389
2026-09-28T00:18:30.902077+00:00,1982.6,64.59,60.03,171.46,647.38,4.585,79.13,31.99,0.427,0.0956,14.2,5.7,850.47,cruise,overheating,0.4
2026-09-28T00:18:31.902077+00:00,1981.6,64.78,59.5,170.6,644.73,4.567,79.0,31.93,0.425,0.1008,14.11,5.72,850.34,cruise,overheating,0.411
2026-09-28T00:18:32.902077+00:00,1981.5,65.44,59.72,171.26,642.13,4.592,79.09,31.91,0.41,0.1022,14.15,5.72,850.28,cruise,overheating,0.422
2026-09-28T00:18:33.902077+00:00,1980.1,65.29,59.75,171.75,644.79,4.583,79.11,32.29,0.407,0.1011,14.11,5.62,850.26,cruise,overheating,0.433
2026-09-28T00:18:34.902077+00:00,1980.7,64.95,60.37,172.73,642.19,4.615,78.83,32.05,0.417,0.0981,14.17,5.56,850.24,cruise,overheating,0.444
2026-09-28T00:18:35.902077+00:00,1980.7,64.87,61.09,172.72,643.82,4.605,78.72,32.01,0.407,0.0845,14.18,5.52,850.03,cruise,overheating,0.456
2026-09-28T00:18:36.902077+00:00,1978.7,64.99,61.6,173.62,642.87,4.592,78.59,32.37,0.409,0.0874,14.2,5.49,849.9,cruise,overheating,0.467
2026-09-28T00:18:37.902077+00:00,1978.7,65.06,61.35,173.66,645.92,4.648,78.56,32.26,0.395,0.0922,14.18,5.54,849.83,cruise,overheating,0.478
2026-09-28T00:18:38.902077+00:00,1989.4,64.9,60.82,173.76,647.93,4.57,78.39,32.54,0.407,0.0975,14.15,5.57,849.78,cruise,overheating,0.489
2026-09-28T00:18:39.902077+00:00,1983.7,65.19,60.59,174.14,650.67,4.586,78.4,32.2,0.403,0.0935,14.12,5.62,849.69,cruise,overheating,0.5
2026-09-28T00:18:40.902077+00:00,1981.2,65.34,60.59,173.75,649.51,4.579,78.5,32.25,0.382,0.0903,14.04,5.57,849.73,cruise,overheating,0.511
2026-09-28T00:18:41.902077+00:00,1979.6,65.45,61.07,173.5,649.78,4.55,78.54,32.3,0.394,0.0975,13.96,5.62,849.71,cruise,overheating,0.522
2026-09-28T00:18:42.902077+00:00,1980.5,65.17,61.28,173.76,649.01,4.601,78.59,32.5,0.393,0.0904,14.03,5.59,849.6,cruise,overheating,0.533
2026-09-28T00:18:43.902077+00:00,1984.0,65.17,60.47,173.71,651.52,4.598,78.64,32.11,0.401,0.0933,14.05,5.59,849.49,cruise,overheating,0.544
2026-09-28T00:18:44.902077+00:00,1982.7,64.98,60.42,173.82,653.76,4.651,78.78,32.09,0.411,0.0893,14.09,5.49,849.44,cruise,overheating,0.556
2026-09-28T00:18:45.902077+00:00,1985.3,64.58,61.12,173.76,653.62,4.602,78.81,32.05,0.412,0.0849,13.98,5.51,849.42,cruise,overheating,0.567
2026-09-28T00:18:46.902077+00:00,1984.9,64.3,60.81,173.88,651.97,4.625,78.9,32.15,0.399,0.0787,14.0,5.55,849.38,cruise,overheating,0.578
2026-09-28T00:18:47.902077+00:00,1990.8,64.52,61.84,173.47,656.26,4.619,78.8,32.29,0.394,0.0919,14.06,5.56,849.3,cruise,overheating,0.589
2026-09-28T00:18:48.902077+00:00,1992.8,64.42,61.48,173.22,653.71,4.598,79.04,32.24,0.386,0.0961,13.97,5.56,849.2,cruise,overheating,0.6
2026-09-28T00:18:49.902077+00:00,1991.1,64.33,61.07,173.02,653.36,4.614,79.36,32.36,0.399,0.109,14.08,5.59,849.18,cruise,overheating,0.611
2026-09-28T00:18:50.902077+00:00,1989.9,64.09,61.04,172.97,657.03,4.6,79.24,32.42,0.4,0.1066,14.09,5.58,849.08,cruise,overheating,0.622
2026-09-28T00:18:51.902077+00:00,1988.6,64.35,61.41,172.22,662.2,4.589,79.2,32.48,0.415,0.1057,14.13,5.48,848.99,cruise,overheating,0.633
2026-09-28T00:18:52.902077+00:00,1992.0,64.9,61.09,172.09,664.46,4.572,78.94,32.64,0.41,0.1051,14.15,5.41,848.9,cruise,overheating,0.644
2026-09-28T00:18:53.902077+00:00,1993.5,65.38,60.89,171.88,667.26,4.571,78.91,32.77,0.414,0.1037,14.15,5.41,848.79,cruise,overheating,0.656
2026-09-28T00:18:54.902077+00:00,1993.5,65.69,60.86,172.25,671.93,4.577,78.83,32.97,0.431,0.1093,14.15,5.42,848.81,cruise,overheating,0.667
2026-09-28T00:18:55.902077+00:00,1985.9,65.4,60.98,172.31,671.32,4.592,78.54,32.82,0.426,0.1063,14.17,5.39,848.74,cruise,overheating,0.678
2026-09-28T00:18:56.902077+00:00,1989.5,64.98,60.5,171.74,671.63,4.654,78.65,32.51,0.415,0.0965,14.28,5.38,848.58,cruise,overheating,0.689
2026-09-28T00:18:57.902077+00:00,1991.8,65.18,60.31,171.86,672.42,4.652,78.87,32.28,0.404,0.0944,14.32,5.36,848.41,cruise,overheating,0.7
2026-09-28T00:18:58.902077+00:00,1989.7,65.17,60.85,171.53,672.58,4.691,78.73,32.42,0.403,0.0906,14.23,5.38,848.31,cruise,overheating,0.711
2026-09-28T00:18:59.902077+00:00,1982.2,65.17,61.24,171.95,673.58,4.66,78.69,32.45,0.385,0.0955,14.13,5.38,848.28,cruise,overheating,0.722
2026-09-28T00:19:00.902077+00:00,1982.2,65.16,61.17,172.21,672.31,4.647,78.91,32.64,0.386,0.0933,14.14,5.4,848.25,cruise,overheating,0.733
2026-09-28T00:19:01.902077+00:00,1982.3,65.18,61.76,172.48,676.1,4.616,79.21,32.6,0.41,0.091,14.12,5.4,848.13,cruise,overheating,0.744
2026-09-28T00:19:02.902077+00:00,1979.0,64.99,61.39,172.9,680.11,4.613,79.57,32.94,0.412,0.0994,14.12,5.38,848.02,cruise,overheating,0.756
2026-09-28T00:19:03.902077+00:00,1984.3,64.84,61.48,173.37,680.75,4.645,79.41,33.0,0.415,0.0952,14.08,5.33,848.03,cruise,overheating,0.767
2026-09-28T00:19:04.902077+00:00,1981.7,65.1,61.59,173.64,679.31,4.673,79.43,32.96,0.431,0.0888,14.16,5.35,848.03,cruise,overheating,0.778
2026-09-28T00:19:05.902077+00:00,1977.6,64.76,61.45,173.72,676.49,4.659,79.55,32.63,0.433,0.0868,14.05,5.43,847.95,cruise,overheating,0.789
2026-09-28T00:19:06.902077+00:00,1977.4,65.16,60.76,174.32,677.85,4.695,79.57,32.58,0.428,0.0895,14.06,5.4,847.9,cruise,overheating,0.8
2026-09-28T00:19:07.902077+00:00,1977.0,65.47,60.22,174.68,675.54,4.699,79.76,32.38,0.428,0.0954,14.12,5.36,847.82,cruise,overheating,0.811
2026-09-28T00:19:08.902077+00:00,1979.4,64.98,61.22,175.18,675.73,4.67,80.02,32.49,0.428,0.1066,14.1,5.38,847.75,cruise,overheating,0.822
2026-09-28T00:19:09.902077+00:00,1983.1,65.58,61.23,175.93,677.13,4.622,80.2,32.82,0.425,0.1154,14.13,5.43,847.74,cruise,overheating,0.833
2026-09-28T00:19:10.902077+00:00,1985.3,65.34,60.84,175.86,679.59,4.591,80.33,32.68,0.415,0.1189,14.14,5.38,847.76,cruise,overheating,0.844
2026-09-28T00:19:11.902077+00:00,1980.8,64.93,60.43,175.53,681.53,4.602,79.99,32.46,0.409,0.1298,14.16,5.41,847.74,cruise,overheating,0.856
2026-09-28T00:19:12.902077+00:00,1980.8,65.01,59.97,175.67,680.92,4.599,80.13,32.28,0.408,0.1197,14.16,5.32,847.7,cruise,overheating,0.867
2026-09-28T00:19:13.902077+00:00,1987.4,65.01,59.95,175.27,682.76,4.565,80.29,32.41,0.412,0.1109,14.13,5.38,847.6,cruise,overheating,0.878
2026-09-28T00:19:14.902077+00:00,1992.0,64.94,59.89,175.77,682.92,4.572,80.27,32.6,0.419,0.1061,14.09,5.38,847.66,cruise,overheating,0.889
2026-09-28T00:19:15.902077+00:00,1993.6,65.25,60.44,176.05,682.33,4.563,80.08,32.27,0.423,0.1092,14.12,5.35,847.56,cruise,overheating,0.9
2026-09-28T00:19:16.902077+00:00,1993.7,65.09,60.09,175.71,685.95,4.584,79.96,32.21,0.417,0.1163,14.19,5.41,847.52,cruise,overheating,0.911
2026-09-28T00:19:17.902077+00:00,1991.8,64.84,60.24,176.49,682.83,4.568,80.14,31.97,0.422,0.1138,14.14,5.44,847.52,cruise,overheating,0.922
2026-09-28T00:19:18.902077+00:00,1985.9,65.42,60.41,176.3,681.32,4.515,80.25,32.15,0.415,0.119,14.15,5.45,847.48,cruise,overheating,0.933
2026-09-28T00:19:19.902077+00:00,1985.8,65.4,60.24,176.09,683.94,4.548,80.19,31.87,0.412,0.1192,14.12,5.44,847.51,cruise,overheating,0.944
2026-09-28T00:19:20.902077+00:00,1987.7,65.16,60.09,176.44,683.79,4.588,80.34,32.21,0.409,0.0989,14.13,5.35,847.43,cruise,overheating,0.956
2026-09-28T00:19:21.902077+00:00,1982.8,65.45,60.55,175.86,685.87,4.65,80.33,32.55,0.408,0.1081,14.09,5.37,847.43,cruise,overheating,0.967
2026-09-28T00:19:22.902077+00:00,1984.4,65.4,61.14,175.95,686.56,4.639,80.38,32.5,0.416,0.1215,14.01,5.48,847.41,cruise,overheating,0.978
2026-09-28T00:19:23.902077+00:00,1978.3,65.03,60.25,175.75,687.68,4.684,80.42,32.72,0.413,0.1229,14.07,5.5,847.36,cruise,overheating,0.989
2026-09-28T00:19:24.902077+00:00,1981.8,65.49,60.13,175.61,688.56,4.636,80.25,32.95,0.391,0.1255,14.09,5.45,847.32,cruise,overheating,1.0
2026-09-28T00:19:25.902077+00:00,1984.3,65.04,60.25,176.08,690.36,4.608,80.53,32.7,0.404,0.1258,14.01,5.44,847.29,cruise,overheating,1.0
2026-09-28T00:19:26.902077+00:00,1985.9,64.99,60.52,176.29,689.39,4.615,80.56,32.75,0.406,0.1281,13.98,5.49,847.2,cruise,overheating,1.0
2026-09-28T00:19:27.902077+00:00,1980.8,64.78,60.84,175.79,690.17,4.623,80.52,32.56,0.408,0.1335,14.08,5.52,847.17,cruise,overheating,1.0
2026-09-28T00:19:28.902077+00:00,1978.7,64.87,60.41,176.08,692.8,4.597,80.74,32.12,0.391,0.1297,14.03,5.51,847.13,cruise,overheating,1.0
2026-09-28T00:19:29.902077+00:00,1979.8,64.94,60.32,176.34,691.41,4.617,80.74,31.94,0.402,0.1294,14.03,5.5,847.1,cruise,overheating,1.0
2026-09-28T00:19:30.902077+00:00,1977.7,64.93,60.52,176.78,688.23,4.586,80.55,31.91,0.403,0.1245,14.03,5.44,847.11,cruise,overheating,1.0
2026-09-28T00:19:31.902077+00:00,1982.7,64.42,60.27,176.61,688.36,4.599,80.65,31.58,0.402,0.1225,14.14,5.39,847.02,cruise,overheating,1.0
2026-09-28T00:19:32.902077+00:00,1981.2,64.88,61.29,176.94,690.57,4.574,80.8,31.88,0.403,0.1237,14.13,5.4,846.99,cruise,overheating,1.0
2026-09-28T00:19:33.902077+00:00,1981.3,64.7,61.53,177.13,691.96,4.593,81.09,32.12,0.395,0.1318,14.13,5.33,847.02,cruise,overheating,1.0
2026-09-28T00:19:34.902077+00:00,1980.5,64.68,61.08,177.66,691.89,4.583,81.15,32.36,0.4,0.1359,14.08,5.35,847.06,cruise,overheating,1.0
2026-09-28T00:19:35.902077+00:00,1987.5,64.85,60.68,177.86,692.53,4.581,81.06,32.17,0.413,0.1339,14.1,5.33,847.09,cruise,overheating,1.0
2026-09-28T00:19:36.902077+00:00,1985.9,65.21,60.35,178.69,693.57,4.608,81.12,32.52,0.404,0.1291,14.15,5.26,847.04,cruise,overheating,1.0
2026-09-28T00:19:37.902077+00:00,1980.4,65.45,60.21,178.74,695.32,4.62,81.26,32.21,0.403,0.1341,14.13,5.24,847.01,cruise,overheating,1.0
2026-09-28T00:19:38.902077+00:00,1975.5,65.29,60.24,178.46,699.27,4.619,80.95,32.23,0.402,0.1235,14.12,5.22,846.95,cruise,overheating,1.0
2026-09-28T00:19:39.902077+00:00,1977.1,65.0,60.44,178.99,702.28,4.611,80.77,32.02,0.402,0.1185,14.17,5.27,846.98,cruise,overheating,1.0
2026-09-28T00:19:40.902077+00:00,1984.8,64.81,60.34,178.99,700.62,4.567,80.82,31.85,0.398,0.1157,14.03,5.23,846.93,cruise,overheating,1.0
2026-09-28T00:19:41.902077+00:00,1988.6,65.05,60.33,179.59,700.5,4.578,80.92,32.11,0.402,0.1175,14.12,5.21,846.81,cruise,overheating,1.0
2026-09-28T00:19:42.902077+00:00,1986.6,64.77,60.12,179.66,697.04,4.568,80.73,32.46,0.414,0.1096,14.09,5.24,846.83,cruise,overheating,1.0
2026-09-28T00:19:43.902077+00:00,1983.8,65.25,60.43,179.8,695.38,4.581,80.79,32.46,0.4,0.1095,14.05,5.22,846.83,cruise,overheating,1.0
2026-09-28T00:19:44.902077+00:00,1979.5,65.21,60.27,180.02,696.63,4.623,80.41,32.56,0.407,0.1117,14.09,5.27,846.76,cruise,overheating,1.0
2026-09-28T00:19:45.902077+00:00,1981.0,64.94,60.05,179.99,696.51,4.602,80.35,32.24,0.416,0.108,14.15,5.27,846.71,cruise,overheating,1.0
2026-09-28T00:19:46.902077+00:00,1980.1,64.35,59.91,179.43,694.2,4.606,80.35,31.86,0.404,0.1053,14.13,5.36,846.66,cruise,overheating,1.0
2026-09-28T00:19:47.902077+00:00,1978.4,64.66,60.54,180.55,694.26,4.61,80.34,31.97,0.405,0.0986,14.14,5.29,846.66,cruise,overheating,1.0
2026-09-28T00:19:48.902077+00:00,1979.4,65.05,60.49,180.66,694.01,4.646,80.58,32.13,0.406,0.1084,14.22,5.28,846.75,cruise,overheating,1.0
2026-09-28T00:19:49.902077+00:00,1984.6,64.93,60.55,181.3,691.78,4.624,80.66,32.58,0.412,0.1136,14.25,5.28,846.68,cruise,overheating,1.0
2026-09-28T00:19:50.902077+00:00,1983.0,65.07,60.75,181.54,686.57,4.628,80.61,32.77,0.43,0.1134,14.23,5.35,846.68,cruise,overheating,1.0
2026-09-28T00:19:51.902077+00:00,1981.2,64.83,60.58,181.08,689.25,4.606,80.65,32.73,0.412,0.1118,14.17,5.28,846.55,cruise,overheating,1.0
2026-09-28T00:19:52.902077+00:00,1982.3,64.67,60.55,181.22,689.34,4.577,80.85,32.81,0.407,0.1034,14.12,5.32,846.6,cruise,overheating,1.0
2026-09-28T00:19:53.902077+00:00,1986.5,64.83,60.41,181.46,688.31,4.585,80.88,32.61,0.401,0.1084,14.05,5.38,846.67,cruise,overheating,1.0
2026-09-28T00:19:54.902077+00:00,1984.4,65.06,60.59,181.82,688.17,4.604,81.04,32.9,0.408,0.1125,14.05,5.45,846.68,cruise,overheating,1.0
2026-09-28T00:19:55.902077+00:00,1980.1,64.81,60.73,182.04,688.17,4.57,81.18,32.6,0.407,0.1097,14.02,5.51,846.59,cruise,overheating,1.0
2026-09-28T00:19:56.902077+00:00,1975.7,65.09,60.75,182.03,688.86,4.558,81.13,32.54,0.419,0.1149,14.05,5.41,846.57,cruise,overheating,1.0
2026-09-28T00:19:57.902077+00:00,1974.7,65.2,60.86,181.64,686.4,4.557,81.35,32.35,0.428,0.124,14.13,5.45,846.63,cruise,overheating,1.0
2026-09-28T00:19:58.902077+00:00,1979.6,65.01,60.4,181.61,683.82,4.555,81.58,32.49,0.413,0.1285,14.08,5.47,846.56,cruise,overheating,1.0
2026-09-28T00:19:59.902077+00:00,1983.9,65.76,60.93,182.17,683.98,4.562,81.82,32.84,0.402,0.1384,14.06,5.43,846.47,cruise,overheating,1.0
2026-09-28T00:20:00.902077+00:00,1991.2,65.72,61.34,182.27,685.16,4.546,81.62,32.8,0.411,0.1327,14.1,5.36,846.57,cruise,overheating,1.0
2026-09-28T00:20:01.902077+00:00,1991.2,65.27,61.81,182.66,684.45,4.555,81.55,32.51,0.414,0.1238,13.99,5.38,846.55,cruise,overheating,1.0
2026-09-28T00:20:02.902077+00:00,1984.3,64.88,61.48,182.61,685.91,4.577,81.29,32.26,0.403,0.1234,14.07,5.4,846.55,cruise,overheating,1.0
2026-09-28T00:20:03.902077+00:00,1983.7,65.08,60.87,182.37,689.67,4.542,81.17,32.54,0.399,0.1228,14.1,5.47,846.54,cruise,overheating,1.0
2026-09-28T00:20:04.902077+00:00,1986.5,65.13,60.27,183.01,694.88,4.53,81.31,32.48,0.395,0.1094,14.08,5.43,846.54,cruise,overheating,1.0
2026-09-28T00:20:05.902077+00:00,1985.1,65.1,60.43,182.81,694.05,4.546,81.21,32.6,0.399,0.1095,14.04,5.35,846.57,cruise,overheating,1.0
2026-09-28T00:20:06.902077+00:00,1988.8,65.04,60.15,183.02,692.22,4.569,81.24,31.9,0.394,0.1077,14.04,5.31,846.57,cruise,overheating,1.0
2026-09-28T00:20:07.902077+00:00,1983.7,64.87,59.67,183.05,692.39,4.583,81.29,31.69,0.401,0.1144,14.01,5.29,846.58,cruise,overheating,1.0
2026-09-28T00:20:08.902077+00:00,1986.2,64.92,59.89,183.25,691.15,4.556,81.54,31.66,0.421,0.1152,14.03,5.26,846.56,cruise,overheating,1.0
2026-09-28T00:20:09.902077+00:00,1989.4,65.08,61.19,183.29,690.19,4.507,81.73,31.88,0.404,0.1113,14.06,5.22,846.52,cruise,overheating,1.0
2026-09-28T00:20:10.902077+00:00,1989.1,64.93,61.19,183.43,693.66,4.512,81.69,32.09,0.414,0.109,14.01,5.25,846.47,cruise,overheating,1.0
2026-09-28T00:20:11.902077+00:00,1989.3,64.45,61.29,182.8,693.65,4.576,81.76,32.07,0.421,0.109,13.98,5.28,846.45,cruise,overheating,1.0
2026-09-28T00:20:12.902077+00:00,1982.6,64.65,60.9,182.67,693.56,4.558,81.84,32.22,0.415,0.1165,14.05,5.19,846.37,cruise,overheating,1.0
2026-09-28T00:20:13.902077+00:00,1982.7,64.75,61.39,183.08,691.56,4.537,81.81,31.98,0.428,0.1201,14.07,5.21,846.34,cruise,overheating,1.0
2026-09-28T00:20:14.902077+00:00,1985.3,64.66,60.97,182.96,695.75,4.582,81.93,32.05,0.412,0.1156,14.11,5.23,846.4,cruise,overheating,1.0
2026-09-28T00:20:15.902077+00:00,1983.0,65.63,61.09,183.3,697.55,4.619,81.54,32.71,0.416,0.1073,14.09,5.29,846.46,cruise,overheating,1.0
2026-09-28T00:20:16.902077+00:00,1989.6,65.45,61.3,184.68,696.56,4.638,81.56,32.97,0.413,0.1011,14.02,5.31,846.42,cruise,overheating,1.0
2026-09-28T00:20:17.902077+00:00,1984.5,65.54,61.73,185.48,696.03,4.658,81.55,32.6,0.424,0.0954,14.04,5.35,846.49,cruise,overheating,1.0
2026-09-28T00:20:18.902077+00:00,1981.1,65.48,61.27,186.0,698.3,4.606,81.9,32.79,0.429,0.0964,14.01,5.33,846.54,cruise,overheating,1.0
2026-09-28T00:20:19.902077+00:00,1984.1,64.98,60.13,185.99,699.47,4.582,81.81,32.74,0.427,0.0976,13.93,5.33,846.51,cruise,overheating,1.0
2026-09-28T00:20:20.902077+00:00,1980.6,64.77,60.4,185.94,703.46,4.566,81.74,32.73,0.425,0.0966,13.94,5.36,846.53,cruise,overheating,1.0
2026-09-28T00:20:21.902077+00:00,1973.8,64.92,60.42,185.78,702.01,4.552,81.88,32.08,0.425,0.0998,13.98,5.23,846.49,cruise,overheating,1.0
2026-09-28T00:20:22.902077+00:00,1970.3,64.68,60.35,186.54,704.21,4.525,82.12,31.9,0.43,0.102,14.01,5.27,846.5,cruise,overheating,1.0
2026-09-28T00:20:23.902077+00:00,1968.6,64.56,59.84,186.41,701.95,4.537,82.24,31.88,0.441,0.1027,14.01,5.23,846.47,cruise,overheating,1.0
2026-09-28T00:20:24.902077+00:00,1974.3,64.88,60.49,186.86,705.51,4.513,82.44,31.99,0.428,0.1083,13.95,5.24,846.42,cruise,overheating,1.0
2026-09-28T00:20:25.902077+00:00,1974.9,65.11,60.79,187.06,707.03,4.536,82.42,32.2,0.419,0.1034,13.95,5.19,846.43,cruise,overheating,1.0
2026-09-28T00:20:26.902077+00:00,1977.5,64.83,60.27,187.55,707.81,4.523,82.49,32.43,0.414,0.1134,13.98,5.21,846.45,cruise,overheating,1.0
2026-09-28T00:20:27.902077+00:00,1975.2,63.9,60.8,187.51,709.11,4.499,82.67,32.53,0.423,0.1179,14.11,5.26,846.49,cruise,overheating,1.0
2026-09-28T00:20:28.902077+00:00,1977.4,65.06,60.87,186.94,707.48,4.441,82.61,32.6,0.434,0.1093,14.15,5.26,846.52,cruise,overheating,1.0
2026-09-28T00:20:29.902077+00:00,1976.4,64.6,60.82,186.99,707.68,4.446,82.49,32.51,0.404,0.1108,14.13,5.33,846.48,cruise,overheating,1.0
2026-09-28T00:20:30.902077+00:00,1976.8,64.55,60.69,187.72,706.63,4.433,82.56,32.29,0.412,0.112,14.13,5.3,846.4,cruise,overheating,1.0
2026-09-28T00:20:31.902077+00:00,1981.1,64.63,60.33,187.35,706.65,4.427,82.65,32.16,0.406,0.1128,14.13,5.32,846.33,cruise,overheating,1.0
2026-09-28T00:20:32.902077+00:00,1985.0,64.9,60.52,187.31,708.78,4.468,82.54,32.52,0.399,0.1073,14.21,5.26,846.29,cruise,overheating,1.0
2026-09-28T00:20:33.902077+00:00,1981.6,64.94,60.44,187.18,711.99,4.506,82.59,32.27,0.4,0.0917,14.23,5.31,846.16,cruise,overheating,1.0
2026-09-28T00:20:34.902077+00:00,1980.6,65.29,60.93,187.47,709.8,4.471,82.97,32.41,0.398,0.0934,14.2,5.28,846.15,cruise,overheating,1.0
2026-09-28T00:20:35.902077+00:00,1981.9,64.68,60.98,187.19,707.62,4.498,83.08,32.46,0.385,0.1007,14.12,5.33,846.18,cruise,overheating,1.0
2026-09-28T00:20:36.902077+00:00,1988.3,65.22,60.82,188.23,703.28,4.502,83.19,32.54,0.391,0.1066,14.11,5.35,846.08,cruise,overheating,1.0
2026-09-28T00:20:37.902077+00:00,1984.3,64.8,61.32,187.91,706.04,4.501,83.5,32.86,0.4,0.109,14.18,5.39,845.96,cruise,overheating,1.0
2026-09-28T00:20:38.902077+00:00,1986.7,64.8,61.18,188.29,701.81,4.526,83.55,32.86,0.399,0.1146,14.15,5.36,846.01,cruise,overheating,1.0
2026-09-28T00:20:39.902077+00:00,1986.7,64.55,60.7,188.3,704.28,4.539,83.55,32.6,0.397,0.1038,14.21,5.3,846.05,cruise,overheating,1.0
2026-09-28T00:20:40.902077+00:00,1986.8,64.85,60.79,188.59,703.57,4.559,83.7,32.61,0.387,0.0998,14.18,5.3,846.0,cruise,overheating,1.0
2026-09-28T00:20:41.902077+00:00,1985.7,65.28,60.18,188.39,706.75,4.537,83.89,32.56,0.392,0.0944,14.16,5.28,846.01,cruise,overheating,1.0
2026-09-28T00:20:42.902077+00:00,1988.9,64.94,60.61,188.78,704.44,4.573,84.05,32.55,0.41,0.0928,14.2,5.28,845.99,cruise,overheating,1.0
2026-09-28T00:20:43.902077+00:00,1991.0,65.0,60.65,188.45,701.65,4.536,83.73,32.52,0.398,0.0988,14.08,5.2,845.92,cruise,overheating,1.0
2026-09-28T00:20:44.902077+00:00,1992.6,65.58,60.48,188.69,697.46,4.536,83.87,32.15,0.416,0.104,14.05,5.2,845.82,cruise,overheating,1.0
2026-09-28T00:20:45.902077+00:00,1988.4,65.66,60.62,188.83,697.09,4.569,83.95,32.18,0.421,0.102,14.02,5.2,845.81,cruise,overheating,1.0
2026-09-28T00:20:46.902077+00:00,1988.3,64.97,60.78,188.77,697.32,4.567,83.9,32.27,0.401,0.0958,14.05,5.14,845.89,cruise,overheating,1.0
2026-09-28T00:20:47.902077+00:00,1989.6,64.62,61.01,188.59,698.13,4.554,84.05,32.25,0.409,0.103,14.03,5.18,845.9,cruise,overheating,1.0
2026-09-28T00:20:48.902077+00:00,1985.5,64.91,60.5,188.83,698.58,4.556,84.24,32.16,0.42,0.1154,14.05,5.17,845.84,cruise,overheating,1.0
2026-09-28T00:20:49.902077+00:00,1984.9,64.8,60.15,189.35,703.79,4.525,84.34,32.13,0.421,0.113,14.06,5.18,845.84,cruise,overheating,1.0
2026-09-28T00:20:50.902077+00:00,1981.5,64.98,59.56,189.75,700.67,4.561,84.96,32.18,0.408,0.1161,14.11,5.27,845.8,cruise,overheating,1.0
2026-09-28T00:20:51.902077+00:00,1980.1,64.91,59.75,190.19,702.84,4.542,85.01,32.23,0.39,0.1112,14.06,5.3,845.77,cruise,overheating,1.0
2026-09-28T00:20:52.902077+00:00,1981.5,64.8,60.04,190.04,703.11,4.557,85.01,32.37,0.393,0.1181,14.11,5.38,845.75,cruise,overheating,1.0
2026-09-28T00:20:53.902077+00:00,1979.5,64.75,60.32,190.24,702.43,4.578,84.91,32.19,0.399,0.1287,14.11,5.47,845.85,cruise,overheating,1.0
2026-09-28T00:20:54.902077+00:00,1985.0,65.6,60.3,190.29,699.84,4.556,84.83,32.38,0.408,0.1228,14.08,5.56,845.83,cruise,overheating,1.0
2026-09-28T00:20:55.902077+00:00,1980.9,65.12,60.19,190.42,700.64,4.542,84.98,32.38,0.411,0.1094,14.14,5.57,845.85,cruise,overheating,1.0
2026-09-28T00:20:56.902077+00:00,1982.6,65.24,60.11,190.09,696.68,4.539,84.89,32.18,0.398,0.113,14.03,5.5,845.96,cruise,overheating,1.0
2026-09-28T00:20:57.902077+00:00,1988.9,64.81,60.47,190.25,697.09,4.521,84.96,32.07,0.414,0.1063,14.05,5.51,845.96,cruise,overheating,1.0
2026-09-28T00:20:58.902077+00:00,1983.5,64.5,60.23,190.28,696.37,4.545,85.26,32.0,0.419,0.1034,14.08,5.52,846.03,cruise,overheating,1.0
2026-09-28T00:20:59.902077+00:00,1979.1,64.37,60.2,189.99,698.46,4.535,85.38,32.06,0.426,0.1097,14.13,5.47,846.0,cruise,overheating,1.0
2026-09-28T00:21:00.902077+00:00,1985.7,64.45,60.54,189.74,694.57,4.553,85.64,32.11,0.424,0.1055,14.2,5.49,845.99,cruise,overheating,1.0
2026-09-28T00:21:01.902077+00:00,1982.5,64.72,60.39,189.65,695.75,4.533,85.86,32.06,0.422,0.1099,14.23,5.57,845.9,cruise,overheating,1.0
2026-09-28T00:21:02.902077+00:00,1978.6,64.4,60.54,189.49,700.53,4.51,85.82,32.53,0.438,0.107,14.16,5.63,845.87,cruise,overheating,1.0
2026-09-28T00:21:03.902077+00:00,1979.5,64.67,61.32,188.83,697.26,4.52,86.01,32.78,0.442,0.1078,14.05,5.68,845.82,cruise,overheating,1.0
2026-09-28T00:21:04.902077+00:00,1979.5,65.01,61.19,188.81,698.97,4.53,86.03,32.64,0.428,0.0932,14.1,5.65,845.83,cruise,overheating,1.0
2026-09-28T00:21:05.902077+00:00,1977.8,65.27,61.23,188.61,697.42,4.503,86.01,32.85,0.432,0.0933,14.1,5.65,845.82,cruise,overheating,1.0
2026-09-28T00:21:06.902077+00:00,1978.0,65.82,61.33,188.6,695.01,4.536,86.09,32.56,0.428,0.0859,14.1,5.69,845.81,cruise,overheating,1.0
2026-09-28T00:21:07.902077+00:00,1983.0,65.63,60.8,189.25,690.78,4.552,85.95,32.61,0.415,0.0888,14.06,5.65,845.86,cruise,overheating,1.0
2026-09-28T00:21:08.902077+00:00,1986.5,65.38,61.41,189.79,691.41,4.508,86.17,32.46,0.427,0.0984,14.05,5.67,845.85,cruise,overheating,1.0
2026-09-28T00:21:09.902077+00:00,1987.1,64.86,61.53,189.29,690.02,4.498,86.41,32.78,0.432,0.0941,14.12,5.65,845.8,cruise,overheating,1.0
2026-09-28T00:21:10.902077+00:00,1984.3,65.17,61.61,188.99,685.93,4.517,86.4,32.5,0.426,0.0875,14.18,5.59,845.86,cruise,overheating,1.0
2026-09-28T00:21:11.902077+00:00,1991.1,65.17,60.77,189.27,685.29,4.493,86.5,32.61,0.419,0.0892,14.16,5.65,845.89,cruise,overheating,1.0
2026-09-28T00:21:12.902077+00:00,1991.6,64.21,60.27,189.27,684.29,4.521,86.63,32.11,0.421,0.0881,14.08,5.66,845.96,cruise,overheating,1.0
2026-09-28T00:21:13.902077+00:00,1990.7,64.19,59.68,189.19,686.86,4.548,86.72,32.01,0.433,0.0849,14.16,5.64,845.95,cruise,overheating,1.0
2026-09-28T00:21:14.902077+00:00,1985.8,64.91,60.45,188.95,684.21,4.512,86.67,32.02,0.422,0.085,14.2,5.68,845.98,cruise,overheating,1.0
2026-09-28T00:21:15.902077+00:00,1987.3,65.16,60.45,189.23,684.38,4.497,86.98,32.2,0.412,0.0866,14.16,5.75,845.93,cruise,overheating,1.0
2026-09-28T00:21:16.902077+00:00,1986.2,65.42,59.82,189.35,686.31,4.505,87.01,32.41,0.412,0.0911,14.14,5.72,845.88,cruise,overheating,1.0
2026-09-28T00:21:17.902077+00:00,1981.0,65.32,59.92,189.75,684.53,4.459,86.83,32.61,0.409,0.0892,13.99,5.75,845.83,cruise,overheating,1.0
2026-09-28T00:21:18.902077+00:00,1979.1,65.27,59.52,190.64,687.52,4.488,87.09,32.36,0.404,0.0915,14.11,5.78,845.81,cruise,overheating,1.0
2026-09-28T00:21:19.902077+00:00,1976.5,65.1,59.44,190.6,684.9,4.46,86.72,31.93,0.409,0.102,14.13,5.86,845.74,cruise,overheating,1.0
2026-09-28T00:21:20.902077+00:00,1977.9,64.74,60.05,190.83,686.14,4.462,86.7,31.89,0.407,0.095,14.19,5.79,845.72,cruise,overheating,1.0
2026-09-28T00:21:21.902077+00:00,1978.1,64.69,60.11,190.44,687.3,4.444,86.68,31.57,0.399,0.1002,14.16,5.66,845.75,cruise,overheating,1.0
2026-09-28T00:21:22.902077+00:00,1978.0,64.37,59.99,190.68,690.36,4.406,86.69,31.63,0.403,0.0967,14.07,5.59,845.7,cruise,overheating,1.0
2026-09-28T00:21:23.902077+00:00,1979.8,64.32,60.15,191.26,689.72,4.413,86.88,31.49,0.414,0.102,14.11,5.54,845.71,cruise,overheating,1.0
2026-09-28T00:21:24.902077+00:00,1982.0,64.82,60.01,191.51,692.75,4.402,86.9,31.92,0.41,0.1025,14.0,5.5,845.71,cruise,overheating,1.0
2026-09-28T00:21:25.902077+00:00,1984.8,64.36,60.06,191.52,693.15,4.399,87.1,32.27,0.391,0.1063,14.09,5.61,845.7,cruise,overheating,1.0
2026-09-28T00:21:26.902077+00:00,1986.2,64.7,59.41,191.22,691.94,4.427,86.84,32.22,0.4,0.1049,14.15,5.66,845.66,cruise,overheating,1.0
2026-09-28T00:21:27.902077+00:00,1992.3,64.91,60.11,191.51,694.27,4.423,87.02,31.62,0.383,0.1176,14.08,5.62,845.65,cruise,overheating,1.0
2026-09-28T00:21:28.902077+00:00,1988.5,65.29,60.11,191.92,694.55,4.45,87.34,31.93,0.38,0.1259,14.16,5.66,845.69,cruise,overheating,1.0
2026-09-28T00:21:29.902077+00:00,1991.1,64.91,60.18,191.78,696.79,4.445,87.21,31.78,0.4,0.1239,14.19,5.63,845.61,cruise,overheating,1.0
2026-09-28T00:21:30.902077+00:00,1989.8,64.76,60.46,191.89,694.24,4.425,87.18,32.48,0.406,0.1105,14.14,5.61,845.62,cruise,overheating,1.0
2026-09-28T00:21:31.902077+00:00,1995.2,64.5,60.15,191.56,691.74,4.441,87.17,32.32,0.414,0.1117,14.12,5.66,845.67,cruise,overheating,1.0
2026-09-28T00:21:32.902077+00:00,1987.0,64.98,60.01,190.8,695.85,4.49,87.42,32.04,0.419,0.1125,14.13,5.68,845.71,cruise,overheating,1.0
2026-09-28T00:21:33.902077+00:00,1992.7,65.4,60.25,190.94,699.5,4.418,87.67,32.43,0.414,0.1034,14.19,5.74,845.71,cruise,overheating,1.0
2026-09-28T00:21:34.902077+00:00,1990.9,65.4,59.72,190.68,698.23,4.471,87.64,32.05,0.411,0.113,14.12,5.77,845.68,cruise,overheating,1.0
2026-09-28T00:21:35.902077+00:00,1987.9,65.4,59.72,190.28,699.85,4.491,87.47,32.05,0.425,0.1215,14.18,5.71,845.62,cruise,overheating,1.0
2026-09-28T00:21:36.902077+00:00,1986.9,65.05,60.35,190.2,698.07,4.48,87.48,32.04,0.433,0.1263,14.25,5.7,845.69,cruise,overheating,1.0
2026-09-28T00:21:37.902077+00:00,1982.6,64.54,60.38,190.4,701.74,4.53,87.62,32.13,0.417,0.1178,14.17,5.81,845.67,cruise,overheating,1.0
2026-09-28T00:21:38.902077+00:00,1985.7,64.97,60.53,190.83,697.09,4.485,87.5,32.57,0.422,0.1131,14.17,5.81,845.64,cruise,overheating,1.0
2026-09-28T00:21:39.902077+00:00,1983.7,65.4,60.86,190.69,695.38,4.479,87.58,32.52,0.43,0.1087,14.14,5.82,845.65,cruise,overheating,1.0
2026-09-28T00:21:40.902077+00:00,1983.2,65.34,61.29,191.6,694.89,4.499,87.68,32.63,0.413,0.1135,14.16,5.74,845.63,cruise,overheating,1.0
2026-09-28T00:21:41.902077+00:00,1984.6,64.73,61.31,192.49,692.68,4.48,87.65,32.45,0.404,0.1121,14.07,5.68,845.69,cruise,overheating,1.0
2026-09-28T00:21:42.902077+00:00,1982.3,64.63,60.67,192.48,694.69,4.518,87.86,32.88,0.427,0.111,14.07,5.7,845.68,cruise,overheating,1.0
2026-09-28T00:21:43.902077+00:00,1982.9,64.82,60.54,191.93,697.01,4.571,87.68,32.51,0.426,0.1094,14.02,5.71,845.64,cruise,overheating,1.0
2026-09-28T00:21:44.902077+00:00,1984.7,64.67,60.55,192.27,698.41,4.535,88.0,32.2,0.43,0.1044,14.05,5.7,845.61,cruise,overheating,1.0
2026-09-28T00:21:45.902077+00:00,1982.9,64.5,60.2,192.69,695.26,4.52,88.01,32.22,0.434,0.108,14.1,5.71,845.58,cruise,overheating,1.0
2026-09-28T00:21:46.902077+00:00,1982.6,64.51,60.12,193.42,694.17,4.472,88.01,32.38,0.428,0.1135,14.0,5.65,845.63,cruise,overheating,1.0
2026-09-28T00:21:47.902077+00:00,1987.3,64.82,59.81,193.91,692.02,4.465,88.06,32.64,0.422,0.1233,14.06,5.75,845.57,cruise,overheating,1.0
2026-09-28T00:21:48.902077+00:00,1992.2,64.64,59.42,194.63,688.74,4.427,87.95,32.44,0.417,0.1229,13.97,5.76,845.66,cruise,overheating,1.0
2026-09-28T00:21:49.902077+00:00,1991.9,64.54,60.12,193.56,690.13,4.382,87.87,32.62,0.412,0.1238,14.05,5.74,845.69,cruise,overheating,1.0
2026-09-28T00:21:50.902077+00:00,1988.2,64.72,59.94,192.94,692.73,4.43,87.82,32.82,0.435,0.1179,13.97,5.74,845.7,cruise,overheating,1.0
2026-09-28T00:21:51.902077+00:00,1993.2,64.58,60.46,193.76,698.0,4.402,87.92,32.82,0.423,0.1123,13.88,5.74,845.68,cruise,overheating,1.0
2026-09-28T00:21:52.902077+00:00,1992.8,65.1,60.92,194.51,698.63,4.355,88.07,32.65,0.397,0.1121,13.98,5.77,845.65,cruise,overheating,1.0
2026-09-28T00:21:53.902077+00:00,1989.4,65.13,60.19,194.41,698.69,4.377,88.03,32.77,0.4,0.1109,14.0,5.77,845.64,cruise,overheating,1.0
2026-09-28T00:21:54.902077+00:00,1992.3,64.6,59.89,195.09,700.57,4.378,87.86,32.64,0.419,0.1067,13.97,5.72,845.58,cruise,overheating,1.0
2026-09-28T00:21:55.902077+00:00,1989.4,64.65,59.74,194.94,700.14,4.351,88.0,32.48,0.418,0.1042,14.03,5.71,845.55,cruise,overheating,1.0
2026-09-28T00:21:56.902077+00:00,1983.0,64.95,60.35,194.59,701.51,4.399,88.21,32.23,0.427,0.097,14.07,5.79,845.56,cruise,overheating,1.0
2026-09-28T00:21:57.902077+00:00,1982.3,65.07,60.97,195.37,701.49,4.425,88.25,32.44,0.425,0.092,14.06,5.76,845.66,cruise,overheating,1.0
2026-09-28T00:21:58.902077+00:00,1990.8,65.33,61.03,195.32,701.49,4.448,88.3,32.57,0.427,0.1005,14.15,5.73,845.73,cruise,overheating,1.0
2026-09-28T00:21:59.902077+00:00,1988.6,65.12,60.94,195.02,699.37,4.436,88.2,32.48,0.431,0.106,14.06,5.77,845.76,cruise,overheating,1.0
2026-09-28T00:22:00.902077+00:00,1986.4,64.64,61.12,195.22,699.11,4.453,88.03,32.41,0.424,0.0966,14.15,5.76,845.74,cruise,overheating,1.0
2026-09-28T00:22:01.902077+00:00,1988.9,64.82,60.41,195.56,699.6,4.434,88.15,32.34,0.407,0.0881,14.14,5.73,845.71,cruise,overheating,1.0
2026-09-28T00:22:02.902077+00:00,1997.9,64.46,59.97,195.71,702.77,4.482,88.05,32.2,0.418,0.0875,14.18,5.76,845.72,cruise,overheating,1.0
2026-09-28T00:22:03.902077+00:00,1993.9,65.06,60.15,195.7,702.6,4.445,88.15,32.29,0.427,0.092,14.17,5.79,845.78,cruise,overheating,1.0
2026-09-28T00:22:04.902077+00:00,1992.4,64.9,60.77,195.61,702.72,4.451,88.35,32.09,0.426,0.0935,14.17,5.75,845.81,cruise,overheating,1.0
2026-09-28T00:22:05.902077+00:00,1991.3,64.92,61.02,196.34,701.31,4.463,88.37,32.16,0.425,0.0896,14.09,5.79,845.79,cruise,overheating,1.0
2026-09-28T00:22:06.902077+00:00,1990.0,64.81,61.14,196.1,701.97,4.44,88.4,32.32,0.422,0.0978,14.1,5.77,845.7,cruise,overheating,1.0
2026-09-28T00:22:07.902077+00:00,1985.8,65.49,60.9,196.03,702.97,4.469,88.53,31.99,0.398,0.1004,14.17,5.74,845.64,cruise,overheating,1.0
2026-09-28T00:22:08.902077+00:00,1990.6,65.34,61.44,196.46,702.33,4.434,88.52,32.19,0.422,0.092,14.14,5.79,845.64,cruise,overheating,1.0
2026-09-28T00:22:09.902077+00:00,1989.7,65.53,61.2,196.52,705.07,4.495,88.42,32.18,0.418,0.0938,14.17,5.81,845.65,cruise,overheating,1.0
2026-09-28T00:22:10.902077+00:00,1987.8,65.73,61.01,196.45,704.46,4.514,88.22,32.59,0.412,0.1065,14.07,5.73,845.55,cruise,overheating,1.0
2026-09-28T00:22:11.902077+00:00,1988.9,65.7,60.47,196.89,705.15,4.503,88.33,32.31,0.402,0.0981,14.03,5.73,845.5,cruise,overheating,1.0
2026-09-28T00:22:12.902077+00:00,1989.0,65.61,61.32,197.66,707.82,4.474,88.57,32.33,0.399,0.1084,13.98,5.69,845.51,cruise,overheating,1.0
2026-09-28T00:22:13.902077+00:00,1985.7,65.24,61.24,197.22,706.43,4.471,88.65,32.37,0.398,0.1101,14.02,5.77,845.55,cruise,overheating,1.0
2026-09-28T00:22:14.902077+00:00,1988.0,65.36,60.91,197.61,706.09,4.44,88.51,32.31,0.397,0.1047,14.09,5.76,845.42,cruise,overheating,1.0
2026-09-28T00:22:15.902077+00:00,1988.1,65.68,61.25,197.34,703.82,4.468,88.82,32.39,0.405,0.1059,14.13,5.83,845.42,cruise,overheating,1.0
2026-09-28T00:22:16.902077+00:00,1991.8,65.76,61.89,197.47,700.86,4.462,88.87,32.28,0.42,0.108,14.14,5.82,845.35,cruise,overheating,1.0
2026-09-28T00:22:17.902077+00:00,1994.4,65.84,61.56,197.63,703.35,4.444,89.11,32.35,0.429,0.1042,14.12,5.79,845.37,cruise,overheating,1.0
2026-09-28T00:22:18.902077+00:00,1995.7,65.64,61.41,197.76,700.95,4.425,89.02,32.42,0.423,0.1063,14.14,5.78,845.4,cruise,overheating,1.0
2026-09-28T00:22:19.902077+00:00,1994.2,64.92,60.67,198.36,698.39,4.446,89.02,32.2,0.409,0.1097,14.1,5.73,845.44,cruise,overheating,1.0
2026-09-28T00:22:20.902077+00:00,1991.4,64.69,60.5,197.76,696.39,4.457,89.09,31.76,0.396,0.1101,14.12,5.69,845.5,cruise,overheating,1.0
2026-09-28T00:22:21.902077+00:00,1990.6,64.39,60.46,198.11,696.52,4.464,89.28,31.82,0.377,0.1141,14.14,5.69,845.51,cruise,overheating,1.0
2026-09-28T00:22:22.902077+00:00,1982.4,64.14,60.31,198.24,697.29,4.399,89.37,32.03,0.412,0.1113,14.18,5.67,845.58,cruise,overheating,1.0
2026-09-28T00:22:23.902077+00:00,1987.5,64.77,60.53,198.2,695.1,4.384,89.58,32.09,0.413,0.1084,14.15,5.58,845.6,cruise,overheating,1.0
2026-09-28T00:22:24.902077+00:00,1984.5,64.79,60.27,198.28,699.38,4.359,89.63,31.67,0.423,0.1014,14.13,5.63,845.61,cruise,overheating,1.0
2026-09-28T00:22:25.902077+00:00,1983.6,64.67,59.63,198.42,699.02,4.358,89.39,31.43,0.413,0.1047,14.04,5.61,845.57,cruise,overheating,1.0
2026-09-28T00:22:26.902077+00:00,1980.9,64.79,59.25,199.05,698.22,4.361,89.23,31.75,0.401,0.1093,13.96,5.63,845.52,cruise,overheating,1.0
2026-09-28T00:22:27.902077+00:00,1981.4,65.49,59.35,199.23,697.66,4.398,89.26,32.0,0.398,0.1015,14.01,5.54,845.49,cruise,overheating,1.0
2026-09-28T00:22:28.902077+00:00,1975.9,65.03,59.38,199.72,697.2,4.337,89.0,31.67,0.407,0.0915,13.96,5.56,845.49,cruise,overheating,1.0
2026-09-28T00:22:29.902077+00:00,1984.1,65.36,59.64,198.82,695.47,4.319,89.01,31.77,0.397,0.0889,14.08,5.54,845.46,cruise,overheating,1.0
2026-09-28T00:22:30.902077+00:00,1988.8,64.72,59.32,199.2,697.48,4.295,89.18,31.86,0.408,0.0897,14.18,5.54,845.51,cruise,overheating,1.0
2026-09-28T00:22:31.902077+00:00,1986.0,64.83,59.56,198.59,699.29,4.326,89.14,31.86,0.407,0.0956,14.16,5.55,845.54,cruise,overheating,1.0
2026-09-28T00:22:32.902077+00:00,1990.0,65.1,59.64,198.93,698.4,4.341,89.05,31.94,0.396,0.101,14.07,5.6,845.53,cruise,overheating,1.0
2026-09-28T00:22:33.902077+00:00,1991.7,65.12,60.07,199.2,696.71,4.366,89.02,31.86,0.389,0.0925,14.19,5.6,845.6,cruise,overheating,1.0
2026-09-28T00:22:34.902077+00:00,1989.7,65.0,60.08,199.17,696.1,4.419,88.82,31.81,0.397,0.0905,14.17,5.64,845.57,cruise,overheating,1.0
2026-09-28T00:22:35.902077+00:00,1986.2,64.99,60.26,199.74,698.95,4.363,88.92,31.67,0.407,0.0843,14.17,5.61,845.57,cruise,overheating,1.0
2026-09-28T00:22:36.902077+00:00,1989.8,64.47,59.42,199.8,698.25,4.38,89.03,31.87,0.413,0.0905,14.16,5.53,845.53,cruise,overheating,1.0
2026-09-28T00:22:37.902077+00:00,1987.9,64.51,59.29,200.05,698.21,4.439,88.94,31.89,0.406,0.0845,14.17,5.44,845.6,cruise,overheating,1.0
2026-09-28T00:22:38.902077+00:00,1985.9,64.82,59.28,200.2,697.7,4.402,88.94,31.78,0.404,0.0863,14.11,5.5,845.58,cruise,overheating,1.0
2026-09-28T00:22:39.902077+00:00,1982.2,64.93,59.52,199.47,700.01,4.382,89.23,31.87,0.411,0.0818,14.07,5.51,845.62,cruise,overheating,1.0
2026-09-28T00:22:40.902077+00:00,1985.7,64.01,59.82,199.86,698.33,4.41,89.22,31.97,0.41,0.0854,14.16,5.59,845.66,cruise,overheating,1.0
2026-09-28T00:22:41.902077+00:00,1988.3,64.59,59.83,200.57,696.18,4.406,89.28,31.73,0.412,0.094,14.17,5.58,845.68,cruise,overheating,1.0
2026-09-28T00:22:42.902077+00:00,1984.3,64.5,60.06,200.46,690.21,4.399,89.27,31.75,0.412,0.0847,14.13,5.61,845.72,cruise,overheating,1.0
2026-09-28T00:22:43.902077+00:00,1983.8,64.86,60.09,200.03,686.36,4.44,89.14,32.06,0.399,0.0943,14.17,5.65,845.71,cruise,overheating,1.0
2026-09-28T00:22:44.902077+00:00,1977.4,65.07,60.07,200.71,686.3,4.457,89.19,32.08,0.408,0.0943,14.12,5.68,845.77,cruise,overheating,1.0
2026-09-28T00:22:45.902077+00:00,1975.9,64.82,60.64,200.56,688.37,4.447,89.39,31.84,0.422,0.093,14.04,5.57,845.74,cruise,overheating,1.0
2026-09-28T00:22:46.902077+00:00,1975.5,65.25,60.28,200.59,685.91,4.45,89.4,32.08,0.416,0.1002,14.01,5.54,845.75,cruise,overheating,1.0
2026-09-28T00:22:47.902077+00:00,1982.5,65.13,61.09,200.19,686.36,4.486,89.42,32.01,0.399,0.1039,14.02,5.52,845.71,cruise,overheating,1.0
2026-09-28T00:22:48.902077+00:00,1980.0,65.11,61.12,199.7,688.5,4.514,89.66,31.95,0.408,0.1145,14.05,5.47,845.69,cruise,overheating,1.0
2026-09-28T00:22:49.902077+00:00,1978.4,64.9,61.45,199.51,688.88,4.491,89.6,32.51,0.405,0.1135,14.06,5.52,845.68,cruise,overheating,1.0
2026-09-28T00:22:50.902077+00:00,1985.8,65.2,61.17,200.04,689.63,4.413,89.68,32.76,0.398,0.1083,14.05,5.59,845.68,cruise,overheating,1.0
2026-09-28T00:22:51.902077+00:00,1986.3,65.22,60.79,199.75,689.58,4.358,89.78,32.59,0.396,0.114,14.02,5.56,845.7,cruise,overheating,1.0
2026-09-28T00:22:52.902077+00:00,1985.6,65.41,60.43,199.42,689.64,4.389,90.0,32.38,0.394,0.1108,14.06,5.53,845.71,cruise,overheating,1.0
2026-09-28T00:22:53.902077+00:00,1985.8,65.78,60.98,199.75,689.89,4.406,89.96,32.48,0.394,0.1065,14.08,5.44,845.78,cruise,overheating,1.0
2026-09-28T00:22:54.902077+00:00,1987.0,65.57,60.66,199.53,690.47,4.461,90.06,32.58,0.385,0.11,14.03,5.41,845.84,cruise,overheating,1.0
2026-09-28T00:22:55.902077+00:00,1983.3,65.62,60.79,199.2,690.58,4.463,89.88,32.66,0.384,0.1028,14.1,5.51,845.74,cruise,overheating,1.0
2026-09-28T00:22:56.902077+00:00,1980.3,65.0,60.48,199.39,690.51,4.437,90.01,32.4,0.417,0.1055,14.1,5.52,845.78,cruise,overheating,1.0
2026-09-28T00:22:57.902077+00:00,1975.7,65.47,60.89,199.27,686.59,4.453,90.14,32.43,0.424,0.1124,14.1,5.54,845.74,cruise,overheating,1.0
2026-09-28T00:22:58.902077+00:00,1982.3,65.57,61.28,199.25,687.34,4.467,90.1,32.43,0.417,0.1095,14.2,5.57,845.64,cruise,overheating,1.0
2026-09-28T00:22:59.902077+00:00,1980.0,65.68,61.05,199.09,690.18,4.48,90.14,32.72,0.419,0.1121,14.05,5.54,845.67,cruise,overheating,1.0
2026-09-28T00:23:00.902077+00:00,1979.9,65.59,61.11,198.87,690.48,4.522,90.11,32.87,0.418,0.1138,13.98,5.56,845.65,cruise,overheating,1.0
2026-09-28T00:23:01.902077+00:00,1980.1,65.47,61.08,198.94,688.54,4.516,90.32,32.87,0.417,0.1158,14.02,5.54,845.74,cruise,overheating,1.0
2026-09-28T00:23:02.902077+00:00,1985.1,65.69,61.16,199.14,689.14,4.508,90.56,32.69,0.414,0.1142,13.95,5.53,845.78,cruise,overheating,1.0
2026-09-28T00:23:03.902077+00:00,1983.2,65.55,60.94,199.51,688.97,4.471,90.4,32.62,0.396,0.1067,13.99,5.51,845.65,cruise,overheating,1.0
2026-09-28T00:23:04.902077+00:00,1983.0,64.98,60.67,200.05,687.73,4.452,90.5,32.65,0.402,0.1076,13.95,5.47,845.62,cruise,overheating,1.0
2026-09-28T00:23:05.902077+00:00,1986.5,65.16,60.41,200.06,688.5,4.488,90.55,32.3,0.406,0.0953,14.01,5.38,845.59,cruise,overheating,1.0
2026-09-28T00:23:06.902077+00:00,1986.3,64.79,60.4,200.2,686.94,4.467,90.61,32.09,0.4,0.094,13.98,5.47,845.52,cruise,overheating,1.0
2026-09-28T00:23:07.902077+00:00,1991.0,64.85,61.29,200.85,692.99,4.507,90.78,32.22,0.407,0.0977,14.07,5.48,845.56,cruise,overheating,1.0
2026-09-28T00:23:08.902077+00:00,1989.6,65.21,61.61,201.01,694.98,4.45,90.91,32.39,0.425,0.1016,14.07,5.44,845.53,cruise,overheating,1.0
2026-09-28T00:23:09.902077+00:00,1995.2,64.74,60.94,200.96,693.62,4.508,91.15,32.56,0.425,0.1011,14.09,5.42,845.51,cruise,overheating,1.0
2026-09-28T00:23:10.902077+00:00,1999.4,64.6,61.11,201.38,693.77,4.516,91.51,32.55,0.424,0.0985,14.07,5.34,845.55,cruise,overheating,1.0
2026-09-28T00:23:11.902077+00:00,1987.4,64.77,61.15,201.83,692.43,4.498,91.82,32.69,0.417,0.0882,14.04,5.31,845.6,cruise,overheating,1.0
2026-09-28T00:23:12.902077+00:00,1983.8,64.97,60.47,201.5,693.82,4.493,91.59,32.92,0.407,0.0934,14.09,5.26,845.52,cruise,overheating,1.0
2026-09-28T00:23:13.902077+00:00,1992.6,64.89,60.22,201.73,691.6,4.472,91.67,32.9,0.405,0.0973,14.11,5.28,845.53,cruise,overheating,1.0
2026-09-28T00:23:14.902077+00:00,1989.7,64.66,60.52,202.12,692.51,4.446,91.67,33.1,0.391,0.1033,14.14,5.27,845.55,cruise,overheating,1.0
2026-09-28T00:23:15.902077+00:00,1995.0,65.07,60.26,202.62,691.95,4.485,91.44,32.76,0.412,0.1056,14.15,5.29,845.59,cruise,overheating,1.0
2026-09-28T00:23:16.902077+00:00,1994.8,64.91,59.92,202.49,696.46,4.499,91.68,32.26,0.412,0.1057,14.15,5.3,845.59,cruise,overheating,1.0
2026-09-28T00:23:17.902077+00:00,1994.9,65.09,60.57,203.3,697.53,4.503,91.68,31.74,0.397,0.0975,14.07,5.21,845.55,cruise,overheating,1.0
2026-09-28T00:23:18.902077+00:00,1993.9,65.12,60.26,202.96,698.22,4.536,91.59,31.96,0.401,0.1077,14.07,5.26,845.59,cruise,overheating,1.0
2026-09-28T00:23:19.902077+00:00,1987.8,64.94,59.82,203.08,696.22,4.522,91.49,31.89,0.395,0.1089,14.04,5.28,845.55,cruise,overheating,1.0
2026-09-28T00:23:20.902077+00:00,1986.4,65.22,60.56,203.32,696.95,4.495,91.56,32.03,0.417,0.113,14.03,5.3,845.57,cruise,overheating,1.0
2026-09-28T00:23:21.902077+00:00,1984.9,64.77,60.35,202.5,694.43,4.521,91.62,32.18,0.415,0.1126,14.07,5.35,845.63,cruise,overheating,1.0
2026-09-28T00:23:22.902077+00:00,1985.5,65.44,60.0,202.86,693.92,4.474,91.71,32.59,0.406,0.1139,14.13,5.27,845.63,cruise,overheating,1.0
2026-09-28T00:23:23.902077+00:00,1984.7,65.07,60.42,203.07,693.94,4.456,91.81,32.08,0.392,0.1205,14.08,5.15,845.58,cruise,overheating,1.0
2026-09-28T00:23:24.902077+00:00,1986.8,64.59,60.86,203.07,695.21,4.464,91.68,32.34,0.39,0.1097,14.02,5.17,845.54,cruise,overheating,1.0
2026-09-28T00:23:25.902077+00:00,1993.2,64.74,61.15,203.19,693.33,4.429,91.66,32.07,0.394,0.1143,14.05,5.12,845.42,cruise,overheating,1.0
2026-09-28T00:23:26.902077+00:00,1993.1,64.49,61.4,202.9,693.91,4.409,91.81,32.11,0.396,0.1212,14.1,5.21,845.35,cruise,overheating,1.0
2026-09-28T00:23:27.902077+00:00,1992.7,64.74,61.4,202.51,694.89,4.453,91.49,32.31,0.394,0.1215,14.04,5.27,845.47,cruise,overheating,1.0
2026-09-28T00:23:28.902077+00:00,1992.2,64.54,61.01,202.43,696.48,4.444,91.5,32.21,0.406,0.1217,14.12,5.24,845.44,cruise,overheating,1.0
2026-09-28T00:23:29.902077+00:00,1988.3,64.69,61.12,202.5,696.5,4.484,91.7,32.28,0.423,0.116,14.07,5.31,845.5,cruise,overheating,1.0
2026-09-28T00:23:30.902077+00:00,1985.9,64.98,60.49,202.36,701.68,4.521,91.89,31.98,0.425,0.1143,14.09,5.35,845.49,cruise,overheating,1.0
2026-09-28T00:23:31.902077+00:00,1992.4,64.46,60.92,202.44,699.34,4.542,92.08,32.09,0.424,0.1143,14.05,5.39,845.55,cruise,overheating,1.0
2026-09-28T00:23:32.902077+00:00,1991.5,64.53,61.43,202.31,700.63,4.509,92.09,32.45,0.416,0.1092,14.14,5.44,845.51,cruise,overheating,1.0
2026-09-28T00:23:33.902077+00:00,1987.9,64.68,61.44,202.41,699.39,4.539,92.19,32.55,0.397,0.126,14.19,5.49,845.56,cruise,overheating,1.0
2026-09-28T00:23:34.902077+00:00,1991.0,64.87,61.03,202.2,701.51,4.554,92.25,32.53,0.426,0.1213,14.14,5.5,845.51,cruise,overheating,1.0
2026-09-28T00:23:35.902077+00:00,1993.3,64.67,60.43,202.01,700.89,4.565,92.39,32.76,0.42,0.1141,14.18,5.48,845.55,cruise,overheating,1.0
2026-09-28T00:23:36.902077+00:00,1992.1,65.36,60.65,201.9,699.12,4.561,92.77,32.74,0.412,0.1151,14.13,5.49,845.51,cruise,overheating,1.0
2026-09-28T00:23:37.902077+00:00,1993.2,65.48,60.82,202.26,698.87,4.485,92.72,32.88,0.406,0.1169,14.08,5.51,845.51,cruise,overheating,1.0
2026-09-28T00:23:38.902077+00:00,1992.2,65.48,60.96,201.98,698.24,4.444,93.02,32.68,0.419,0.1065,14.02,5.52,845.54,cruise,overheating,1.0
2026-09-28T00:23:39.902077+00:00,1989.1,65.17,60.49,202.84,699.3,4.467,92.84,32.54,0.419,0.1198,14.09,5.5,845.61,cruise,overheating,1.0
2026-09-28T00:23:40.902077+00:00,1986.9,64.98,60.48,203.36,695.87,4.48,92.76,32.51,0.408,0.1111,14.14,5.45,845.66,cruise,overheating,1.0
2026-09-28T00:23:41.902077+00:00,1988.0,64.68,60.26,202.14,695.48,4.477,92.96,32.35,0.427,0.1108,14.1,5.42,845.75,cruise,overheating,1.0
2026-09-28T00:23:42.902077+00:00,1986.5,64.7,60.08,202.47,691.73,4.467,92.79,32.41,0.423,0.1076,14.03,5.44,845.8,cruise,overheating,1.0
2026-09-28T00:23:43.902077+00:00,1977.3,65.03,60.43,202.69,694.57,4.491,92.97,32.38,0.42,0.1172,14.05,5.45,845.8,cruise,overheating,1.0
2026-09-28T00:23:44.902077+00:00,1974.0,64.96,60.08,202.16,694.73,4.495,92.96,32.37,0.426,0.1227,14.08,5.51,845.78,cruise,overheating,1.0
2026-09-28T00:23:45.902077+00:00,1974.4,64.39,60.18,201.97,693.72,4.531,92.8,32.47,0.408,0.1051,14.09,5.45,845.74,cruise,overheating,1.0
2026-09-28T00:23:46.902077+00:00,1977.1,64.42,60.17,201.48,694.06,4.508,92.88,32.52,0.416,0.1144,14.01,5.46,845.65,cruise,overheating,1.0
2026-09-28T00:23:47.902077+00:00,1981.3,64.73,61.0,202.03,689.95,4.53,92.88,32.4,0.416,0.1146,13.96,5.49,845.68,cruise,overheating,1.0
2026-09-28T00:23:48.902077+00:00,1987.4,64.18,60.54,202.25,693.53,4.489,93.07,32.34,0.411,0.1143,14.02,5.51,845.71,cruise,overheating,1.0
2026-09-28T00:23:49.902077+00:00,1988.2,64.46,60.15,201.43,691.55,4.462,93.27,32.28,0.411,0.118,14.03,5.63,845.79,cruise,overheating,1.0
2026-09-28T00:23:50.902077+00:00,1983.4,64.53,59.96,202.06,691.65,4.422,93.55,32.05,0.398,0.1025,14.01,5.64,845.81,cruise,overheating,1.0
2026-09-28T00:23:51.902077+00:00,1980.1,64.6,59.77,202.08,689.25,4.425,93.41,31.72,0.397,0.1133,14.1,5.6,845.84,cruise,overheating,1.0
2026-09-28T00:23:52.902077+00:00,1986.6,64.83,59.52,201.08,688.36,4.427,93.45,31.6,0.409,0.1146,14.14,5.61,845.83,cruise,overheating,1.0
2026-09-28T00:23:53.902077+00:00,1990.0,64.75,60.31,200.95,688.15,4.472,93.46,31.74,0.386,0.1135,14.18,5.54,845.92,cruise,overheating,1.0
2026-09-28T00:23:54.902077+00:00,1990.1,64.82,61.09,200.92,689.42,4.446,93.43,31.95,0.395,0.1122,14.12,5.59,845.89,cruise,overheating,1.0
2026-09-28T00:23:55.902077+00:00,1988.5,64.23,60.77,200.8,688.71,4.427,93.49,32.18,0.403,0.113,14.08,5.65,845.95,cruise,overheating,1.0
2026-09-28T00:23:56.902077+00:00,1988.2,64.5,60.58,200.43,689.27,4.447,93.25,32.02,0.399,0.1013,14.11,5.72,845.96,cruise,overheating,1.0
2026-09-28T00:23:57.902077+00:00,1987.3,64.94,60.67,200.53,690.34,4.464,93.13,32.06,0.398,0.1,14.03,5.8,845.94,cruise,overheating,1.0
2026-09-28T00:23:58.902077+00:00,1983.8,65.24,60.49,200.93,691.94,4.449,92.97,31.99,0.397,0.1023,14.08,5.86,845.91,cruise,overheating,1.0
2026-09-28T00:23:59.902077+00:00,1981.9,64.87,60.26,200.74,695.43,4.45,92.92,31.72,0.393,0.1044,14.09,5.81,845.92,cruise,overheating,1.0
2026-09-28T00:24:00.902077+00:00,1978.3,64.89,60.16,200.03,696.61,4.486,92.97,31.56,0.4,0.1066,14.13,5.74,845.96,cruise,overheating,1.0
2026-09-28T00:24:01.902077+00:00,1982.6,64.64,60.39,199.33,695.46,4.487,93.15,31.79,0.399,0.1088,14.05,5.76,845.99,cruise,overheating,1.0
2026-09-28T00:24:02.902077+00:00,1983.5,64.93,60.47,198.9,692.9,4.475,92.74,31.96,0.406,0.1085,14.05,5.74,845.97,cruise,overheating,1.0
2026-09-28T00:24:03.902077+00:00,1983.5,64.9,59.99,199.15,693.62,4.466,92.82,32.02,0.395,0.1007,14.13,5.81,845.98,cruise,overheating,1.0
2026-09-28T00:24:04.902077+00:00,1979.2,64.93,60.28,198.72,693.31,4.481,92.96,32.26,0.41,0.1088,14.08,5.77,846.04,cruise,overheating,1.0
2026-09-28T00:24:05.902077+00:00,1974.9,64.9,60.87,199.12,694.1,4.479,93.13,32.57,0.412,0.113,14.08,5.84,846.02,cruise,overheating,1.0
2026-09-28T00:24:06.902077+00:00,1979.3,64.95,60.35,199.43,694.3,4.468,93.23,32.59,0.405,0.1197,14.02,5.77,846.01,cruise,overheating,1.0
2026-09-28T00:24:07.902077+00:00,1980.7,65.38,60.39,199.56,696.39,4.432,93.37,32.21,0.395,0.1256,14.05,5.78,845.99,cruise,overheating,1.0
2026-09-28T00:24:08.902077+00:00,1975.7,64.77,60.58,199.64,693.49,4.457,93.56,32.41,0.4,0.1219,14.04,5.81,846.0,cruise,overheating,1.0
2026-09-28T00:24:09.902077+00:00,1978.4,64.69,60.32,199.16,695.97,4.45,93.52,32.32,0.41,0.1275,14.08,5.78,846.04,cruise,overheating,1.0
2026-09-28T00:24:10.902077+00:00,1977.6,64.63,60.12,199.31,696.01,4.44,93.69,32.06,0.408,0.1164,14.1,5.73,845.97,cruise,overheating,1.0
2026-09-28T00:24:11.902077+00:00,1978.9,65.03,61.35,199.05,697.46,4.387,93.71,32.25,0.406,0.111,14.12,5.66,845.92,cruise,overheating,1.0
2026-09-28T00:24:12.902077+00:00,1977.2,64.89,61.27,199.1,696.15,4.389,93.83,32.51,0.391,0.1051,14.0,5.76,845.89,cruise,overheating,1.0
2026-09-28T00:24:13.902077+00:00,1979.1,64.91,61.05,199.48,696.13,4.39,94.01,32.53,0.396,0.1046,14.01,5.79,845.85,cruise,overheating,1.0
2026-09-28T00:24:14.902077+00:00,1978.9,64.91,60.93,199.13,697.01,4.377,93.92,32.79,0.396,0.1075,14.05,5.82,845.83,cruise,overheating,1.0
2026-09-28T00:24:15.902077+00:00,1983.0,65.05,60.36,198.95,696.15,4.364,93.76,32.65,0.408,0.1029,14.09,5.79,845.84,cruise,overheating,1.0
2026-09-28T00:24:16.902077+00:00,1989.1,65.13,60.1,198.66,696.19,4.354,93.64,32.62,0.399,0.1035,13.99,5.89,845.8,cruise,overheating,1.0
2026-09-28T00:24:17.902077+00:00,1988.0,64.88,60.23,199.23,698.33,4.38,93.71,32.11,0.39,0.1042,14.07,5.97,845.81,cruise,overheating,1.0
2026-09-28T00:24:18.902077+00:00,1987.6,64.47,60.19,198.84,700.98,4.398,93.73,32.29,0.4,0.1014,14.12,5.98,845.8,cruise,overheating,1.0
2026-09-28T00:24:19.902077+00:00,1987.8,64.77,60.76,198.93,702.85,4.415,93.46,32.01,0.395,0.0993,14.13,5.95,845.79,cruise,overheating,1.0
2026-09-28T00:24:20.902077+00:00,1979.6,64.74,60.45,199.32,706.46,4.398,93.67,31.7,0.398,0.1075,14.05,5.99,845.81,cruise,overheating,1.0
2026-09-28T00:24:21.902077+00:00,1982.3,65.12,60.53,198.69,707.4,4.417,93.9,31.93,0.406,0.1075,14.05,5.93,845.75,cruise,overheating,1.0
2026-09-28T00:24:22.902077+00:00,1982.8,65.26,60.72,198.6,707.28,4.439,93.89,32.22,0.401,0.1162,14.09,5.94,845.8,cruise,overheating,1.0
2026-09-28T00:24:23.902077+00:00,1984.0,65.27,60.72,198.22,705.84,4.412,94.0,31.85,0.396,0.1019,13.99,6.0,845.76,cruise,overheating,1.0
2026-09-28T00:24:24.902077+00:00,1981.5,65.28,61.05,197.14,705.9,4.42,93.88,32.42,0.416,0.0976,13.97,5.97,845.82,cruise,overheating,1.0
2026-09-28T00:24:25.902077+00:00,1982.8,65.12,61.17,197.15,705.28,4.39,93.97,32.72,0.413,0.1037,14.02,5.94,845.85,cruise,overheating,1.0
2026-09-28T00:24:26.902077+00:00,1979.6,64.44,60.46,197.5,700.58,4.36,93.82,32.71,0.419,0.0928,13.99,5.92,845.94,cruise,overheating,1.0
2026-09-28T00:24:27.902077+00:00,1977.0,64.19,59.56,197.94,701.47,4.413,94.0,32.2,0.409,0.0921,14.01,5.84,845.94,cruise,overheating,1.0
2026-09-28T00:24:28.902077+00:00,1977.2,64.28,60.32,197.2,701.94,4.443,93.96,31.88,0.412,0.1049,14.04,5.75,845.89,cruise,overheating,1.0
2026-09-28T00:24:29.902077+00:00,1971.4,64.25,60.31,197.56,704.02,4.446,93.82,32.17,0.402,0.107,14.09,5.76,845.95,cruise,overheating,1.0
2026-09-28T00:24:30.902077+00:00,1970.2,63.65,60.6,197.27,705.64,4.419,93.73,31.99,0.423,0.108,14.09,5.72,846.01,cruise,overheating,1.0
2026-09-28T00:24:31.902077+00:00,1971.2,64.2,60.13,197.22,705.32,4.368,93.83,31.73,0.427,0.1044,14.08,5.59,846.05,cruise,overheating,1.0
2026-09-28T00:24:32.902077+00:00,1972.6,64.45,60.39,197.12,701.5,4.423,93.74,32.07,0.433,0.0978,14.1,5.54,846.1,cruise,overheating,1.0
2026-09-28T00:24:33.902077+00:00,1971.2,64.42,59.91,197.47,703.27,4.363,93.79,31.98,0.445,0.1062,14.02,5.61,846.1,cruise,overheating,1.0
2026-09-28T00:24:34.902077+00:00,1978.0,64.91,60.41,197.29,703.92,4.404,93.8,32.01,0.432,0.1085,14.07,5.53,846.09,cruise,overheating,1.0
2026-09-28T00:24:35.902077+00:00,1981.5,65.33,60.62,197.23,702.94,4.4,93.78,32.08,0.42,0.1049,14.09,5.55,846.07,cruise,overheating,1.0
2026-09-28T00:24:36.902077+00:00,1980.3,65.06,60.58,196.98,702.59,4.373,93.81,32.14,0.415,0.1087,14.08,5.52,846.08,cruise,overheating,1.0
2026-09-28T00:24:37.902077+00:00,1982.7,64.72,60.33,196.85,701.96,4.349,93.99,32.35,0.393,0.1233,14.02,5.46,846.03,cruise,overheating,1.0
2026-09-28T00:24:38.902077+00:00,1979.9,64.19,60.11,196.61,702.92,4.351,93.99,32.29,0.415,0.1304,13.97,5.57,846.04,cruise,overheating,1.0
2026-09-28T00:24:39.902077+00:00,1982.4,65.05,60.06,197.02,708.9,4.34,94.19,32.32,0.416,0.1229,14.03,5.6,846.08,cruise,overheating,1.0
2026-09-28T00:24:40.902077+00:00,1985.1,64.54,60.53,197.0,709.11,4.386,94.35,32.14,0.409,0.1274,14.04,5.53,846.09,cruise,overheating,1.0
2026-09-28T00:24:41.902077+00:00,1983.7,64.54,60.67,196.75,709.23,4.405,94.51,32.03,0.392,0.1176,14.09,5.5,846.17,cruise,overheating,1.0
2026-09-28T00:24:42.902077+00:00,1980.6,65.3,61.37,197.14,706.2,4.44,94.29,32.03,0.401,0.1131,14.11,5.38,846.15,cruise,overheating,1.0
2026-09-28T00:24:43.902077+00:00,1982.8,65.53,61.28,196.95,705.02,4.463,94.05,32.36,0.396,0.1202,14.04,5.36,846.05,cruise,overheating,1.0
2026-09-28T00:24:44.902077+00:00,1986.8,65.52,61.28,196.97,705.4,4.453,93.86,32.21,0.388,0.1002,13.98,5.37,846.13,cruise,overheating,1.0
2026-09-28T00:24:45.902077+00:00,1980.1,65.45,60.94,197.11,703.24,4.449,94.06,32.6,0.406,0.1048,14.08,5.41,846.13,cruise,overheating,1.0
2026-09-28T00:24:46.902077+00:00,1982.2,65.19,60.27,198.18,705.67,4.431,93.99,32.53,0.421,0.1089,14.1,5.41,846.11,cruise,overheating,1.0
2026-09-28T00:24:47.902077+00:00,1979.8,65.07,60.3,197.62,703.32,4.462,93.98,32.29,0.411,0.1074,14.1,5.44,846.09,cruise,overheating,1.0
2026-09-28T00:24:48.902077+00:00,1985.7,65.39,60.39,197.07,697.73,4.42,93.88,32.08,0.403,0.1069,14.17,5.5,846.09,cruise,overheating,1.0
2026-09-28T00:24:49.902077+00:00,1982.5,65.69,60.31,196.62,698.38,4.437,93.63,32.36,0.398,0.1015,14.16,5.49,846.06,cruise,overheating,1.0
2026-09-28T00:24:50.902077+00:00,1988.2,65.69,60.48,196.59,697.09,4.453,93.56,31.82,0.416,0.1057,14.2,5.52,846.13,cruise,overheating,1.0
2026-09-28T00:24:51.902077+00:00,1984.1,65.36,60.35,196.58,695.9,4.428,93.64,31.71,0.408,0.1057,14.08,5.57,846.17,cruise,overheating,1.0
2026-09-28T00:24:52.902077+00:00,1982.8,64.77,59.96,197.07,698.0,4.463,93.51,31.54,0.396,0.1119,14.06,5.53,846.08,cruise,overheating,1.0
2026-09-28T00:24:53.902077+00:00,1987.1,65.15,60.78,197.3,696.74,4.493,93.6,31.57,0.404,0.1181,14.14,5.62,846.11,cruise,overheating,1.0
2026-09-28T00:24:54.902077+00:00,1984.8,64.94,61.13,196.76,697.59,4.519,93.52,31.75,0.417,0.1114,14.17,5.58,846.03,cruise,overheating,1.0
2026-09-28T00:24:55.902077+00:00,1984.0,65.15,60.37,197.03,697.0,4.494,93.67,31.99,0.413,0.1145,14.14,5.56,846.03,cruise,overheating,1.0
2026-09-28T00:24:56.902077+00:00,1981.1,65.0,60.61,197.0,696.54,4.526,93.54,32.11,0.387,0.1112,14.18,5.63,846.08,cruise,overheating,1.0
2026-09-28T00:24:57.902077+00:00,1984.0,64.88,60.34,197.23,699.16,4.54,93.72,31.86,0.395,0.1129,14.15,5.63,846.09,cruise,overheating,1.0
2026-09-28T00:24:58.902077+00:00,1984.1,64.58,60.33,197.38,699.72,4.512,93.65,32.11,0.393,0.1132,14.12,5.61,846.01,cruise,overheating,1.0
2026-09-28T00:24:59.902077+00:00,1983.4,64.87,60.5,197.12,699.35,4.525,93.4,32.63,0.407,0.1108,14.21,5.54,845.91,cruise,overheating,1.0
2026-09-28T00:25:00.902077+00:00,1979.1,64.78,60.21,197.51,695.52,4.537,93.17,32.66,0.405,0.1103,14.17,5.54,845.89,cruise,overheating,1.0
2026-09-28T00:25:01.902077+00:00,1977.5,64.71,60.12,197.4,696.46,4.538,93.27,32.62,0.39,0.1076,14.16,5.6,845.79,cruise,overheating,1.0
2026-09-28T00:25:02.902077+00:00,1983.2,64.59,60.11,197.66,694.56,4.495,93.29,32.74,0.392,0.1008,14.1,5.55,845.8,cruise,overheating,1.0
2026-09-28T00:25:03.902077+00:00,1988.3,65.09,60.12,198.39,698.22,4.444,93.64,32.63,0.389,0.1002,14.13,5.61,845.78,cruise,overheating,1.0
2026-09-28T00:25:04.902077+00:00,1982.0,65.42,60.15,198.18,699.08,4.487,93.63,32.18,0.406,0.0917,14.13,5.58,845.8,cruise,overheating,1.0
2026-09-28T00:25:05.902077+00:00,1984.8,65.17,59.93,198.28,699.66,4.534,93.54,31.93,0.406,0.0776,14.03,5.58,845.75,cruise,overheating,1.0
2026-09-28T00:25:06.902077+00:00,1984.5,64.75,59.8,197.97,702.07,4.519,93.49,31.94,0.4,0.0881,14.05,5.59,845.8,cruise,overheating,1.0
2026-09-28T00:25:07.902077+00:00,1982.7,64.67,59.74,197.29,700.63,4.484,93.49,32.05,0.406,0.0985,14.14,5.57,845.81,cruise,overheating,1.0
2026-09-28T00:25:08.902077+00:00,1982.8,65.05,60.0,197.63,702.02,4.469,93.71,32.04,0.414,0.1057,14.1,5.58,845.81,cruise,overheating,1.0
2026-09-28T00:25:09.902077+00:00,1977.6,65.02,60.75,197.3,703.95,4.464,93.58,32.44,0.394,0.102,14.16,5.54,845.77,cruise,overheating,1.0
2026-09-28T00:25:10.902077+00:00,1978.3,64.49,60.55,196.94,702.41,4.443,93.56,32.42,0.397,0.1031,14.13,5.59,845.73,cruise,overheating,1.0
2026-09-28T00:25:11.902077+00:00,1980.4,64.51,60.26,197.3,701.28,4.476,93.67,32.08,0.396,0.103,14.02,5.55,845.85,cruise,overheating,1.0
2026-09-28T00:25:12.902077+00:00,1979.5,65.17,60.42,197.83,701.14,4.441,93.77,31.86,0.402,0.1114,14.06,5.49,845.8,cruise,overheating,1.0
2026-09-28T00:25:13.902077+00:00,1977.8,64.98,59.94,198.07,699.83,4.414,93.82,32.13,0.401,0.1101,14.11,5.51,845.75,cruise,overheating,1.0
2026-09-28T00:25:14.902077+00:00,1974.0,65.18,60.49,197.39,698.49,4.42,93.87,32.23,0.411,0.1109,14.15,5.53,845.79,cruise,overheating,1.0
2026-09-28T00:25:15.902077+00:00,1972.4,64.91,60.26,196.97,697.11,4.407,93.98,32.41,0.425,0.11,14.11,5.56,845.83,cruise,overheating,1.0
2026-09-28T00:25:16.902077+00:00,1971.7,65.03,60.56,196.8,694.53,4.466,93.92,32.21,0.407,0.1085,14.06,5.53,845.81,cruise,overheating,1.0
2026-09-28T00:25:17.902077+00:00,1975.3,64.9,60.51,196.58,693.12,4.478,94.2,32.22,0.374,0.1085,14.04,5.48,845.78,cruise,overheating,1.0
2026-09-28T00:25:18.902077+00:00,1979.4,64.89,60.33,196.54,696.72,4.479,94.33,32.32,0.385,0.0953,14.06,5.51,845.68,cruise,overheating,1.0
2026-09-28T00:25:19.902077+00:00,1982.4,64.89,60.19,196.91,696.89,4.476,94.12,32.24,0.388,0.0943,14.05,5.43,845.64,cruise,overheating,1.0
2026-09-28T00:25:20.902077+00:00,1982.5,65.24,60.56,196.9,697.99,4.48,94.15,32.35,0.408,0.1026,14.04,5.41,845.63,cruise,overheating,1.0
2026-09-28T00:25:21.902077+00:00,1978.2,64.83,60.36,197.25,699.2,4.483,94.23,32.53,0.42,0.0941,14.08,5.43,845.63,cruise,overheating,1.0
2026-09-28T00:25:22.902077+00:00,1973.4,64.54,60.3,197.17,697.11,4.451,94.17,32.63,0.41,0.0907,14.15,5.45,845.69,cruise,overheating,1.0
2026-09-28T00:25:23.902077+00:00,1975.6,64.34,60.44,197.36,694.14,4.433,94.12,32.49,0.411,0.0848,14.01,5.4,845.72,cruise,overheating,1.0
2026-09-28T00:25:24.902077+00:00,1979.1,64.74,59.72,198.16,693.38,4.477,93.85,32.45,0.4,0.0796,14.05,5.34,845.68,cruise,overheating,1.0
2026-09-28T00:25:25.902077+00:00,1978.6,65.28,60.02,198.38,693.21,4.499,93.83,32.21,0.411,0.081,14.1,5.28,845.7,cruise,overheating,1.0
2026-09-28T00:25:26.902077+00:00,1978.5,65.35,61.43,198.61,695.51,4.474,93.78,32.43,0.412,0.0925,14.16,5.35,845.64,cruise,overheating,1.0
2026-09-28T00:25:27.902077+00:00,1983.8,65.36,61.2,198.67,696.76,4.51,93.75,32.61,0.406,0.0942,14.24,5.33,845.64,cruise,overheating,1.0
2026-09-28T00:25:28.902077+00:00,1979.5,65.43,61.09,198.9,693.64,4.466,93.54,32.71,0.42,0.092,14.13,5.32,845.6,cruise,overheating,1.0
2026-09-28T00:25:29.902077+00:00,1979.8,65.73,61.07,198.7,694.48,4.494,93.56,32.94,0.428,0.0945,14.17,5.35,845.65,cruise,overheating,1.0
2026-09-28T00:25:30.902077+00:00,1982.8,65.74,61.93,198.88,695.61,4.508,93.39,33.04,0.421,0.0941,14.18,5.33,845.65,cruise,overheating,1.0
2026-09-28T00:25:31.902077+00:00,1979.3,65.75,61.75,199.54,696.57,4.486,93.64,32.84,0.418,0.1027,14.17,5.26,845.62,cruise,overheating,1.0
2026-09-28T00:25:32.902077+00:00,1983.3,65.46,61.19,199.94,696.47,4.483,93.78,32.63,0.414,0.102,14.12,5.36,845.65,cruise,overheating,1.0
2026-09-28T00:25:33.902077+00:00,1979.5,65.21,61.17,200.15,696.84,4.473,93.89,32.41,0.395,0.1047,14.16,5.4,845.61,cruise,overheating,1.0
2026-09-28T00:25:34.902077+00:00,1974.1,65.42,61.13,200.02,694.88,4.486,93.81,32.17,0.398,0.1052,14.19,5.35,845.63,cruise,overheating,1.0
2026-09-28T00:25:35.902077+00:00,1973.7,65.22,60.28,200.54,695.74,4.46,93.78,32.16,0.405,0.1008,14.11,5.4,845.63,cruise,overheating,1.0
2026-09-28T00:25:36.902077+00:00,1973.7,64.44,60.02,200.31,697.18,4.463,93.79,32.11,0.407,0.1,14.06,5.41,845.53,cruise,overheating,1.0
2026-09-28T00:25:37.902077+00:00,1976.5,64.44,59.89,199.36,693.25,4.423,93.66,32.15,0.421,0.0967,13.98,5.32,845.58,cruise,overheating,1.0
2026-09-28T00:25:38.902077+00:00,1980.4,64.38,60.04,199.7,695.47,4.422,93.73,32.26,0.421,0.1031,14.05,5.3,845.59,cruise,overheating,1.0
2026-09-28T00:25:39.902077+00:00,1985.3,65.07,59.52,199.64,695.39,4.361,93.66,32.23,0.426,0.1124,14.06,5.27,845.73,cruise,overheating,1.0
2026-09-28T00:25:40.902077+00:00,1985.2,65.37,60.01,199.72,696.93,4.428,93.85,32.23,0.417,0.1094,14.17,5.24,845.72,cruise,overheating,1.0
2026-09-28T00:25:41.902077+00:00,1989.6,64.93,59.66,199.04,694.35,4.399,93.89,32.18,0.418,0.124,14.13,5.31,845.72,cruise,overheating,1.0
2026-09-28T00:25:42.902077+00:00,1984.4,64.91,60.23,198.34,698.89,4.426,93.84,32.05,0.426,0.1285,14.02,5.36,845.69,cruise,overheating,1.0
2026-09-28T00:25:43.902077+00:00,1981.7,65.13,60.52,198.31,698.9,4.475,93.98,32.1,0.423,0.1177,14.05,5.33,845.63,cruise,overheating,1.0
2026-09-28T00:25:44.902077+00:00,1985.1,65.56,61.13,198.66,699.96,4.503,94.04,32.03,0.403,0.1099,14.02,5.39,845.67,cruise,overheating,1.0
2026-09-28T00:25:45.902077+00:00,1985.9,65.16,60.81,199.02,697.45,4.494,94.09,31.93,0.418,0.1087,14.13,5.34,845.73,cruise,overheating,1.0
2026-09-28T00:25:46.902077+00:00,1982.1,65.17,60.92,199.34,699.92,4.457,93.96,32.0,0.412,0.1102,14.18,5.39,845.69,cruise,overheating,1.0
2026-09-28T00:25:47.902077+00:00,1985.0,64.94,60.18,199.91,698.29,4.494,93.93,31.91,0.416,0.1087,14.22,5.37,845.62,cruise,overheating,1.0
2026-09-28T00:25:48.902077+00:00,1985.0,65.29,60.53,200.06,700.08,4.487,93.92,31.63,0.403,0.1124,14.23,5.43,845.62,cruise,overheating,1.0
2026-09-28T00:25:49.902077+00:00,1979.7,65.43,60.52,199.45,697.21,4.493,94.01,31.2,0.41,0.1114,14.14,5.49,845.57,cruise,overheating,1.0
2026-09-28T00:25:50.902077+00:00,1978.9,64.98,60.78,199.0,697.38,4.45,93.78,31.78,0.395,0.104,14.23,5.47,845.6,cruise,overheating,1.0
2026-09-28T00:25:51.902077+00:00,1979.4,64.98,60.48,199.14,697.28,4.484,93.79,32.06,0.406,0.105,14.18,5.55,845.63,cruise,overheating,1.0
2026-09-28T00:25:52.902077+00:00,1985.7,65.32,60.87,199.36,698.63,4.474,93.82,32.2,0.398,0.1027,14.23,5.56,845.65,cruise,overheating,1.0
2026-09-28T00:25:53.902077+00:00,1978.4,65.39,61.07,198.74,697.88,4.438,93.7,32.59,0.399,0.1078,14.15,5.47,845.68,cruise,overheating,1.0
2026-09-28T00:25:54.902077+00:00,1978.9,65.11,61.12,198.02,694.74,4.386,93.48,32.22,0.39,0.1051,14.05,5.3,845.66,cruise,overheating,1.0
2026-09-28T00:25:55.902077+00:00,1979.7,64.94,61.28,197.8,696.2,4.386,93.55,32.24,0.404,0.1019,14.13,5.34,845.55,cruise,overheating,1.0
2026-09-28T00:25:56.902077+00:00,1983.0,65.28,60.76,197.88,695.65,4.386,93.42,32.09,0.41,0.1037,14.11,5.41,845.58,cruise,overheating,1.0
2026-09-28T00:25:57.902077+00:00,1984.7,65.07,61.06,197.38,697.5,4.421,93.56,32.19,0.42,0.1107,14.13,5.32,845.59,cruise,overheating,1.0
2026-09-28T00:25:58.902077+00:00,1985.5,65.43,60.79,197.29,697.01,4.382,93.72,32.52,0.42,0.1003,14.07,5.36,845.63,cruise,overheating,1.0
2026-09-28T00:25:59.902077+00:00,1983.8,65.15,60.83,197.17,699.01,4.43,93.56,32.25,0.434,0.0919,14.04,5.32,845.72,cruise,overheating,1.0
2026-09-28T00:26:00.902077+00:00,1986.0,64.99,61.31,197.79,696.65,4.469,93.77,32.1,0.428,0.0915,13.99,5.32,845.71,cruise,overheating,1.0
2026-09-28T00:26:01.902077+00:00,1988.1,65.22,61.29,197.62,694.02,4.481,93.84,32.31,0.429,0.1047,14.0,5.38,845.71,cruise,overheating,1.0
2026-09-28T00:26:02.902077+00:00,1989.5,64.58,60.74,197.4,695.19,4.471,93.9,32.23,0.403,0.1165,13.9,5.31,845.75,cruise,overheating,1.0
2026-09-28T00:26:03.902077+00:00,1984.4,64.73,59.54,197.88,695.23,4.462,93.76,31.96,0.376,0.1231,14.03,5.32,845.76,cruise,overheating,1.0
2026-09-28T00:26:04.902077+00:00,1987.6,65.02,59.99,197.49,697.21,4.457,93.77,32.09,0.391,0.1178,14.03,5.32,845.75,cruise,overheating,1.0
2026-09-28T00:26:05.902077+00:00,1989.9,64.35,60.11,197.22,699.28,4.488,93.59,32.32,0.402,0.1241,14.04,5.4,845.71,cruise,overheating,1.0
2026-09-28T00:26:06.902077+00:00,1990.0,64.44,60.17,196.78,700.44,4.483,93.5,31.76,0.42,0.1235,14.02,5.44,845.75,cruise,overheating,1.0
2026-09-28T00:26:07.902077+00:00,1985.4,64.77,61.03,197.55,703.49,4.514,93.65,31.64,0.422,0.113,13.98,5.47,845.78,cruise,overheating,1.0
2026-09-28T00:26:08.902077+00:00,1984.1,65.31,61.07,196.92,703.37,4.469,93.79,31.62,0.415,0.1119,14.06,5.51,845.8,cruise,overheating,1.0
2026-09-28T00:26:09.902077+00:00,1982.4,64.91,60.35,197.68,704.45,4.444,93.69,31.77,0.416,0.1068,14.13,5.53,845.78,cruise,overheating,1.0
2026-09-28T00:26:10.902077+00:00,1983.3,65.35,60.82,198.15,704.65,4.445,93.99,31.92,0.426,0.0974,14.14,5.51,845.72,cruise,overheating,1.0
2026-09-28T00:26:11.902077+00:00,1978.4,64.73,61.54,198.39,702.99,4.462,94.06,32.57,0.407,0.0985,14.18,5.54,845.69,cruise,overheating,1.0
2026-09-28T00:26:12.902077+00:00,1977.5,64.93,61.37,199.03,702.57,4.435,94.06,32.28,0.413,0.0914,14.16,5.6,845.72,cruise,overheating,1.0
2026-09-28T00:26:13.902077+00:00,1980.6,65.36,60.75,199.23,699.91,4.452,93.89,32.18,0.411,0.1011,14.09,5.59,845.77,cruise,overheating,1.0
2026-09-28T00:26:14.902077+00:00,1984.5,66.1,60.84,199.68,701.1,4.461,94.02,32.25,0.409,0.094,14.09,5.63,845.81,cruise,overheating,1.0
2026-09-28T00:26:15.902077+00:00,1984.1,65.37,60.41,199.85,702.12,4.451,93.97,32.81,0.405,0.0924,14.04,5.57,845.77,cruise,overheating,1.0
2026-09-28T00:26:16.902077+00:00,1987.2,64.8,60.31,199.85,697.81,4.457,93.82,32.71,0.408,0.0939,14.07,5.62,845.76,cruise,overheating,1.0
2026-09-28T00:26:17.902077+00:00,1990.7,65.5,61.08,199.31,697.76,4.421,93.74,32.72,0.398,0.0955,14.08,5.65,845.84,cruise,overheating,1.0
2026-09-28T00:26:18.902077+00:00,1990.2,65.52,61.11,199.84,700.48,4.418,93.66,32.59,0.4,0.0974,14.03,5.62,845.94,cruise,overheating,1.0
2026-09-28T00:26:19.902077+00:00,1988.5,65.35,61.79,199.22,698.62,4.416,93.68,32.76,0.42,0.1104,14.06,5.58,845.9,cruise,overheating,1.0
2026-09-28T00:26:20.902077+00:00,1988.3,65.06,61.11,199.02,699.05,4.409,93.71,32.49,0.431,0.1081,14.05,5.69,845.85,cruise,overheating,1.0
2026-09-28T00:26:21.902077+00:00,1991.3,65.1,61.1,199.73,693.78,4.44,93.75,32.58,0.411,0.1145,14.1,5.67,845.87,cruise,overheating,1.0
2026-09-28T00:26:22.902077+00:00,1987.5,65.41,61.14,199.08,691.81,4.436,93.84,32.67,0.398,0.1114,14.08,5.65,845.86,cruise,overheating,1.0
2026-09-28T00:26:23.902077+00:00,1982.3,65.13,60.83,198.97,691.38,4.428,93.63,32.36,0.389,0.1118,14.09,5.63,845.8,cruise,overheating,1.0
2026-09-28T00:26:24.902077+00:00,1979.3,65.18,61.32,199.08,695.2,4.469,93.9,32.73,0.398,0.1051,14.13,5.53,845.75,cruise,overheating,1.0
2026-09-28T00:26:25.902077+00:00,1975.0,64.77,60.98,200.06,695.57,4.442,94.03,32.7,0.406,0.1001,14.13,5.53,845.81,cruise,overheating,1.0
2026-09-28T00:26:26.902077+00:00,1983.6,64.56,61.01,200.33,692.95,4.478,93.88,32.8,0.414,0.0946,14.11,5.51,845.73,cruise,overheating,1.0
2026-09-28T00:26:27.902077+00:00,1977.4,65.14,61.64,200.08,695.72,4.485,93.64,33.11,0.397,0.0959,14.18,5.51,845.81,cruise,overheating,1.0
2026-09-28T00:26:28.902077+00:00,1980.1,65.07,61.53,199.8,696.22,4.485,93.57,32.9,0.408,0.093,14.2,5.49,845.86,cruise,overheating,1.0
2026-09-28T00:26:29.902077+00:00,1985.5,64.63,60.82,198.99,698.95,4.482,93.49,33.0,0.423,0.0917,14.17,5.51,845.95,cruise,overheating,1.0
2026-09-28T00:26:30.902077+00:00,1988.1,64.97,61.18,199.27,702.48,4.495,93.41,33.15,0.417,0.09,14.19,5.51,845.94,cruise,overheating,1.0
2026-09-28T00:26:31.902077+00:00,1981.5,65.22,61.38,199.64,703.09,4.467,93.21,33.08,0.413,0.0785,14.1,5.46,845.89,cruise,overheating,1.0
2026-09-28T00:26:32.902077+00:00,1978.0,64.69,61.15,199.81,705.35,4.468,93.06,33.29,0.413,0.0816,14.07,5.47,845.87,cruise,overheating,1.0
2026-09-28T00:26:33.902077+00:00,1980.1,64.73,61.03,199.81,708.16,4.461,93.14,32.7,0.411,0.0811,14.06,5.48,845.99,cruise,overheating,1.0
2026-09-28T00:26:34.902077+00:00,1985.9,64.69,60.15,199.46,706.6,4.455,93.19,33.02,0.412,0.0795,14.05,5.41,845.99,cruise,overheating,1.0
2026-09-28T00:26:35.902077+00:00,1986.1,64.06,59.43,200.22,707.99,4.442,93.19,32.66,0.414,0.0797,14.12,5.45,846.02,cruise,overheating,1.0
2026-09-28T00:26:36.902077+00:00,1984.0,64.26,59.77,199.59,704.99,4.458,93.28,32.34,0.417,0.082,14.06,5.41,846.14,cruise,overheating,1.0
2026-09-28T00:26:37.902077+00:00,1983.1,64.5,60.39,200.95,704.12,4.411,93.56,32.04,0.414,0.0915,14.06,5.42,846.15,cruise,overheating,1.0
2026-09-28T00:26:38.902077+00:00,1989.7,64.79,60.52,201.05,702.67,4.395,93.71,32.15,0.422,0.0959,14.04,5.45,846.1,cruise,overheating,1.0
2026-09-28T00:26:39.902077+00:00,1986.1,64.68,60.02,200.7,701.8,4.389,93.73,31.8,0.418,0.0967,13.98,5.48,846.12,cruise,overheating,1.0
2026-09-28T00:26:40.902077+00:00,1981.6,64.3,60.22,200.64,701.87,4.385,93.74,32.03,0.429,0.0952,14.09,5.54,846.17,descent,overheating,1.0
2026-09-28T00:26:41.902077+00:00,1979.1,64.47,60.96,201.22,700.45,4.402,93.84,32.23,0.421,0.1014,14.13,5.49,846.18,descent,overheating,1.0
2026-09-28T00:26:42.902077+00:00,1978.7,63.94,60.03,201.58,700.86,4.422,93.82,32.26,0.416,0.0985,14.21,5.52,846.2,descent,overheating,1.0
2026-09-28T00:26:43.902077+00:00,1967.9,63.03,59.73,201.37,705.36,4.422,93.57,32.04,0.395,0.0924,14.19,5.58,846.21,descent,overheating,1.0
2026-09-28T00:26:44.902077+00:00,1957.1,63.18,59.59,201.22,706.7,4.456,93.59,31.9,0.417,0.0928,14.24,5.62,846.24,descent,overheating,1.0
2026-09-28T00:26:45.902077+00:00,1947.4,62.62,59.06,200.59,705.74,4.43,93.61,31.54,0.41,0.1077,14.13,5.71,846.31,descent,overheating,1.0
2026-09-28T00:26:46.902077+00:00,1936.8,62.26,58.9,200.29,703.09,4.432,93.76,31.68,0.412,0.1081,14.18,5.75,846.33,descent,overheating,1.0
2026-09-28T00:26:47.902077+00:00,1922.0,61.41,58.2,200.76,703.12,4.379,93.73,31.84,0.414,0.1077,14.21,5.78,846.45,descent,overheating,1.0
2026-09-28T00:26:48.902077+00:00,1915.7,60.68,57.8,201.26,704.02,4.367,93.71,31.62,0.401,0.1074,14.19,5.74,846.44,descent,overheating,1.0
2026-09-28T00:26:49.902077+00:00,1902.3,59.87,57.58,201.02,703.99,4.341,93.79,31.61,0.411,0.1076,14.18,5.66,846.53,descent,overheating,1.0
2026-09-28T00:26:50.902077+00:00,1896.5,59.55,57.32,200.88,702.8,4.39,93.76,31.49,0.395,0.1112,14.15,5.67,846.54,descent,overheating,1.0
2026-09-28T00:26:51.902077+00:00,1882.6,58.83,57.11,201.0,701.16,4.378,93.69,31.56,0.416,0.1079,14.2,5.64,846.61,descent,overheating,1.0
2026-09-28T00:26:52.902077+00:00,1866.6,58.77,57.1,200.94,702.58,4.384,93.46,31.46,0.403,0.1035,14.17,5.7,846.68,descent,overheating,1.0
2026-09-28T00:26:53.902077+00:00,1855.1,57.89,55.68,201.15,702.58,4.349,93.41,30.84,0.405,0.1113,14.16,5.61,846.79,descent,overheating,1.0
2026-09-28T00:26:54.902077+00:00,1841.0,57.34,55.08,201.04,696.37,4.361,93.57,30.75,0.403,0.106,14.07,5.65,846.94,descent,overheating,1.0
2026-09-28T00:26:55.902077+00:00,1827.7,56.95,54.31,200.37,696.22,4.322,93.47,30.21,0.412,0.1121,14.1,5.61,847.0,descent,overheating,1.0
2026-09-28T00:26:56.902077+00:00,1818.2,55.73,53.88,200.29,700.52,4.276,93.62,30.06,0.39,0.1078,14.06,5.6,847.08,descent,overheating,1.0
2026-09-28T00:26:57.902077+00:00,1800.4,54.79,53.04,200.35,696.94,4.237,93.75,29.8,0.395,0.1028,14.06,5.58,847.08,descent,overheating,1.0
2026-09-28T00:26:58.902077+00:00,1784.5,54.09,52.15,199.76,695.23,4.219,93.96,29.55,0.395,0.1092,14.06,5.54,847.15,descent,overheating,1.0
2026-09-28T00:26:59.902077+00:00,1774.2,53.6,52.41,199.37,695.36,4.191,93.97,29.47,0.406,0.1091,14.06,5.54,847.15,descent,overheating,1.0
2026-09-28T00:27:00.902077+00:00,1760.8,52.87,51.86,198.87,693.87,4.177,93.9,29.05,0.402,0.1057,14.06,5.55,847.29,descent,overheating,1.0
2026-09-28T00:27:01.902077+00:00,1748.6,51.98,51.94,199.0,690.21,4.123,93.93,28.96,0.391,0.0965,14.15,5.57,847.44,descent,overheating,1.0
2026-09-28T00:27:02.902077+00:00,1735.9,51.64,51.0,198.71,690.41,4.095,93.77,28.45,0.383,0.1026,14.14,5.6,847.57,descent,overheating,1.0
2026-09-28T00:27:03.902077+00:00,1720.9,50.73,51.22,198.63,684.68,4.081,93.91,28.47,0.399,0.1031,14.08,5.66,847.7,descent,overheating,1.0
2026-09-28T00:27:04.902077+00:00,1708.6,50.3,50.92,197.95,684.72,4.054,93.81,27.89,0.386,0.1085,14.09,5.62,847.82,descent,overheating,1.0
2026-09-28T00:27:05.902077+00:00,1690.6,49.47,50.76,197.89,685.78,4.036,93.66,28.18,0.387,0.1035,14.06,5.66,847.94,descent,overheating,1.0
2026-09-28T00:27:06.902077+00:00,1679.6,48.81,49.99,198.02,686.41,4.025,93.89,28.1,0.394,0.1057,14.04,5.63,848.12,descent,overheating,1.0
2026-09-28T00:27:07.902077+00:00,1666.3,48.19,49.36,197.64,680.6,3.937,93.64,27.62,0.391,0.1187,14.03,5.57,848.27,descent,overheating,1.0
2026-09-28T00:27:08.902077+00:00,1648.3,47.09,48.51,197.43,675.92,3.913,93.49,27.53,0.387,0.1184,14.12,5.58,848.47,descent,overheating,1.0
2026-09-28T00:27:09.902077+00:00,1641.8,47.11,47.92,197.1,673.49,3.914,93.48,27.4,0.372,0.1145,14.12,5.58,848.62,descent,overheating,1.0
2026-09-28T00:27:10.902077+00:00,1621.5,46.58,46.93,197.37,670.59,3.866,93.14,26.98,0.374,0.1168,14.01,5.53,848.84,descent,overheating,1.0
2026-09-28T00:27:11.902077+00:00,1608.3,45.36,45.55,197.1,669.23,3.87,93.01,26.68,0.372,0.1202,13.99,5.43,848.93,descent,overheating,1.0
2026-09-28T00:27:12.902077+00:00,1594.2,43.93,44.78,197.35,662.35,3.782,92.93,26.05,0.399,0.1103,13.99,5.44,849.12,descent,overheating,1.0
2026-09-28T00:27:13.902077+00:00,1577.6,43.68,44.16,196.65,662.23,3.819,93.04,25.73,0.406,0.1106,14.0,5.43,849.35,descent,overheating,1.0
2026-09-28T00:27:14.902077+00:00,1567.9,42.83,43.42,197.93,662.38,3.773,92.96,25.31,0.417,0.0989,14.03,5.35,849.61,descent,overheating,1.0
2026-09-28T00:27:15.902077+00:00,1552.7,42.14,42.92,197.87,658.21,3.738,93.17,25.28,0.407,0.0966,14.0,5.35,849.76,descent,overheating,1.0
2026-09-28T00:27:16.902077+00:00,1536.9,42.21,42.48,197.71,657.02,3.732,93.1,25.11,0.406,0.095,14.05,5.4,849.98,descent,overheating,1.0
2026-09-28T00:27:17.902077+00:00,1528.1,41.28,41.65,198.06,654.92,3.694,93.03,24.5,0.383,0.1018,14.06,5.51,850.12,descent,overheating,1.0
2026-09-28T00:27:18.902077+00:00,1507.9,40.82,41.05,197.76,651.48,3.656,93.1,24.23,0.396,0.0954,14.13,5.47,850.34,descent,overheating,1.0
2026-09-28T00:27:19.902077+00:00,1493.3,40.25,41.2,197.26,650.96,3.626,93.06,24.15,0.391,0.097,14.07,5.38,850.64,descent,overheating,1.0
2026-09-28T00:27:20.902077+00:00,1482.4,39.68,41.15,197.22,651.33,3.654,92.99,24.28,0.389,0.0886,14.04,5.42,850.83,descent,overheating,1.0
2026-09-28T00:27:21.902077+00:00,1475.6,38.79,40.34,197.5,651.31,3.669,93.08,23.86,0.382,0.0872,13.94,5.46,851.0,descent,overheating,1.0
2026-09-28T00:27:22.902077+00:00,1458.1,38.15,39.71,197.15,648.41,3.6,93.15,23.31,0.367,0.0911,13.98,5.42,851.29,descent,overheating,1.0
2026-09-28T00:27:23.902077+00:00,1444.0,37.77,38.51,197.37,642.19,3.593,93.15,22.82,0.378,0.0975,13.98,5.47,851.47,descent,overheating,1.0
2026-09-28T00:27:24.902077+00:00,1430.6,37.02,38.32,197.05,638.09,3.579,93.12,22.5,0.388,0.1001,14.0,5.52,851.74,descent,overheating,1.0
2026-09-28T00:27:25.902077+00:00,1412.1,36.34,37.83,196.75,634.3,3.575,93.35,22.17,0.368,0.0894,14.04,5.53,852.03,descent,overheating,1.0
2026-09-28T00:27:26.902077+00:00,1405.1,35.51,37.63,196.83,632.96,3.531,93.31,22.0,0.393,0.0853,13.96,5.5,852.33,descent,overheating,1.0
2026-09-28T00:27:27.902077+00:00,1390.8,34.76,37.08,196.12,628.9,3.458,93.17,21.99,0.382,0.0918,13.96,5.52,852.65,descent,overheating,1.0
2026-09-28T00:27:28.902077+00:00,1380.5,33.67,36.76,195.82,629.05,3.381,92.98,21.91,0.393,0.0946,13.93,5.55,852.94,descent,overheating,1.0
2026-09-28T00:27:29.902077+00:00,1364.1,33.1,36.17,196.31,622.4,3.322,92.99,21.72,0.388,0.0911,13.92,5.59,853.12,descent,overheating,1.0
2026-09-28T00:27:30.902077+00:00,1351.8,32.31,35.75,195.77,619.32,3.307,93.0,21.19,0.391,0.0918,13.86,5.59,853.32,descent,overheating,1.0
2026-09-28T00:27:31.902077+00:00,1341.2,31.57,34.93,194.82,614.86,3.324,92.89,21.52,0.387,0.099,13.94,5.65,853.54,descent,overheating,1.0
2026-09-28T00:27:32.902077+00:00,1324.7,30.91,34.31,194.69,613.26,3.29,92.95,21.26,0.396,0.0975,13.95,5.64,853.81,descent,overheating,1.0
2026-09-28T00:27:33.902077+00:00,1309.8,30.31,33.45,193.68,612.59,3.294,92.77,20.79,0.379,0.0887,13.94,5.77,853.97,descent,overheating,1.0
2026-09-28T00:27:34.902077+00:00,1297.1,29.83,33.02,193.34,608.07,3.347,92.56,20.62,0.367,0.0735,13.9,5.84,854.24,descent,overheating,1.0
2026-09-28T00:27:35.902077+00:00,1279.8,29.17,32.31,193.71,603.49,3.325,92.5,20.6,0.378,0.0737,13.95,5.76,854.56,descent,overheating,1.0
2026-09-28T00:27:36.902077+00:00,1264.6,29.01,32.14,193.64,604.39,3.292,92.6,20.05,0.352,0.0888,13.91,5.79,854.83,descent,overheating,1.0
2026-09-28T00:27:37.902077+00:00,1254.1,28.09,31.87,193.23,602.75,3.229,92.49,19.64,0.367,0.0767,13.87,5.8,855.02,descent,overheating,1.0
2026-09-28T00:27:38.902077+00:00,1239.1,27.5,32.07,193.26,602.19,3.172,92.49,19.83,0.365,0.0783,13.89,5.77,855.34,descent,overheating,1.0
2026-09-28T00:27:39.902077+00:00,1221.3,25.96,31.47,193.0,598.63,3.128,92.42,19.72,0.381,0.0713,13.87,5.78,855.65,descent,overheating,1.0
2026-09-28T00:27:40.902077+00:00,1210.8,25.7,30.24,193.98,597.48,3.144,92.23,19.27,0.363,0.0705,13.88,5.76,855.92,descent,overheating,1.0
2026-09-28T00:27:41.902077+00:00,1202.9,25.68,29.97,194.57,592.01,3.093,92.19,19.04,0.369,0.0793,13.86,5.8,856.16,descent,overheating,1.0
2026-09-28T00:27:42.902077+00:00,1198.2,24.87,29.55,194.15,587.98,3.121,92.19,18.55,0.367,0.0872,13.86,5.82,856.5,descent,overheating,1.0
2026-09-28T00:27:43.902077+00:00,1188.7,24.53,29.22,193.07,586.1,3.092,92.38,18.1,0.363,0.0746,13.88,5.85,856.71,descent,overheating,1.0
2026-09-28T00:27:44.902077+00:00,1185.2,24.69,29.17,193.36,585.34,3.095,92.47,18.16,0.374,0.0717,13.93,5.92,856.93,descent,overheating,1.0
2026-09-28T00:27:45.902077+00:00,1180.8,25.21,28.63,193.21,583.36,3.103,92.4,17.92,0.392,0.0784,14.0,5.95,857.22,descent,overheating,1.0
2026-09-28T00:27:46.902077+00:00,1174.5,24.61,28.77,193.49,577.08,3.099,92.44,17.75,0.376,0.0769,13.93,5.95,857.52,descent,overheating,1.0
2026-09-28T00:27:47.902077+00:00,1175.9,24.56,27.52,192.58,571.59,3.101,92.4,17.6,0.379,0.075,13.99,5.95,857.83,descent,overheating,1.0
2026-09-28T00:27:48.902077+00:00,1174.0,24.92,27.85,193.11,571.13,3.113,92.55,17.88,0.378,0.0824,14.0,6.0,858.08,descent,overheating,1.0
2026-09-28T00:27:49.902077+00:00,1171.2,25.23,27.6,192.7,565.63,3.116,92.29,17.77,0.37,0.0869,13.85,6.07,858.31,descent,overheating,1.0
2026-09-28T00:27:50.902077+00:00,1165.4,24.86,27.79,192.49,564.11,3.065,92.2,17.5,0.371,0.0845,13.87,6.07,858.67,descent,overheating,1.0
2026-09-28T00:27:51.902077+00:00,1162.9,25.87,27.15,192.56,561.82,3.003,92.25,17.38,0.378,0.0881,13.98,6.1,858.98,descent,overheating,1.0
2026-09-28T00:27:52.902077+00:00,1157.8,25.46,27.12,192.19,560.74,2.913,92.27,17.69,0.377,0.0989,13.98,6.23,859.39,descent,overheating,1.0
2026-09-28T00:27:53.902077+00:00,1158.8,25.49,26.95,191.14,560.23,2.918,92.53,17.67,0.381,0.0879,13.92,6.27,859.65,descent,overheating,1.0
2026-09-28T00:27:54.902077+00:00,1165.5,25.04,27.37,190.91,558.9,2.928,92.69,17.21,0.376,0.088,13.92,6.28,859.95,descent,overheating,1.0
2026-09-28T00:27:55.902077+00:00,1165.1,25.69,27.33,191.03,553.98,2.925,92.68,17.12,0.373,0.0924,14.01,6.28,860.33,descent,overheating,1.0
2026-09-28T00:27:56.902077+00:00,1170.5,25.25,27.42,191.71,549.29,2.982,92.71,17.45,0.36,0.0832,13.99,6.28,860.51,descent,overheating,1.0
2026-09-28T00:27:57.902077+00:00,1172.9,25.36,27.5,191.25,550.14,2.96,92.34,17.6,0.375,0.0792,13.95,6.24,860.82,descent,overheating,1.0
2026-09-28T00:27:58.902077+00:00,1169.8,25.3,27.45,190.74,549.09,2.956,92.19,17.77,0.369,0.0651,13.89,6.28,861.06,descent,overheating,1.0
2026-09-28T00:27:59.902077+00:00,1163.3,25.22,27.66,191.07,548.78,2.95,92.2,17.49,0.341,0.0577,13.88,6.31,861.37,descent,overheating,1.0
2026-09-28T00:28:00.902077+00:00,1162.1,25.13,27.96,190.59,546.61,2.984,91.92,17.4,0.342,0.0684,13.88,6.41,861.72,descent,overheating,1.0
2026-09-28T00:28:01.902077+00:00,1159.7,24.92,27.96,190.84,549.65,2.957,92.12,17.45,0.364,0.0713,13.91,6.32,862.04,descent,overheating,1.0
2026-09-28T00:28:02.902077+00:00,1159.0,25.06,27.8,191.52,544.91,2.992,92.34,17.29,0.376,0.0732,13.98,6.31,862.28,descent,overheating,1.0
2026-09-28T00:28:03.902077+00:00,1158.9,25.81,27.88,190.86,544.0,3.0,92.25,17.48,0.372,0.0799,13.92,6.32,862.53,descent,overheating,1.0
2026-09-28T00:28:04.902077+00:00,1162.2,25.23,27.65,190.29,540.14,2.954,91.99,17.64,0.375,0.0943,13.9,6.36,862.82,descent,overheating,1.0
2026-09-28T00:28:05.902077+00:00,1162.4,24.99,27.42,190.01,540.39,2.981,91.69,17.51,0.375,0.0931,13.9,6.36,863.14,descent,overheating,1.0
2026-09-28T00:28:06.902077+00:00,1159.2,24.77,28.31,189.42,540.12,2.988,91.55,17.72,0.371,0.0817,13.87,6.37,863.48,descent,overheating,1.0
2026-09-28T00:28:07.902077+00:00,1155.3,25.05,27.54,188.79,535.25,2.984,91.67,17.55,0.375,0.073,13.89,6.43,863.83,descent,overheating,1.0
2026-09-28T00:28:08.902077+00:00,1156.5,24.9,27.84,188.75,531.14,2.968,91.57,17.43,0.373,0.0722,13.93,6.4,864.08,descent,overheating,1.0
2026-09-28T00:28:09.902077+00:00,1160.3,24.83,27.05,188.5,528.42,2.934,91.67,16.75,0.363,0.0736,13.95,6.45,864.35,descent,overheating,1.0
2026-09-28T00:28:10.902077+00:00,1159.3,24.91,27.12,188.58,528.32,2.939,91.63,16.76,0.383,0.0691,13.88,6.51,864.69,descent,overheating,1.0
2026-09-28T00:28:11.902077+00:00,1154.4,24.95,27.1,188.3,532.14,2.884,91.6,17.04,0.383,0.0748,13.94,6.52,865.09,descent,overheating,1.0
2026-09-28T00:28:12.902077+00:00,1159.9,25.15,27.42,188.49,533.4,2.864,91.62,16.97,0.377,0.0731,13.94,6.55,865.43,descent,overheating,1.0
2026-09-28T00:28:13.902077+00:00,1163.9,24.39,27.81,187.67,534.42,2.901,91.42,17.28,0.371,0.0736,13.92,6.49,865.84,descent,overheating,1.0
2026-09-28T00:28:14.902077+00:00,1167.5,24.87,27.7,187.6,533.67,2.913,91.31,17.33,0.384,0.0712,13.91,6.61,866.21,descent,overheating,1.0
2026-09-28T00:28:15.902077+00:00,1161.6,24.88,27.89,187.51,535.92,2.964,91.3,17.63,0.371,0.0763,13.97,6.63,866.52,descent,overheating,1.0
2026-09-28T00:28:16.902077+00:00,1160.1,24.99,27.41,187.31,536.98,3.014,91.05,17.39,0.374,0.0841,14.05,6.7,866.88,descent,overheating,1.0
2026-09-28T00:28:17.902077+00:00,1154.3,24.6,28.1,186.65,538.49,2.997,90.81,17.84,0.353,0.0921,13.98,6.63,867.23,descent,overheating,1.0
2026-09-28T00:28:18.902077+00:00,1154.2,24.78,28.76,187.24,539.35,2.989,90.99,17.74,0.359,0.0983,14.03,6.52,867.53,descent,overheating,1.0
2026-09-28T00:28:19.902077+00:00,1148.1,25.08,27.8,187.55,539.73,2.927,90.9,17.71,0.36,0.1017,14.0,6.57,867.86,descent,overheating,1.0
2026-09-28T00:28:20.902077+00:00,1154.1,24.72,28.56,187.48,538.5,2.914,90.86,17.62,0.364,0.0898,13.94,6.55,868.24,descent,overheating,1.0
2026-09-28T00:28:21.902077+00:00,1153.2,24.9,28.2,187.72,535.85,2.91,90.71,17.57,0.359,0.0799,13.81,6.57,868.63,descent,overheating,1.0
2026-09-28T00:28:22.902077+00:00,1153.7,25.01,27.86,187.78,537.33,2.936,90.54,17.66,0.365,0.0881,13.77,6.64,868.96,descent,overheating,1.0
2026-09-28T00:28:23.902077+00:00,1157.0,24.66,27.71,187.35,537.48,2.981,90.72,17.77,0.366,0.0768,13.84,6.62,869.3,descent,overheating,1.0
2026-09-28T00:28:24.902077+00:00,1160.3,24.45,27.11,187.29,534.35,2.958,90.62,17.89,0.365,0.0832,13.83,6.57,869.67,descent,overheating,1.0
2026-09-28T00:28:25.902077+00:00,1159.8,24.4,26.44,187.51,535.2,2.988,90.56,17.78,0.362,0.0764,13.91,6.59,870.04,descent,overheating,1.0
2026-09-28T00:28:26.902077+00:00,1159.1,24.69,26.47,188.04,535.99,3.0,90.72,17.15,0.36,0.0805,14.0,6.58,870.38,descent,overheating,1.0
2026-09-28T00:28:27.902077+00:00,1160.7,24.06,27.19,188.64,536.94,3.023,90.77,17.17,0.374,0.0807,13.99,6.62,870.71,descent,overheating,1.0
2026-09-28T00:28:28.902077+00:00,1158.4,24.71,27.04,188.08,536.58,2.951,90.94,17.23,0.37,0.0779,13.9,6.7,871.07,descent,overheating,1.0
2026-09-28T00:28:29.902077+00:00,1159.4,25.53,27.28,188.11,539.02,2.899,90.87,17.02,0.375,0.084,13.87,6.7,871.43,descent,overheating,1.0
2026-09-28T00:28:30.902077+00:00,1159.7,25.29,27.49,187.73,536.15,2.957,90.92,16.62,0.359,0.0868,13.84,6.7,871.85,descent,overheating,1.0
2026-09-28T00:28:31.902077+00:00,1160.2,25.17,27.9,187.82,536.05,2.923,90.89,16.96,0.358,0.0874,13.99,6.77,872.14,descent,overheating,1.0
2026-09-28T00:28:32.902077+00:00,1168.2,24.84,27.36,186.85,531.32,2.941,90.74,16.88,0.36,0.0879,14.04,6.85,872.51,descent,overheating,1.0
2026-09-28T00:28:33.902077+00:00,1171.8,25.31,27.62,186.52,531.74,2.937,90.81,16.9,0.356,0.0886,14.09,6.83,872.82,descent,overheating,1.0
2026-09-28T00:28:34.902077+00:00,1167.0,25.01,27.1,186.26,530.21,2.919,90.96,16.88,0.375,0.0937,14.06,6.81,873.18,descent,overheating,1.0
2026-09-28T00:28:35.902077+00:00,1171.7,25.22,27.1,186.54,533.23,2.92,90.97,16.96,0.361,0.0835,13.94,6.83,873.53,descent,overheating,1.0
2026-09-28T00:28:36.902077+00:00,1169.2,25.24,27.07,186.11,534.76,2.889,91.16,16.96,0.363,0.0887,13.91,6.91,873.86,descent,overheating,1.0
2026-09-28T00:28:37.902077+00:00,1166.0,25.55,27.06,185.93,532.63,2.947,90.79,16.93,0.372,0.0893,13.94,6.91,874.2,descent,overheating,1.0
2026-09-28T00:28:38.902077+00:00,1166.0,25.28,27.02,185.94,528.92,2.929,90.81,16.85,0.376,0.0928,13.87,6.93,874.58,descent,overheating,1.0
2026-09-28T00:28:39.902077+00:00,1165.1,25.08,27.54,186.02,526.43,2.956,90.83,17.12,0.368,0.0873,13.95,6.9,874.92,descent,overheating,1.0
2026-09-28T00:28:40.902077+00:00,1164.1,24.84,27.5,185.65,523.75,2.987,90.54,17.16,0.377,0.0878,13.92,7.0,875.33,descent,overheating,1.0
2026-09-28T00:28:41.902077+00:00,1164.7,24.86,27.59,185.76,522.08,2.99,90.49,17.33,0.382,0.0848,13.98,6.97,875.69,descent,overheating,1.0
2026-09-28T00:28:42.902077+00:00,1158.4,24.55,27.99,185.98,524.13,2.956,90.57,17.43,0.383,0.079,13.97,7.01,876.0,descent,overheating,1.0
2026-09-28T00:28:43.902077+00:00,1158.0,24.41,27.98,185.99,526.38,2.933,90.38,17.69,0.367,0.065,14.03,6.98,876.41,descent,overheating,1.0
2026-09-28T00:28:44.902077+00:00,1162.5,24.42,27.35,185.79,523.81,2.914,90.38,17.55,0.38,0.064,14.05,6.99,876.75,descent,overheating,1.0
2026-09-28T00:28:45.902077+00:00,1159.5,25.05,27.8,185.54,528.73,2.895,90.38,17.54,0.352,0.0625,13.96,7.0,877.14,descent,overheating,1.0
2026-09-28T00:28:46.902077+00:00,1158.5,24.75,27.47,186.01,527.28,2.95,90.51,17.38,0.359,0.0642,14.0,7.07,877.42,descent,overheating,1.0
2026-09-28T00:28:47.902077+00:00,1155.2,25.1,26.96,186.05,525.65,2.936,90.28,17.49,0.355,0.0682,13.99,7.03,877.85,descent,overheating,1.0
2026-09-28T00:28:48.902077+00:00,1160.3,24.88,27.38,185.27,526.38,2.963,90.43,17.27,0.349,0.0752,14.06,7.14,878.18,descent,overheating,1.0
2026-09-28T00:28:49.902077+00:00,1159.5,25.16,27.39,185.44,527.17,2.956,90.58,17.13,0.353,0.0831,14.0,7.16,878.57,descent,overheating,1.0
2026-09-28T00:28:50.902077+00:00,1159.7,25.15,26.87,185.01,528.15,2.929,90.41,17.03,0.37,0.0923,14.05,7.25,878.88,descent,overheating,1.0
2026-09-28T00:28:51.902077+00:00,1161.3,24.91,27.59,184.93,524.82,2.943,90.15,17.17,0.353,0.0933,14.1,7.33,879.23,descent,overheating,1.0
2026-09-28T00:28:52.902077+00:00,1162.2,25.44,28.24,184.73,528.66,2.93,89.78,17.6,0.355,0.094,14.06,7.34,879.61,descent,overheating,1.0
2026-09-28T00:28:53.902077+00:00,1165.7,25.18,27.7,184.99,529.16,2.918,89.86,17.53,0.352,0.0967,14.06,7.29,880.04,descent,overheating,1.0
2026-09-28T00:28:54.902077+00:00,1160.0,24.94,28.29,185.2,526.61,2.905,89.83,17.53,0.358,0.1022,14.01,7.22,880.49,descent,overheating,1.0
2026-09-28T00:28:55.902077+00:00,1152.7,24.56,28.25,185.54,526.27,2.954,89.81,17.82,0.346,0.0989,14.06,7.23,880.82,descent,overheating,1.0
2026-09-28T00:28:56.902077+00:00,1157.4,24.84,28.08,185.35,528.09,2.955,89.93,18.0,0.334,0.0989,13.98,7.24,881.26,descent,overheating,1.0
2026-09-28T00:28:57.902077+00:00,1158.8,24.82,28.47,185.05,529.41,2.972,90.12,17.9,0.348,0.1136,14.1,7.27,881.62,descent,overheating,1.0
2026-09-28T00:28:58.902077+00:00,1161.4,24.18,28.54,184.78,529.07,2.976,90.51,17.87,0.348,0.1012,14.15,7.21,881.99,descent,overheating,1.0
2026-09-28T00:28:59.902077+00:00,1163.3,25.13,28.22,185.15,530.91,2.942,90.42,17.56,0.352,0.0887,14.05,7.26,882.43,descent,overheating,1.0
2026-09-28T00:29:00.902077+00:00,1161.4,25.43,28.27,184.18,532.76,2.942,90.24,17.59,0.363,0.0937,14.03,7.25,882.81,descent,overheating,1.0
2026-09-28T00:29:01.902077+00:00,1159.1,25.02,28.14,183.91,529.07,2.905,90.24,17.7,0.36,0.0849,14.02,7.32,883.22,descent,overheating,1.0
2026-09-28T00:29:02.902077+00:00,1159.5,25.06,28.27,183.19,531.2,2.921,89.98,17.37,0.37,0.0854,14.02,7.49,883.57,descent,overheating,1.0
2026-09-28T00:29:03.902077+00:00,1159.0,25.38,28.49,183.4,530.98,2.956,89.98,17.51,0.357,0.0859,13.99,7.52,883.88,descent,overheating,1.0
2026-09-28T00:29:04.902077+00:00,1155.8,25.15,28.74,182.62,532.43,2.964,89.95,17.71,0.359,0.0887,14.02,7.57,884.26,descent,overheating,1.0
2026-09-28T00:29:05.902077+00:00,1156.3,25.15,28.14,182.29,534.14,2.962,90.18,17.76,0.363,0.084,13.94,7.52,884.59,descent,overheating,1.0
2026-09-28T00:29:06.902077+00:00,1155.6,25.22,28.44,181.75,536.24,2.948,90.23,17.71,0.36,0.081,13.95,7.49,885.05,descent,overheating,1.0
2026-09-28T00:29:07.902077+00:00,1153.2,24.75,27.12,182.04,533.8,2.963,90.23,17.77,0.367,0.08,13.98,7.46,885.44,descent,overheating,1.0
2026-09-28T00:29:08.902077+00:00,1157.6,24.79,27.92,182.46,534.88,2.935,90.24,17.86,0.363,0.0764,13.95,7.5,885.88,descent,overheating,1.0
2026-09-28T00:29:09.902077+00:00,1154.9,24.9,28.01,181.82,532.75,2.999,90.25,17.69,0.366,0.0737,13.94,7.63,886.28,descent,overheating,1.0
2026-09-28T00:29:10.902077+00:00,1155.6,25.32,28.31,181.95,530.96,2.994,90.47,17.7,0.352,0.0771,14.02,7.64,886.67,descent,overheating,1.0
2026-09-28T00:29:11.902077+00:00,1160.3,25.46,28.23,182.36,531.64,2.956,90.61,17.57,0.357,0.0889,14.02,7.69,887.02,descent,overheating,1.0
2026-09-28T00:29:12.902077+00:00,1167.0,25.01,28.39,182.46,533.55,2.953,90.23,17.63,0.36,0.0921,14.14,7.76,887.24,descent,overheating,1.0
2026-09-28T00:29:13.902077+00:00,1168.3,25.28,28.23,182.77,535.78,2.957,90.35,17.71,0.375,0.0903,14.06,7.87,887.66,descent,overheating,1.0
2026-09-28T00:29:14.902077+00:00,1160.0,25.09,28.34,182.28,536.82,2.959,90.52,17.84,0.365,0.0843,14.13,7.86,888.15,descent,overheating,1.0
2026-09-28T00:29:15.902077+00:00,1159.4,25.44,28.26,182.44,536.42,2.938,90.77,17.65,0.374,0.0851,14.1,7.91,888.55,descent,overheating,1.0
2026-09-28T00:29:16.902077+00:00,1162.5,25.57,28.93,182.78,534.44,2.94,90.71,17.59,0.361,0.0798,14.01,7.82,888.92,descent,overheating,1.0
2026-09-28T00:29:17.902077+00:00,1156.9,25.52,29.1,183.61,534.54,2.94,90.58,17.69,0.363,0.0801,13.95,7.84,889.37,descent,overheating,1.0
2026-09-28T00:29:18.902077+00:00,1151.3,24.87,28.89,183.38,534.06,2.897,90.58,17.97,0.365,0.0664,13.97,7.9,889.78,descent,overheating,1.0
2026-09-28T00:29:19.902077+00:00,1155.0,24.21,28.85,183.38,536.61,2.902,90.44,18.02,0.364,0.0715,14.0,7.9,890.19,descent,overheating,1.0
2026-09-28T00:29:20.902077+00:00,1156.0,24.82,28.82,183.42,536.47,2.924,90.25,17.97,0.386,0.0745,14.02,7.93,890.59,descent,overheating,1.0
2026-09-28T00:29:21.902077+00:00,1157.7,24.89,28.93,183.28,534.48,2.942,90.24,18.22,0.378,0.0664,13.97,7.96,890.99,descent,overheating,1.0
2026-09-28T00:29:22.902077+00:00,1158.7,25.09,28.95,182.91,534.63,2.95,90.01,18.07,0.349,0.0696,13.97,8.11,891.42,descent,overheating,1.0
2026-09-28T00:29:23.902077+00:00,1154.5,24.66,28.38,182.23,533.73,3.034,89.86,18.44,0.348,0.0768,13.92,8.05,891.78,descent,overheating,1.0
2026-09-28T00:29:24.902077+00:00,1156.6,24.56,28.7,182.1,533.2,3.027,89.74,18.35,0.367,0.0649,13.96,8.16,892.14,descent,overheating,1.0
2026-09-28T00:29:25.902077+00:00,1159.8,24.8,28.74,181.38,533.28,3.007,89.85,18.36,0.365,0.0672,14.06,8.12,892.53,descent,overheating,1.0
2026-09-28T00:29:26.902077+00:00,1160.6,25.16,28.19,182.2,532.06,2.956,89.77,18.01,0.372,0.0649,14.04,8.14,892.94,descent,overheating,1.0
2026-09-28T00:29:27.902077+00:00,1162.6,25.18,27.64,181.98,531.73,2.954,89.42,17.71,0.359,0.0595,13.97,8.11,893.38,descent,overheating,1.0
2026-09-28T00:29:28.902077+00:00,1162.2,25.28,28.14,182.06,531.27,2.964,89.48,18.14,0.357,0.0605,13.93,8.08,893.78,descent,overheating,1.0
2026-09-28T00:29:29.902077+00:00,1164.0,25.85,28.47,182.15,526.54,2.955,89.34,17.75,0.355,0.0721,13.91,8.11,894.2,descent,overheating,1.0
2026-09-28T00:29:30.902077+00:00,1155.7,25.7,28.59,182.17,525.74,2.983,89.34,17.86,0.363,0.0742,13.87,8.08,894.52,descent,overheating,1.0
2026-09-28T00:29:31.902077+00:00,1156.5,25.29,29.55,182.59,528.74,2.962,89.47,17.92,0.368,0.0729,13.87,8.03,894.99,descent,overheating,1.0
2026-09-28T00:29:32.902077+00:00,1157.3,24.89,29.48,181.77,532.12,2.942,89.33,18.32,0.375,0.0735,13.91,8.05,895.37,descent,overheating,1.0
2026-09-28T00:29:33.902077+00:00,1150.2,25.08,29.03,181.47,531.1,2.942,89.5,18.23,0.356,0.0777,14.01,8.05,895.79,descent,overheating,1.0
2026-09-28T00:29:34.902077+00:00,1153.0,24.88,28.55,181.56,534.38,2.942,89.39,18.02,0.336,0.0821,13.88,8.03,896.23,descent,overheating,1.0
2026-09-28T00:29:35.902077+00:00,1149.3,25.47,29.02,181.34,535.18,3.003,89.68,18.3,0.343,0.0624,13.97,8.01,896.59,descent,overheating,1.0
2026-09-28T00:29:36.902077+00:00,1149.6,25.48,29.14,180.79,532.76,2.985,89.56,18.29,0.356,0.0654,13.91,8.0,896.97,descent,overheating,1.0
2026-09-28T00:29:37.902077+00:00,1149.9,25.27,28.36,180.63,534.4,3.0,89.34,18.06,0.363,0.0702,13.94,8.06,897.44,descent,overheating,1.0
2026-09-28T00:29:38.902077+00:00,1149.6,25.24,28.13,180.48,537.18,2.984,89.28,18.1,0.37,0.0629,14.01,8.06,897.9,descent,overheating,1.0
2026-09-28T00:29:39.902077+00:00,1150.5,25.43,28.23,180.3,535.69,3.02,89.3,18.05,0.356,0.0734,13.93,8.07,898.31,descent,overheating,1.0
2026-09-28T00:29:40.902077+00:00,1149.5,25.2,27.58,180.72,539.22,3.043,89.32,17.29,0.362,0.078,13.97,7.95,898.69,descent,overheating,1.0
2026-09-28T00:29:41.902077+00:00,1151.0,24.94,27.59,180.39,539.74,2.988,89.3,17.81,0.363,0.0758,13.97,7.95,899.12,descent,overheating,1.0
2026-09-28T00:29:42.902077+00:00,1147.5,24.89,27.68,180.18,535.71,2.93,89.38,17.4,0.368,0.0775,13.95,7.99,899.55,descent,overheating,1.0
2026-09-28T00:29:43.902077+00:00,1152.5,25.63,28.33,180.14,532.92,2.941,89.16,17.2,0.375,0.0849,14.0,8.03,900.03,descent,overheating,1.0
2026-09-28T00:29:44.902077+00:00,1159.2,24.86,28.3,179.98,532.02,2.909,89.14,17.04,0.359,0.0759,13.97,8.04,900.38,descent,overheating,1.0
2026-09-28T00:29:45.902077+00:00,1161.4,25.17,28.82,179.93,531.79,2.9,89.3,17.13,0.344,0.0764,13.97,8.12,900.81,descent,overheating,1.0
2026-09-28T00:29:46.902077+00:00,1164.2,25.32,28.83,179.96,531.63,2.85,89.22,17.01,0.364,0.0878,13.93,8.04,901.25,descent,overheating,1.0
2026-09-28T00:29:47.902077+00:00,1156.3,24.64,28.79,179.78,533.04,2.879,89.06,17.56,0.348,0.0974,13.94,8.13,901.69,descent,overheating,1.0
2026-09-28T00:29:48.902077+00:00,1156.3,24.35,28.47,179.76,531.36,2.878,88.87,17.97,0.368,0.1037,13.98,8.1,902.19,descent,overheating,1.0
2026-09-28T00:29:49.902077+00:00,1159.0,24.57,27.94,178.99,530.13,2.937,88.85,18.22,0.369,0.0973,13.93,8.17,902.54,descent,overheating,1.0
2026-09-28T00:29:50.902077+00:00,1161.6,24.31,27.93,178.15,531.3,2.936,88.94,17.65,0.382,0.0876,13.94,8.25,902.94,descent,overheating,1.0
2026-09-28T00:29:51.902077+00:00,1163.7,24.6,27.83,178.22,527.08,2.99,89.09,17.53,0.36,0.0777,13.88,8.39,903.43,descent,overheating,1.0
2026-09-28T00:29:52.902077+00:00,1162.3,24.54,28.47,177.87,524.49,2.995,88.92,17.45,0.363,0.0817,13.89,8.42,903.85,descent,overheating,1.0
2026-09-28T00:29:53.902077+00:00,1159.5,24.81,28.62,177.8,523.55,2.928,88.74,17.66,0.358,0.0792,13.91,8.39,904.24,descent,overheating,1.0
2026-09-28T00:29:54.902077+00:00,1165.1,24.63,28.96,177.77,525.33,2.868,88.55,18.0,0.357,0.0837,13.88,8.38,904.66,descent,overheating,1.0
2026-09-28T00:29:55.902077+00:00,1165.8,25.2,29.0,177.84,524.9,2.86,88.33,17.92,0.36,0.0811,13.93,8.41,905.03,descent,overheating,1.0
2026-09-28T00:29:56.902077+00:00,1161.6,25.38,28.74,177.99,525.92,2.873,88.17,17.32,0.363,0.0749,13.92,8.41,905.46,descent,overheating,1.0
2026-09-28T00:29:57.902077+00:00,1159.8,25.27,28.3,177.52,529.05,2.855,88.17,17.77,0.363,0.0666,13.94,8.45,905.91,descent,overheating,1.0
2026-09-28T00:29:58.902077+00:00,1163.8,25.24,27.7,177.77,530.39,2.862,88.01,17.88,0.365,0.071,13.91,8.51,906.33,descent,overheating,1.0
2026-09-28T00:29:59.902077+00:00,1163.9,25.04,27.76,177.42,530.24,2.891,88.15,17.77,0.366,0.0695,13.89,8.52,906.78,descent,overheating,1.0
2026-09-28T00:30:00.902077+00:00,1166.9,25.12,27.84,176.38,528.6,2.933,88.24,17.91,0.368,0.0789,13.89,8.56,907.25,descent,overheating,1.0
2026-09-28T00:30:01.902077+00:00,1163.5,24.51,28.83,175.99,528.68,2.924,88.19,17.81,0.35,0.0802,13.88,8.59,907.66,descent,overheating,1.0
2026-09-28T00:30:02.902077+00:00,1163.8,24.66,28.09,175.69,530.59,2.952,88.15,17.59,0.356,0.0812,13.93,8.62,908.03,descent,overheating,1.0
2026-09-28T00:30:03.902077+00:00,1162.1,25.21,27.92,175.54,531.94,2.96,88.09,17.57,0.357,0.0849,13.89,8.6,908.5,descent,overheating,1.0
2026-09-28T00:30:04.902077+00:00,1163.7,25.24,28.17,175.68,534.14,2.97,88.41,17.68,0.361,0.0729,13.95,8.66,908.88,descent,overheating,1.0
2026-09-28T00:30:05.902077+00:00,1159.4,24.76,28.81,176.15,537.72,2.987,88.32,17.86,0.354,0.073,13.95,8.69,909.35,descent,overheating,1.0
2026-09-28T00:30:06.902077+00:00,1161.3,24.92,28.75,176.25,538.51,3.021,88.45,17.82,0.354,0.0737,14.0,8.74,909.87,descent,overheating,1.0
2026-09-28T00:30:07.902077+00:00,1160.5,24.92,28.43,175.47,539.58,2.943,88.47,17.84,0.354,0.0809,13.96,8.76,910.19,descent,overheating,1.0
2026-09-28T00:30:08.902077+00:00,1154.8,25.06,28.75,176.18,541.22,2.929,88.77,17.97,0.372,0.0881,13.99,8.78,910.65,descent,overheating,1.0
2026-09-28T00:30:09.902077+00:00,1148.7,25.24,29.2,176.16,537.74,2.941,88.74,18.22,0.359,0.0735,13.89,8.81,911.09,descent,overheating,1.0
2026-09-28T00:30:10.902077+00:00,1155.9,24.94,29.45,176.15,537.01,2.955,88.72,18.17,0.354,0.0786,14.04,8.9,911.57,descent,overheating,1.0
2026-09-28T00:30:11.902077+00:00,1154.4,25.2,29.4,176.05,538.22,2.925,88.84,18.0,0.384,0.0751,14.0,8.97,911.95,descent,overheating,1.0
2026-09-28T00:30:12.902077+00:00,1152.2,25.12,29.15,176.09,538.15,2.931,88.36,17.65,0.379,0.0765,14.07,8.94,912.38,descent,overheating,1.0
2026-09-28T00:30:13.902077+00:00,1160.6,25.1,29.59,176.68,536.31,2.915,88.65,17.84,0.376,0.077,14.11,8.91,912.85,descent,overheating,1.0
2026-09-28T00:30:14.902077+00:00,1161.4,25.27,29.59,176.71,536.16,2.948,88.68,17.57,0.375,0.0727,14.09,8.96,913.31,descent,overheating,1.0
2026-09-28T00:30:15.902077+00:00,1163.3,25.14,28.5,176.78,538.12,2.951,88.48,17.36,0.365,0.0753,14.09,9.02,913.71,descent,overheating,1.0
2026-09-28T00:30:16.902077+00:00,1161.2,25.12,28.5,176.8,536.18,2.953,88.44,17.24,0.362,0.074,14.1,9.03,914.16,descent,overheating,1.0
2026-09-28T00:30:17.902077+00:00,1161.5,24.61,27.8,176.12,538.67,2.929,88.28,17.41,0.361,0.0757,14.12,9.05,914.6,descent,overheating,1.0
2026-09-28T00:30:18.902077+00:00,1165.0,24.87,27.61,176.49,540.2,2.878,88.12,17.24,0.347,0.0914,14.1,9.14,915.13,descent,overheating,1.0
2026-09-28T00:30:19.902077+00:00,1163.5,25.02,28.31,177.23,538.56,2.922,88.09,17.27,0.343,0.0936,14.05,9.23,915.56,descent,overheating,1.0
2026-09-28T00:30:20.902077+00:00,1167.2,25.53,28.52,177.15,537.35,2.93,88.05,17.18,0.349,0.1036,14.02,9.21,916.01,descent,overheating,1.0
2026-09-28T00:30:21.902077+00:00,1165.9,25.52,28.94,177.07,540.51,2.969,88.18,17.53,0.36,0.1035,13.96,9.15,916.41,descent,overheating,1.0
2026-09-28T00:30:22.902077+00:00,1167.5,24.69,28.35,177.54,540.95,3.003,88.11,17.74,0.36,0.0951,13.97,9.05,916.87,descent,overheating,1.0
2026-09-28T00:30:23.902077+00:00,1171.2,24.56,28.31,177.09,540.0,3.018,87.91,17.8,0.356,0.0938,14.01,9.03,917.33,descent,overheating,1.0
2026-09-28T00:30:24.902077+00:00,1172.8,24.92,28.77,177.22,539.21,3.037,87.69,17.8,0.366,0.088,13.91,9.02,917.82,descent,overheating,1.0
2026-09-28T00:30:25.902077+00:00,1170.2,24.94,28.69,176.57,540.42,3.068,87.87,18.07,0.367,0.0844,13.94,9.0,918.29,descent,overheating,1.0
2026-09-28T00:30:26.902077+00:00,1167.6,24.81,28.66,176.42,539.15,3.063,87.82,18.13,0.356,0.092,13.91,9.06,918.61,descent,overheating,1.0
2026-09-28T00:30:27.902077+00:00,1168.4,24.83,28.62,176.18,538.57,2.987,87.84,18.0,0.356,0.1002,13.9,9.14,919.1,descent,overheating,1.0
2026-09-28T00:30:28.902077+00:00,1169.5,24.9,28.18,175.83,535.35,2.972,88.01,17.95,0.353,0.0996,13.94,9.1,919.48,descent,overheating,1.0
2026-09-28T00:30:29.902077+00:00,1172.1,24.7,28.61,175.8,535.06,2.987,88.02,17.92,0.354,0.0975,14.0,9.16,919.99,descent,overheating,1.0
2026-09-28T00:30:30.902077+00:00,1173.9,24.94,28.34,175.6,535.65,3.056,88.02,17.77,0.365,0.1001,14.04,9.17,920.43,descent,overheating,1.0
2026-09-28T00:30:31.902077+00:00,1165.9,25.04,28.83,175.9,534.26,3.078,88.05,17.86,0.365,0.0928,14.0,9.12,920.99,descent,overheating,1.0
2026-09-28T00:30:32.902077+00:00,1167.2,25.13,28.72,175.67,535.25,3.057,87.98,17.89,0.378,0.0876,13.99,9.1,921.33,descent,overheating,1.0
2026-09-28T00:30:33.902077+00:00,1164.7,25.21,29.47,175.49,539.81,3.06,88.01,17.58,0.376,0.0798,13.98,9.16,921.7,descent,overheating,1.0
2026-09-28T00:30:34.902077+00:00,1167.4,24.54,29.04,176.05,541.28,3.035,88.04,17.75,0.368,0.085,13.92,9.2,922.16,descent,overheating,1.0
2026-09-28T00:30:35.902077+00:00,1172.1,24.7,29.24,176.41,544.95,3.048,88.01,17.75,0.383,0.0906,13.96,9.24,922.61,descent,overheating,1.0
2026-09-28T00:30:36.902077+00:00,1172.6,24.87,29.1,176.94,545.83,3.074,88.01,17.6,0.371,0.0922,13.98,9.23,923.04,descent,overheating,1.0
2026-09-28T00:30:37.902077+00:00,1169.6,24.78,28.92,176.89,548.31,3.058,88.02,17.59,0.379,0.0838,14.07,9.24,923.39,descent,overheating,1.0
2026-09-28T00:30:38.902077+00:00,1168.8,24.15,28.68,176.86,548.51,3.051,87.83,17.92,0.372,0.0897,14.01,9.27,923.87,descent,overheating,1.0
2026-09-28T00:30:39.902077+00:00,1164.2,25.03,28.59,176.8,550.08,3.056,87.72,17.7,0.367,0.0814,13.92,9.36,924.36,descent,overheating,1.0
2026-09-28T00:30:40.902077+00:00,1162.2,25.19,28.73,177.32,551.3,3.082,87.36,17.88,0.369,0.0797,13.89,9.37,924.75,descent,overheating,1.0
2026-09-28T00:30:41.902077+00:00,1161.7,25.37,28.71,177.36,550.33,3.061,87.22,17.8,0.353,0.0831,13.87,9.43,925.21,descent,overheating,1.0
2026-09-28T00:30:42.902077+00:00,1164.0,25.17,28.82,177.66,549.47,3.026,87.38,17.84,0.346,0.0881,13.9,9.57,925.66,descent,overheating,1.0
2026-09-28T00:30:43.902077+00:00,1159.8,25.05,28.71,177.84,550.73,2.964,87.59,17.65,0.34,0.0791,13.86,9.58,926.12,descent,overheating,1.0
2026-09-28T00:30:44.902077+00:00,1161.7,24.62,28.72,177.72,548.71,2.944,87.62,17.81,0.356,0.071,13.86,9.62,926.48,descent,overheating,1.0
2026-09-28T00:30:45.902077+00:00,1158.4,24.2,29.77,177.7,548.78,2.927,87.56,18.22,0.373,0.0723,13.87,9.7,926.85,descent,overheating,1.0
2026-09-28T00:30:46.902077+00:00,1156.2,24.28,29.33,177.61,547.36,2.944,87.62,18.24,0.371,0.0661,14.0,9.69,927.27,descent,overheating,1.0
2026-09-28T00:30:47.902077+00:00,1159.6,24.42,28.6,177.17,544.83,2.934,87.46,18.19,0.373,0.0742,14.06,9.66,927.72,descent,overheating,1.0
2026-09-28T00:30:48.902077+00:00,1159.1,25.15,29.13,176.95,545.3,2.939,87.34,18.37,0.369,0.077,14.02,9.76,928.2,descent,overheating,1.0
2026-09-28T00:30:49.902077+00:00,1158.2,24.7,27.99,176.57,550.43,2.941,87.32,18.08,0.384,0.073,13.97,9.79,928.65,descent,overheating,1.0
2026-09-28T00:30:50.902077+00:00,1159.6,25.11,28.56,176.59,548.81,2.969,87.27,18.02,0.39,0.0693,13.96,9.85,929.04,descent,overheating,1.0
2026-09-28T00:30:51.902077+00:00,1162.0,25.58,28.62,176.57,547.24,2.982,86.98,18.26,0.381,0.0761,13.95,9.8,929.49,descent,overheating,1.0
2026-09-28T00:30:52.902077+00:00,1163.6,25.38,28.93,176.5,545.91,2.992,86.9,17.75,0.363,0.0663,13.94,9.89,929.86,descent,overheating,1.0
2026-09-28T00:30:53.902077+00:00,1170.4,25.12,29.15,176.84,547.93,3.009,87.2,17.92,0.375,0.0621,13.94,9.9,930.36,descent,overheating,1.0
2026-09-28T00:30:54.902077+00:00,1164.1,25.69,29.69,176.69,545.66,3.034,87.0,17.71,0.36,0.0786,13.94,9.95,930.83,descent,overheating,1.0
2026-09-28T00:30:55.902077+00:00,1165.9,25.37,29.32,176.4,545.73,3.042,87.17,17.61,0.368,0.0853,13.99,9.96,931.2,descent,overheating,1.0
2026-09-28T00:30:56.902077+00:00,1161.5,25.69,29.55,176.47,548.3,2.99,87.2,17.88,0.377,0.0665,13.92,9.99,931.64,descent,overheating,1.0
2026-09-28T00:30:57.902077+00:00,1163.5,25.63,29.89,176.27,546.66,2.981,86.93,18.02,0.372,0.0735,14.01,10.11,932.03,descent,overheating,1.0
2026-09-28T00:30:58.902077+00:00,1167.5,25.26,29.62,176.34,550.28,3.015,87.12,18.05,0.37,0.0789,14.05,10.11,932.43,descent,overheating,1.0
2026-09-28T00:30:59.902077+00:00,1161.9,24.95,29.89,177.26,549.96,3.037,87.09,18.39,0.38,0.0787,14.02,10.11,932.81,descent,overheating,1.0
2026-09-28T00:31:00.902077+00:00,1165.7,24.68,29.22,177.42,552.29,3.088,87.02,18.25,0.378,0.075,14.05,10.19,933.29,descent,overheating,1.0
2026-09-28T00:31:01.902077+00:00,1166.7,24.56,29.08,177.33,554.77,3.131,86.55,18.34,0.371,0.0822,14.04,10.17,933.67,descent,overheating,1.0
2026-09-28T00:31:02.902077+00:00,1166.9,24.23,28.46,177.09,549.47,3.155,86.59,17.91,0.371,0.0835,14.02,10.18,934.1,descent,overheating,1.0
2026-09-28T00:31:03.902077+00:00,1164.6,24.94,28.63,177.5,549.83,3.109,86.78,18.09,0.387,0.0707,14.11,10.25,934.6,descent,overheating,1.0
2026-09-28T00:31:04.902077+00:00,1160.1,25.58,29.31,177.36,550.1,3.079,87.03,17.72,0.369,0.0769,14.05,10.34,935.01,descent,overheating,1.0
2026-09-28T00:31:05.902077+00:00,1163.2,25.03,29.72,178.31,551.21,3.002,87.16,17.94,0.363,0.0801,14.09,10.39,935.45,descent,overheating,1.0
2026-09-28T00:31:06.902077+00:00,1167.8,25.21,29.84,178.12,556.12,2.978,87.29,17.64,0.372,0.087,14.06,10.41,935.91,descent,overheating,1.0
2026-09-28T00:31:07.902077+00:00,1167.9,25.01,29.15,177.88,554.77,2.994,87.38,17.86,0.358,0.091,14.09,10.35,936.41,descent,overheating,1.0
2026-09-28T00:31:08.902077+00:00,1166.3,24.85,28.92,178.05,555.04,3.036,87.03,18.24,0.348,0.1032,14.05,10.33,936.78,descent,overheating,1.0
2026-09-28T00:31:09.902077+00:00,1166.6,24.83,28.97,177.5,551.99,3.012,86.96,18.35,0.349,0.106,13.99,10.42,937.17,descent,overheating,1.0
2026-09-28T00:31:10.902077+00:00,1164.9,25.41,28.74,177.87,551.91,2.995,86.92,18.1,0.365,0.099,13.97,10.6,937.65,descent,overheating,1.0
2026-09-28T00:31:11.902077+00:00,1160.5,25.32,27.99,177.45,548.37,2.99,86.94,17.97,0.389,0.0928,13.97,10.63,938.11,descent,overheating,1.0
2026-09-28T00:31:12.902077+00:00,1162.8,25.31,28.3,177.5,545.41,2.981,86.96,17.84,0.388,0.0904,13.97,10.63,938.52,descent,overheating,1.0
2026-09-28T00:31:13.902077+00:00,1158.8,25.31,29.05,177.79,542.81,2.989,87.05,17.77,0.38,0.0937,13.98,10.65,938.93,descent,overheating,1.0
2026-09-28T00:31:14.902077+00:00,1161.9,25.29,29.42,177.81,540.77,3.017,87.13,17.85,0.379,0.0946,14.09,10.62,939.4,descent,overheating,1.0
2026-09-28T00:31:15.902077+00:00,1165.5,25.12,28.82,177.95,537.91,3.005,87.37,18.21,0.352,0.1001,14.1,10.66,939.86,descent,overheating,1.0
2026-09-28T00:31:16.902077+00:00,1164.4,25.25,29.05,177.95,538.99,3.0,87.2,18.18,0.347,0.1049,14.05,10.68,940.36,descent,overheating,1.0
2026-09-28T00:31:17.902077+00:00,1161.5,24.61,28.58,177.96,541.87,2.992,87.25,17.86,0.355,0.1015,14.03,10.79,940.76,descent,overheating,1.0
2026-09-28T00:31:18.902077+00:00,1167.4,24.78,28.69,178.05,541.87,3.001,87.05,17.63,0.367,0.1077,14.05,10.84,941.19,descent,overheating,1.0
2026-09-28T00:31:19.902077+00:00,1162.5,24.9,28.91,178.5,540.45,3.041,86.77,17.53,0.355,0.1094,14.03,10.79,941.7,descent,overheating,1.0
2026-09-28T00:31:20.902077+00:00,1162.1,24.77,28.47,178.92,539.92,3.037,86.68,17.75,0.358,0.1012,14.05,10.75,942.26,descent,overheating,1.0
2026-09-28T00:31:21.902077+00:00,1164.7,24.93,28.64,178.97,537.69,3.041,86.92,17.61,0.353,0.1056,14.01,10.73,942.69,descent,overheating,1.0
2026-09-28T00:31:22.902077+00:00,1165.4,25.39,29.11,178.47,541.78,3.049,86.89,17.81,0.361,0.0986,13.98,10.84,943.19,descent,overheating,1.0
2026-09-28T00:31:23.902077+00:00,1163.5,25.33,29.53,178.57,542.73,3.021,86.78,17.88,0.373,0.0884,13.84,10.88,943.67,descent,overheating,1.0
2026-09-28T00:31:24.902077+00:00,1165.3,25.36,29.41,179.2,541.76,3.025,87.02,17.97,0.349,0.0847,13.9,10.97,944.12,descent,overheating,1.0
2026-09-28T00:31:25.902077+00:00,1165.7,24.55,28.52,178.63,540.12,3.004,86.89,18.02,0.338,0.0873,13.92,10.96,944.56,descent,overheating,1.0
2026-09-28T00:31:26.902077+00:00,1166.2,24.54,28.84,178.6,537.6,2.996,87.07,18.11,0.336,0.0869,13.9,11.03,944.99,descent,overheating,1.0
2026-09-28T00:31:27.902077+00:00,1163.1,24.79,28.97,178.28,539.0,2.994,87.12,18.04,0.326,0.0932,13.96,11.14,945.42,descent,overheating,1.0
2026-09-28T00:31:28.902077+00:00,1163.3,24.87,28.01,177.63,541.86,2.981,87.22,17.83,0.35,0.0973,13.92,11.21,945.82,descent,overheating,1.0
2026-09-28T00:31:29.902077+00:00,1163.5,25.31,28.24,178.09,543.45,3.009,87.29,18.1,0.361,0.0915,13.95,11.27,946.24,descent,overheating,1.0
2026-09-28T00:31:30.902077+00:00,1162.7,25.46,29.03,177.06,542.37,2.983,87.26,18.39,0.37,0.0886,13.94,11.29,946.74,descent,overheating,1.0
2026-09-28T00:31:31.902077+00:00,1161.1,25.54,28.65,176.87,543.68,3.043,87.34,18.44,0.354,0.0824,13.98,11.32,947.17,descent,overheating,1.0
2026-09-28T00:31:32.902077+00:00,1158.4,25.6,28.75,177.27,548.7,2.984,87.38,18.5,0.363,0.0779,13.93,11.28,947.63,descent,overheating,1.0
2026-09-28T00:31:33.902077+00:00,1157.6,25.51,28.94,177.53,551.65,2.995,87.56,18.55,0.365,0.0787,13.95,11.36,948.09,descent,overheating,1.0
2026-09-28T00:31:34.902077+00:00,1160.3,24.89,28.67,177.72,550.33,3.007,87.58,18.48,0.371,0.0813,13.93,11.36,948.54,descent,overheating,1.0
2026-09-28T00:31:35.902077+00:00,1160.4,25.22,29.0,177.98,546.98,2.998,87.76,18.66,0.374,0.0913,14.02,11.37,948.98,descent,overheating,1.0
2026-09-28T00:31:36.902077+00:00,1162.9,25.51,29.89,177.7,545.71,2.963,87.83,18.96,0.364,0.0883,13.98,11.29,949.5,descent,overheating,1.0
2026-09-28T00:31:37.902077+00:00,1162.4,25.68,29.87,177.97,546.04,3.015,87.85,18.59,0.366,0.0862,13.91,11.34,950.03,descent,overheating,1.0
2026-09-28T00:31:38.902077+00:00,1162.8,25.41,29.51,178.12,547.24,2.992,88.12,18.25,0.348,0.0868,13.97,11.4,950.54,descent,overheating,1.0
2026-09-28T00:31:39.902077+00:00,1164.3,25.54,29.38,178.2,543.32,2.963,88.42,17.97,0.358,0.0827,13.96,11.45,951.03,descent,overheating,1.0
2026-09-28T00:31:40.902077+00:00,1135.1,22.74,29.23,177.79,544.64,2.971,88.46,18.26,0.36,0.1009,14.02,11.52,951.54,taxi,overheating,1.0
2026-09-28T00:31:41.902077+00:00,1110.1,21.04,28.66,177.52,542.04,2.944,88.16,18.46,0.361,0.0946,14.04,11.54,951.98,taxi,overheating,1.0
2026-09-28T00:31:42.902077+00:00,1092.9,20.34,27.34,177.68,540.5,2.948,87.97,18.61,0.362,0.0923,14.06,11.48,952.48,taxi,overheating,1.0
2026-09-28T00:31:43.902077+00:00,1078.6,18.96,26.72,177.85,535.56,2.926,87.8,18.26,0.384,0.0817,14.08,11.58,952.83,taxi,overheating,1.0
2026-09-28T00:31:44.902077+00:00,1064.7,18.56,25.94,177.82,534.4,2.897,87.79,17.85,0.37,0.0787,14.0,11.6,953.23,taxi,overheating,1.0
2026-09-28T00:31:45.902077+00:00,1053.7,18.33,24.97,178.62,535.09,2.919,87.77,17.54,0.357,0.0791,13.93,11.56,953.65,taxi,overheating,1.0
2026-09-28T00:31:46.902077+00:00,1047.4,17.92,24.92,179.25,534.37,2.905,87.92,16.89,0.345,0.088,13.95,11.61,954.0,taxi,overheating,1.0
2026-09-28T00:31:47.902077+00:00,1043.4,17.67,24.27,178.76,531.85,2.913,87.97,16.67,0.363,0.0874,13.88,11.65,954.36,taxi,overheating,1.0
2026-09-28T00:31:48.902077+00:00,1032.2,17.79,23.42,178.37,528.46,2.861,88.06,16.23,0.353,0.0967,13.83,11.65,954.73,taxi,overheating,1.0
2026-09-28T00:31:49.902077+00:00,1030.8,17.57,23.49,178.44,530.29,2.828,88.11,16.3,0.364,0.0812,13.8,11.63,955.12,taxi,overheating,1.0
2026-09-28T00:31:50.902077+00:00,1027.3,17.31,23.53,178.3,532.48,2.822,88.14,16.3,0.36,0.0628,13.86,11.63,955.53,taxi,overheating,1.0
2026-09-28T00:31:51.902077+00:00,1026.8,17.47,23.21,178.7,527.33,2.829,88.22,15.82,0.362,0.0538,13.89,11.63,955.93,taxi,overheating,1.0
2026-09-28T00:31:52.902077+00:00,1021.5,17.73,23.05,178.56,523.51,2.801,87.88,15.89,0.374,0.0609,13.94,11.59,956.31,taxi,overheating,1.0
2026-09-28T00:31:53.902077+00:00,1020.3,17.82,22.52,177.75,521.78,2.791,87.87,15.57,0.357,0.0606,13.88,11.64,956.67,taxi,overheating,1.0
2026-09-28T00:31:54.902077+00:00,1017.8,17.4,21.92,177.1,522.03,2.817,87.99,15.63,0.376,0.0681,13.86,11.67,957.02,taxi,overheating,1.0
2026-09-28T00:31:55.902077+00:00,1019.0,17.79,21.61,176.81,521.97,2.798,87.65,15.54,0.365,0.0698,13.84,11.78,957.35,taxi,overheating,1.0
2026-09-28T00:31:56.902077+00:00,1019.0,17.73,22.45,176.96,519.38,2.75,87.87,15.54,0.372,0.0778,13.84,11.8,957.69,taxi,overheating,1.0
2026-09-28T00:31:57.902077+00:00,1017.4,18.08,22.42,177.01,516.11,2.747,87.75,15.65,0.381,0.0799,13.93,11.91,958.05,taxi,overheating,1.0
2026-09-28T00:31:58.902077+00:00,1012.2,18.95,23.22,176.52,511.03,2.73,87.86,15.63,0.358,0.0718,13.92,11.98,958.29,taxi,overheating,1.0
2026-09-28T00:31:59.902077+00:00,1010.6,19.24,23.52,176.14,509.51,2.731,88.07,15.85,0.346,0.0748,14.0,12.07,958.61,taxi,overheating,1.0
2026-09-28T00:32:00.902077+00:00,1012.9,19.27,24.05,175.53,507.73,2.739,87.99,15.69,0.354,0.0792,14.0,12.03,958.93,taxi,overheating,1.0
2026-09-28T00:32:01.902077+00:00,1014.2,19.06,24.63,175.1,510.37,2.766,87.94,16.06,0.354,0.0703,13.99,12.06,959.27,taxi,overheating,1.0
2026-09-28T00:32:02.902077+00:00,1017.5,18.68,24.9,175.29,509.71,2.737,87.98,15.99,0.344,0.0628,14.01,12.12,959.5,taxi,overheating,1.0
2026-09-28T00:32:03.902077+00:00,1023.4,18.47,24.79,175.35,509.85,2.757,88.03,16.13,0.35,0.0651,13.92,12.08,959.78,taxi,overheating,1.0
2026-09-28T00:32:04.902077+00:00,1023.1,17.92,24.15,175.81,508.73,2.78,88.09,15.92,0.353,0.0678,13.85,12.12,960.07,taxi,overheating,1.0
2026-09-28T00:32:05.902077+00:00,1023.6,17.89,23.18,175.72,511.39,2.804,88.21,15.88,0.381,0.0607,13.91,12.06,960.33,taxi,overheating,1.0
2026-09-28T00:32:06.902077+00:00,1025.5,17.69,22.23,175.83,512.09,2.744,88.49,15.74,0.367,0.0662,13.86,12.1,960.66,taxi,overheating,1.0
2026-09-28T00:32:07.902077+00:00,1021.2,17.58,22.26,175.87,509.56,2.738,88.36,15.66,0.371,0.0647,13.92,12.22,960.84,taxi,overheating,1.0
2026-09-28T00:32:08.902077+00:00,1024.6,17.58,22.89,176.34,509.97,2.699,88.53,15.63,0.341,0.0589,13.96,12.21,961.13,taxi,overheating,1.0
2026-09-28T00:32:09.902077+00:00,1021.7,17.6,22.48,176.7,506.2,2.66,88.48,15.2,0.352,0.0519,13.93,12.24,961.41,taxi,overheating,1.0
2026-09-28T00:32:10.902077+00:00,1020.7,18.15,22.61,176.94,500.36,2.695,88.41,15.02,0.352,0.0553,13.9,12.27,961.63,taxi,overheating,1.0
2026-09-28T00:32:11.902077+00:00,1017.5,18.15,22.99,176.13,505.16,2.654,88.43,15.3,0.37,0.0604,13.95,12.3,961.96,taxi,overheating,1.0
2026-09-28T00:32:12.902077+00:00,1017.6,17.79,22.82,176.26,502.84,2.692,88.3,15.71,0.368,0.0555,13.92,12.39,962.2,taxi,overheating,1.0
2026-09-28T00:32:13.902077+00:00,1023.2,17.67,22.58,175.87,502.8,2.654,88.16,15.45,0.363,0.0626,13.86,12.39,962.37,taxi,overheating,1.0
2026-09-28T00:32:14.902077+00:00,1022.7,17.13,22.93,176.17,504.68,2.687,88.29,15.61,0.35,0.0706,13.89,12.42,962.63,taxi,overheating,1.0
2026-09-28T00:32:15.902077+00:00,1020.7,17.71,22.68,176.77,505.77,2.7,88.46,15.23,0.356,0.0786,13.84,12.37,962.83,taxi,overheating,1.0
2026-09-28T00:32:16.902077+00:00,1012.8,18.49,22.29,176.99,506.18,2.665,88.17,14.83,0.363,0.0814,13.82,12.29,963.11,taxi,overheating,1.0
2026-09-28T00:32:17.902077+00:00,1014.5,17.97,22.15,176.54,504.13,2.635,88.16,14.83,0.353,0.0861,13.87,12.28,963.31,taxi,overheating,1.0
2026-09-28T00:32:18.902077+00:00,1015.4,17.77,23.25,176.82,505.39,2.653,88.21,15.29,0.353,0.0862,13.77,12.27,963.61,taxi,overheating,1.0
2026-09-28T00:32:19.902077+00:00,1019.4,18.4,23.28,177.37,506.36,2.639,88.33,15.28,0.355,0.0878,13.8,12.36,963.82,taxi,overheating,1.0
2026-09-28T00:32:20.902077+00:00,1018.4,18.78,23.93,177.29,505.57,2.706,88.66,15.4,0.338,0.0914,13.93,12.33,964.04,taxi,overheating,1.0
2026-09-28T00:32:21.902077+00:00,1020.4,18.31,24.25,176.86,502.68,2.763,88.44,15.33,0.357,0.096,14.03,12.37,964.28,taxi,overheating,1.0
2026-09-28T00:32:22.902077+00:00,1016.3,17.98,23.98,176.97,502.5,2.688,88.41,15.3,0.349,0.0853,14.04,12.47,964.49,taxi,overheating,1.0
2026-09-28T00:32:23.902077+00:00,1017.5,17.98,23.91,176.94,500.62,2.664,88.18,15.65,0.354,0.0852,14.06,12.41,964.75,taxi,overheating,1.0
2026-09-28T00:32:24.902077+00:00,1020.0,17.73,23.22,176.71,498.49,2.623,87.91,15.62,0.367,0.0799,13.98,12.48,965.02,taxi,overheating,1.0
2026-09-28T00:32:25.902077+00:00,1016.0,17.99,22.86,176.16,498.11,2.615,88.21,15.81,0.373,0.0779,14.01,12.48,965.2,taxi,overheating,1.0
2026-09-28T00:32:26.902077+00:00,1017.3,17.53,22.44,176.2,505.15,2.59,88.29,15.44,0.374,0.0821,13.9,12.51,965.38,taxi,overheating,1.0
2026-09-28T00:32:27.902077+00:00,1022.7,16.84,22.32,176.85,504.58,2.593,88.1,15.05,0.379,0.0906,13.99,12.52,965.65,taxi,overheating,1.0
2026-09-28T00:32:28.902077+00:00,1023.6,17.01,22.43,176.83,508.03,2.636,88.1,14.98,0.379,0.0756,14.04,12.58,965.85,taxi,overheating,1.0
2026-09-28T00:32:29.902077+00:00,1025.7,17.84,22.59,177.05,507.23,2.663,87.95,15.07,0.381,0.0698,14.08,12.58,966.03,taxi,overheating,1.0
2026-09-28T00:32:30.902077+00:00,1027.5,18.4,22.61,177.22,508.46,2.676,87.97,15.5,0.379,0.0731,14.01,12.56,966.2,taxi,overheating,1.0
2026-09-28T00:32:31.902077+00:00,1026.9,18.42,23.15,177.0,508.65,2.722,88.01,15.51,0.361,0.0787,13.96,12.49,966.43,taxi,overheating,1.0
2026-09-28T00:32:32.902077+00:00,1023.4,18.05,22.62,177.58,509.27,2.741,87.9,15.46,0.371,0.0702,13.98,12.53,966.68,taxi,overheating,1.0
2026-09-28T00:32:33.902077+00:00,1027.3,17.78,22.51,178.53,507.16,2.671,87.97,15.35,0.378,0.0677,13.97,12.55,966.86,taxi,overheating,1.0
2026-09-28T00:32:34.902077+00:00,1024.3,18.05,22.75,178.89,504.88,2.718,88.14,15.47,0.365,0.0804,13.98,12.56,967.07,taxi,overheating,1.0
2026-09-28T00:32:35.902077+00:00,1022.8,18.14,22.74,179.62,506.66,2.717,88.17,15.34,0.368,0.0734,13.97,12.59,967.21,taxi,overheating,1.0
2026-09-28T00:32:36.902077+00:00,1023.0,18.25,22.87,179.1,507.63,2.72,88.15,15.41,0.367,0.0753,13.98,12.58,967.38,taxi,overheating,1.0
2026-09-28T00:32:37.902077+00:00,1018.5,18.49,22.92,178.96,507.91,2.68,88.06,15.31,0.37,0.0724,14.02,12.58,967.56,taxi,overheating,1.0
2026-09-28T00:32:38.902077+00:00,1020.0,18.7,22.99,178.69,508.3,2.703,88.01,15.28,0.365,0.0724,14.03,12.65,967.66,taxi,overheating,1.0
2026-09-28T00:32:39.902077+00:00,1027.0,18.47,22.42,178.74,508.05,2.757,87.88,15.38,0.376,0.082,14.06,12.68,967.75,taxi,overheating,1.0
2026-09-28T00:32:40.902077+00:00,1027.5,18.77,22.77,178.68,510.12,2.767,87.87,15.26,0.368,0.0779,14.05,12.68,968.0,shutdown,overheating,1.0
2026-09-28T00:32:41.902077+00:00,1025.1,17.42,23.25,179.04,510.77,2.747,87.83,15.17,0.352,0.0801,14.02,12.82,968.21,shutdown,overheating,1.0
2026-09-28T00:32:42.902077+00:00,1000.1,14.69,22.68,179.24,506.79,2.738,88.12,15.07,0.353,0.0749,14.03,12.85,968.39,shutdown,overheating,1.0
2026-09-28T00:32:43.902077+00:00,966.6,10.95,22.02,178.89,505.39,2.715,88.24,14.81,0.352,0.074,14.09,12.91,968.52,shutdown,overheating,1.0
2026-09-28T00:32:44.902077+00:00,919.9,7.45,19.47,178.28,504.89,2.64,88.45,14.43,0.357,0.0801,14.05,12.84,968.69,shutdown,overheating,1.0
2026-09-28T00:32:45.902077+00:00,869.5,4.82,17.45,177.84,507.13,2.652,88.42,13.89,0.357,0.0816,13.92,12.89,968.89,shutdown,overheating,1.0
2026-09-28T00:32:46.902077+00:00,811.5,2.51,15.27,178.0,507.16,2.625,88.22,13.66,0.357,0.0653,13.96,12.89,969.12,shutdown,overheating,1.0
2026-09-28T00:32:47.902077+00:00,747.8,1.38,12.91,177.35,506.65,2.521,88.35,13.11,0.34,0.0683,13.98,12.94,969.24,shutdown,overheating,1.0
2026-09-28T00:32:48.902077+00:00,679.0,1.27,11.35,177.29,501.13,2.508,88.39,12.06,0.339,0.0606,13.96,12.96,969.4,shutdown,overheating,1.0
2026-09-28T00:32:49.902077+00:00,613.7,1.0,10.46,177.89,499.01,2.43,88.23,11.33,0.348,0.0562,13.89,12.94,969.47,shutdown,overheating,1.0
2026-09-28T00:32:50.902077+00:00,540.7,0.62,9.06,177.37,499.5,2.3,88.4,10.68,0.338,0.0579,13.98,13.02,969.66,shutdown,overheating,1.0
2026-09-28T00:32:51.902077+00:00,472.1,0.45,7.99,177.66,497.67,2.205,88.22,9.79,0.328,0.0556,13.94,13.03,969.8,shutdown,overheating,1.0
2026-09-28T00:32:52.902077+00:00,405.5,0.23,7.24,178.19,494.79,2.108,88.04,9.62,0.335,0.048,13.99,13.08,969.92,shutdown,overheating,1.0
2026-09-28T00:32:53.902077+00:00,343.6,0.12,6.14,178.23,492.02,1.964,88.29,8.73,0.317,0.056,13.95,13.12,970.08,shutdown,overheating,1.0
2026-09-28T00:32:54.902077+00:00,288.9,0.0,5.17,177.71,487.87,1.829,88.43,8.18,0.312,0.0508,13.95,13.18,970.25,shutdown,overheating,1.0
2026-09-28T00:32:55.902077+00:00,239.0,0.0,4.67,177.59,483.91,1.754,88.21,7.73,0.309,0.043,13.87,13.2,970.41,shutdown,overheating,1.0
2026-09-28T00:32:56.902077+00:00,197.8,0.19,4.28,176.94,481.36,1.637,88.4,7.48,0.322,0.0474,13.87,13.12,970.54,shutdown,overheating,1.0
2026-09-28T00:32:57.902077+00:00,159.6,0.0,3.71,176.8,480.44,1.544,88.39,7.19,0.331,0.0413,13.82,13.08,970.67,shutdown,overheating,1.0
2026-09-28T00:32:58.902077+00:00,126.9,0.01,3.35,177.08,479.86,1.482,88.16,6.91,0.319,0.0431,13.92,13.14,970.88,shutdown,overheating,1.0
2026-09-28T00:32:59.902077+00:00,98.4,0.0,2.4,177.67,473.34,1.417,88.09,6.71,0.317,0.0438,13.91,13.23,971.0,shutdown,overheating,1.0
