timestamp,rpm,throttle_percent,engine_load_percent,cht_c,egt_c,oil_pressure_bar,oil_temperature_c,fuel_flow_l_h,fuel_pressure_bar,vibration_g,voltage_v,ambient_temperature_c,ambient_pressure_hpa,operating_condition,fault_type,fault_severity
2026-09-28T00:07:51.044087+00:00,0.0,1.14,0.13,14.89,14.99,0.007,15.02,0.23,0.007,0.0107,11.68,14.99,1013.18,start,normal,0.0
2026-09-28T00:07:52.044087+00:00,10.2,1.57,0.0,14.77,15.97,0.0,15.15,0.24,0.006,0.0152,11.01,14.99,1013.2,start,normal,0.0
2026-09-28T00:07:53.044087+00:00,22.4,2.3,0.27,14.28,17.62,0.0,15.0,0.11,0.005,0.0192,10.61,14.94,1013.25,start,normal,0.0
2026-09-28T00:07:54.044087+00:00,47.8,2.68,0.39,14.19,22.16,0.0,14.91,0.24,0.017,0.0206,10.34,14.91,1013.22,start,normal,0.0
2026-09-28T00:07:55.044087+00:00,74.9,3.23,1.17,15.13,36.78,0.323,15.21,2.2,0.136,0.0226,10.07,14.96,1013.15,start,normal,0.0
2026-09-28T00:07:56.044087+00:00,108.6,2.89,1.64,15.22,49.28,0.594,15.31,3.44,0.203,0.0296,9.92,14.99,1013.12,start,normal,0.0
2026-09-28T00:07:57.044087+00:00,144.1,3.26,2.76,16.05,67.53,0.863,15.45,4.26,0.239,0.0272,9.79,15.04,1013.14,start,normal,0.0
2026-09-28T00:07:58.044087+00:00,181.0,5.55,3.43,16.64,81.14,1.015,15.9,4.82,0.281,0.0295,10.92,15.07,1013.17,start,normal,0.0
2026-09-28T00:07:59.044087+00:00,209.6,6.54,5.33,17.6,97.31,1.177,15.89,5.62,0.31,0.0242,11.79,15.12,1013.17,start,normal,0.0
2026-09-28T00:08:00.044087+00:00,246.1,7.29,6.12,18.36,114.2,1.335,16.0,5.91,0.308,0.0317,12.41,15.09,1013.11,start,normal,0.0
2026-09-28T00:08:01.044087+00:00,275.8,8.01,6.56,19.66,126.5,1.502,16.29,6.61,0.314,0.0492,12.83,15.11,1013.13,start,normal,0.0
2026-09-28T00:08:02.044087+00:00,305.3,7.92,7.03,19.8,138.75,1.592,16.52,7.22,0.321,0.0449,13.14,15.14,1013.2,start,normal,0.0
2026-09-28T00:08:03.044087+00:00,329.4,7.89,7.84,20.41,150.81,1.671,16.87,7.67,0.32,0.061,13.25,15.1,1013.22,start,normal,0.0
2026-09-28T00:08:04.044087+00:00,357.7,8.14,8.18,21.39,160.58,1.767,16.96,7.9,0.322,0.0481,13.52,15.1,1013.34,start,normal,0.0
2026-09-28T00:08:05.044087+00:00,391.9,8.04,8.09,21.99,171.79,1.894,17.26,8.06,0.306,0.0477,13.68,15.25,1013.29,start,normal,0.0
2026-09-28T00:08:06.044087+00:00,413.3,8.16,8.84,22.33,180.01,1.981,17.46,8.44,0.308,0.0432,13.69,15.36,1013.32,start,normal,0.0
2026-09-28T00:08:07.044087+00:00,443.8,7.75,9.3,23.56,188.84,2.027,17.54,8.95,0.324,0.0495,13.91,15.37,1013.39,start,normal,0.0
2026-09-28T00:08:08.044087+00:00,473.4,7.84,9.15,24.22,198.86,2.054,17.85,8.55,0.306,0.0514,13.89,15.48,1013.47,start,normal,0.0
2026-09-28T00:08:09.044087+00:00,498.2,8.01,10.11,25.36,207.39,2.12,18.25,8.7,0.309,0.05,13.78,15.49,1013.48,start,normal,0.0
2026-09-28T00:08:10.044087+00:00,526.6,8.05,10.52,25.97,214.81,2.149,18.43,8.97,0.318,0.0636,13.85,15.5,1013.56,start,normal,0.0
2026-09-28T00:08:11.044087+00:00,588.0,8.34,10.74,27.58,224.24,2.248,18.34,9.13,0.324,0.0667,13.88,15.51,1013.58,idle,normal,0.0
2026-09-28T00:08:12.044087+00:00,634.5,7.6,10.38,28.68,228.16,2.336,18.77,9.06,0.348,0.0704,13.79,15.59,1013.66,idle,normal,0.0
2026-09-28T00:08:13.044087+00:00,672.0,7.84,11.24,30.2,234.28,2.418,19.0,9.2,0.35,0.0704,13.77,15.65,1013.58,idle,normal,0.0
2026-09-28T00:08:14.044087+00:00,705.8,8.43,11.89,31.17,241.56,2.486,19.28,9.68,0.344,0.075,13.85,15.6,1013.64,idle,normal,0.0
2026-09-28T00:08:15.044087+00:00,727.2,8.23,12.43,32.58,253.53,2.506,19.48,9.86,0.342,0.0649,13.85,15.54,1013.68,idle,normal,0.0
2026-09-28T00:08:16.044087+00:00,745.0,8.22,12.55,33.2,262.31,2.589,19.57,10.23,0.349,0.0741,13.84,15.62,1013.66,idle,normal,0.0
2026-09-28T00:08:17.044087+00:00,757.9,8.48,12.59,34.19,267.5,2.627,19.62,10.4,0.325,0.0754,13.87,15.65,1013.66,idle,normal,0.0
2026-09-28T00:08:18.044087+00:00,773.4,8.11,12.46,34.82,272.4,2.689,19.82,10.47,0.344,0.0757,13.87,15.61,1013.68,idle,normal,0.0
2026-09-28T00:08:19.044087+00:00,784.6,7.71,12.9,35.53,278.46,2.762,19.76,10.69,0.355,0.0882,13.86,15.56,1013.68,idle,normal,0.0
2026-09-28T00:08:20.044087+00:00,791.1,7.81,12.26,35.47,281.27,2.773,20.11,10.6,0.339,0.0885,13.82,15.58,1013.6,idle,normal,0.0
2026-09-28T00:08:21.044087+00:00,793.2,8.28,12.97,35.74,285.77,2.83,20.21,10.74,0.34,0.0904,13.82,15.57,1013.66,idle,normal,0.0
2026-09-28T00:08:22.044087+00:00,798.3,8.13,13.7,36.25,292.04,2.888,20.12,10.6,0.334,0.0932,13.78,15.54,1013.6,idle,normal,0.0
2026-09-28T00:08:23.044087+00:00,802.0,8.05,13.36,37.32,294.63,2.909,20.25,10.85,0.336,0.0896,13.78,15.61,1013.5,idle,normal,0.0
2026-09-28T00:08:24.044087+00:00,803.2,8.42,13.71,37.65,301.38,2.929,20.65,11.09,0.348,0.0918,13.84,15.6,1013.49,idle,normal,0.0
2026-09-28T00:08:25.044087+00:00,808.2,8.32,14.02,38.56,308.76,2.968,20.86,11.15,0.336,0.0795,13.81,15.6,1013.39,idle,normal,0.0
2026-09-28T00:08:26.044087+00:00,811.4,7.78,14.57,39.04,312.89,2.924,20.97,11.4,0.352,0.0779,13.82,15.59,1013.44,idle,normal,0.0
2026-09-28T00:08:27.044087+00:00,804.9,8.2,14.99,39.66,317.3,2.918,21.1,11.24,0.363,0.0828,13.89,15.55,1013.5,idle,normal,0.0
2026-09-28T00:08:28.044087+00:00,813.2,7.79,15.02,40.03,321.61,2.886,21.46,11.79,0.371,0.0732,13.83,15.5,1013.46,idle,normal,0.0
2026-09-28T00:08:29.044087+00:00,810.3,7.79,14.41,40.64,322.64,2.897,21.74,12.09,0.363,0.0706,13.88,15.48,1013.54,idle,normal,0.0
2026-09-28T00:08:30.044087+00:00,807.1,7.72,14.2,41.52,330.02,2.964,21.76,11.84,0.348,0.0852,13.9,15.48,1013.56,idle,normal,0.0
2026-09-28T00:08:31.044087+00:00,811.1,8.24,13.65,42.27,334.61,2.958,22.0,11.48,0.337,0.0792,13.85,15.44,1013.48,idle,normal,0.0
2026-09-28T00:08:32.044087+00:00,811.6,8.09,14.15,43.04,338.86,2.951,21.93,11.51,0.347,0.0681,13.88,15.4,1013.48,idle,normal,0.0
2026-09-28T00:08:33.044087+00:00,811.6,8.41,14.39,43.79,340.45,2.994,22.09,11.46,0.344,0.0657,13.93,15.4,1013.51,idle,normal,0.0
2026-09-28T00:08:34.044087+00:00,814.9,7.99,14.59,44.91,342.76,2.965,22.34,11.74,0.351,0.0699,13.94,15.41,1013.51,idle,normal,0.0
2026-09-28T00:08:35.044087+00:00,813.7,7.76,14.63,45.31,343.62,2.913,22.5,11.83,0.357,0.0698,13.88,15.41,1013.44,idle,normal,0.0
2026-09-28T00:08:36.044087+00:00,813.3,7.57,14.35,46.06,347.24,2.925,22.85,11.59,0.348,0.0711,13.97,15.43,1013.42,idle,normal,0.0
2026-09-28T00:08:37.044087+00:00,810.3,7.64,13.86,45.94,347.63,2.894,23.11,11.14,0.349,0.069,13.98,15.44,1013.35,idle,normal,0.0
2026-09-28T00:08:38.044087+00:00,811.1,8.01,13.5,47.04,349.31,2.908,23.23,11.33,0.35,0.0673,14.0,15.46,1013.32,idle,normal,0.0
2026-09-28T00:08:39.044087+00:00,815.9,8.65,13.81,47.42,355.07,2.878,23.47,11.35,0.354,0.066,13.91,15.64,1013.26,idle,normal,0.0
2026-09-28T00:08:40.044087+00:00,814.2,8.18,13.39,47.78,359.9,2.965,23.56,11.35,0.339,0.0619,13.93,15.67,1013.21,idle,normal,0.0
2026-09-28T00:08:41.044087+00:00,821.3,7.75,13.32,48.32,362.51,2.97,23.87,10.97,0.342,0.0595,13.82,15.73,1013.2,idle,normal,0.0
2026-09-28T00:08:42.044087+00:00,815.4,7.64,13.44,49.24,366.42,2.966,23.98,11.44,0.342,0.0586,13.85,15.81,1013.18,idle,normal,0.0
2026-09-28T00:08:43.044087+00:00,812.0,7.96,14.06,49.85,366.3,2.997,24.11,11.29,0.358,0.0526,13.86,15.78,1013.27,idle,normal,0.0
2026-09-28T00:08:44.044087+00:00,806.4,8.5,14.63,49.23,364.37,2.989,24.2,11.2,0.35,0.0488,13.85,15.76,1013.26,idle,normal,0.0
2026-09-28T00:08:45.044087+00:00,808.8,8.05,14.65,49.76,366.26,2.995,24.15,11.13,0.339,0.0433,13.93,15.72,1013.25,idle,normal,0.0
2026-09-28T00:08:46.044087+00:00,813.4,7.99,14.34,49.97,367.72,2.959,24.29,11.15,0.336,0.0327,13.95,15.65,1013.28,idle,normal,0.0
2026-09-28T00:08:47.044087+00:00,817.5,7.75,14.13,50.84,368.77,2.967,24.22,11.17,0.353,0.0432,14.1,15.7,1013.2,idle,normal,0.0
2026-09-28T00:08:48.044087+00:00,816.6,7.35,13.84,51.18,366.29,2.982,24.65,11.14,0.359,0.0527,14.1,15.73,1013.24,idle,normal,0.0
2026-09-28T00:08:49.044087+00:00,813.9,7.12,13.95,52.68,369.4,2.977,24.96,11.33,0.372,0.0567,14.11,15.77,1013.19,idle,normal,0.0
2026-09-28T00:08:50.044087+00:00,815.7,7.2,13.67,53.3,374.77,3.002,25.17,11.13,0.362,0.0522,14.03,15.81,1013.16,idle,normal,0.0
2026-09-28T00:08:51.044087+00:00,815.2,7.77,13.64,53.3,378.62,2.928,25.41,11.14,0.351,0.066,13.96,15.79,1013.22,idle,normal,0.0
2026-09-28T00:08:52.044087+00:00,812.2,7.69,13.22,53.3,376.44,2.912,25.5,10.84,0.354,0.0666,13.93,15.7,1013.17,idle,normal,0.0
2026-09-28T00:08:53.044087+00:00,817.4,7.67,12.7,53.73,378.09,2.936,25.56,10.6,0.356,0.058,13.91,15.56,1013.14,idle,normal,0.0
2026-09-28T00:08:54.044087+00:00,818.2,7.93,12.14,55.03,378.04,2.98,25.55,10.81,0.353,0.0517,13.94,15.53,1013.12,idle,normal,0.0
2026-09-28T00:08:55.044087+00:00,813.8,7.77,13.63,55.75,374.99,2.976,25.6,10.97,0.36,0.0434,13.91,15.55,1013.15,idle,normal,0.0
2026-09-28T00:08:56.044087+00:00,818.5,8.15,14.44,56.63,378.07,2.93,25.65,11.32,0.351,0.0482,13.89,15.6,1013.23,idle,normal,0.0
2026-09-28T00:08:57.044087+00:00,818.2,7.97,14.21,57.53,383.02,2.972,25.73,11.52,0.322,0.0478,13.87,15.6,1013.23,idle,normal,0.0
2026-09-28T00:08:58.044087+00:00,817.8,8.22,13.9,58.03,383.67,2.947,25.92,11.62,0.34,0.0613,13.92,15.54,1013.19,idle,normal,0.0
2026-09-28T00:08:59.044087+00:00,819.0,8.19,14.95,58.62,385.45,2.948,26.15,11.78,0.341,0.0619,14.01,15.6,1013.28,idle,normal,0.0
2026-09-28T00:09:00.044087+00:00,818.1,8.16,14.42,59.18,384.08,2.914,26.35,11.88,0.35,0.0653,13.98,15.6,1013.28,idle,normal,0.0
2026-09-28T00:09:01.044087+00:00,811.3,8.22,14.12,59.79,384.07,2.928,26.35,11.69,0.36,0.0703,14.0,15.61,1013.27,idle,normal,0.0
2026-09-28T00:09:02.044087+00:00,809.4,8.23,14.22,60.21,384.43,2.873,26.43,11.41,0.34,0.0696,13.94,15.74,1013.22,idle,normal,0.0
2026-09-28T00:09:03.044087+00:00,811.0,7.93,13.78,61.02,384.42,2.894,26.66,11.31,0.344,0.0675,14.0,15.71,1013.23,idle,normal,0.0
2026-09-28T00:09:04.044087+00:00,813.1,8.24,14.25,61.21,387.69,2.842,26.83,11.25,0.319,0.0636,13.95,15.67,1013.22,idle,normal,0.0
2026-09-28T00:09:05.044087+00:00,812.3,7.96,13.89,62.25,385.12,2.905,26.87,10.8,0.335,0.0574,13.94,15.73,1013.28,idle,normal,0.0
2026-09-28T00:09:06.044087+00:00,817.8,7.92,13.78,62.76,386.08,2.883,27.16,10.82,0.342,0.0589,13.92,15.75,1013.26,idle,normal,0.0
2026-09-28T00:09:07.044087+00:00,814.9,7.95,14.1,62.78,387.44,2.916,27.35,11.2,0.34,0.0568,13.89,15.68,1013.32,idle,normal,0.0
2026-09-28T00:09:08.044087+00:00,812.4,7.67,14.32,63.12,386.15,2.91,27.49,11.06,0.35,0.0644,13.9,15.65,1013.28,idle,normal,0.0
2026-09-28T00:09:09.044087+00:00,814.4,7.84,14.56,64.0,386.38,2.942,27.49,10.88,0.366,0.0708,13.92,15.72,1013.29,idle,normal,0.0
2026-09-28T00:09:10.044087+00:00,819.5,7.92,14.18,64.58,387.46,2.99,27.52,10.75,0.345,0.0731,13.91,15.68,1013.27,idle,normal,0.0
2026-09-28T00:09:11.044087+00:00,861.8,12.01,15.07,65.41,389.61,3.022,27.84,11.2,0.354,0.0699,13.9,15.63,1013.3,taxi,normal,0.0
2026-09-28T00:09:12.044087+00:00,897.5,13.82,15.96,65.79,389.66,2.998,28.03,11.49,0.335,0.0575,13.95,15.65,1013.23,taxi,normal,0.0
2026-09-28T00:09:13.044087+00:00,922.7,15.07,17.73,66.5,390.67,3.055,28.31,11.99,0.338,0.0666,14.03,15.62,1013.21,taxi,normal,0.0
2026-09-28T00:09:14.044087+00:00,949.3,16.42,18.93,66.37,391.27,3.056,28.61,12.53,0.33,0.0652,14.06,15.55,1013.16,taxi,normal,0.0
2026-09-28T00:09:15.044087+00:00,965.6,17.11,19.75,66.9,393.26,3.048,28.93,13.01,0.345,0.0719,14.01,15.5,1013.22,taxi,normal,0.0
2026-09-28T00:09:16.044087+00:00,975.3,17.76,20.82,67.3,393.91,3.035,29.06,13.73,0.337,0.0686,14.05,15.42,1013.24,taxi,normal,0.0
2026-09-28T00:09:17.044087+00:00,987.1,18.03,21.92,67.72,393.75,3.088,29.41,13.78,0.352,0.0614,14.0,15.36,1013.29,taxi,normal,0.0
2026-09-28T00:09:18.044087+00:00,992.2,17.68,22.59,68.7,395.55,3.132,29.59,14.51,0.362,0.0724,14.03,15.39,1013.3,taxi,normal,0.0
2026-09-28T00:09:19.044087+00:00,992.8,18.12,22.74,69.41,399.73,3.159,29.53,14.61,0.35,0.0755,13.99,15.39,1013.27,taxi,normal,0.0
2026-09-28T00:09:20.044087+00:00,996.3,17.88,22.91,70.11,399.96,3.15,29.77,15.35,0.343,0.071,13.99,15.33,1013.23,taxi,normal,0.0
2026-09-28T00:09:21.044087+00:00,1003.8,17.65,23.08,71.21,404.11,3.217,29.8,15.59,0.353,0.0681,13.98,15.33,1013.21,taxi,normal,0.0
2026-09-28T00:09:22.044087+00:00,1008.6,17.55,23.63,71.69,406.79,3.237,30.14,15.66,0.386,0.0687,13.98,15.37,1013.21,taxi,normal,0.0
2026-09-28T00:09:23.044087+00:00,1008.5,18.25,24.02,71.67,411.07,3.239,30.48,15.71,0.381,0.0725,14.0,15.39,1013.25,taxi,normal,0.0
2026-09-28T00:09:24.044087+00:00,1010.3,17.82,24.05,71.58,414.86,3.248,30.58,15.97,0.364,0.0805,13.99,15.41,1013.24,taxi,normal,0.0
2026-09-28T00:09:25.044087+00:00,1013.9,17.9,23.89,71.96,417.44,3.216,30.73,15.87,0.373,0.0794,13.94,15.41,1013.29,taxi,normal,0.0
2026-09-28T00:09:26.044087+00:00,1009.4,18.16,23.54,72.42,416.28,3.176,30.93,15.76,0.369,0.0684,13.92,15.41,1013.3,taxi,normal,0.0
2026-09-28T00:09:27.044087+00:00,1016.2,18.33,24.35,73.2,416.56,3.212,31.12,15.85,0.387,0.0737,13.78,15.34,1013.24,taxi,normal,0.0
2026-09-28T00:09:28.044087+00:00,1014.6,18.11,24.78,73.96,417.2,3.242,31.39,16.19,0.364,0.0791,13.79,15.3,1013.18,taxi,normal,0.0
2026-09-28T00:09:29.044087+00:00,1015.0,18.42,24.58,74.31,416.12,3.221,31.38,16.1,0.374,0.083,13.82,15.21,1013.17,taxi,normal,0.0
2026-09-28T00:09:30.044087+00:00,1011.8,18.63,24.23,75.14,417.96,3.218,31.9,16.3,0.373,0.075,13.92,15.22,1013.2,taxi,normal,0.0
2026-09-28T00:09:31.044087+00:00,1006.7,18.07,24.75,75.92,418.55,3.185,32.17,16.14,0.356,0.0622,13.87,15.22,1013.19,taxi,normal,0.0
2026-09-28T00:09:32.044087+00:00,1006.1,18.41,24.75,76.37,418.08,3.22,32.18,16.13,0.364,0.046,13.95,15.25,1013.19,taxi,normal,0.0
2026-09-28T00:09:33.044087+00:00,1015.5,18.1,24.87,76.61,422.58,3.242,32.46,16.0,0.359,0.0535,13.85,15.28,1013.15,taxi,normal,0.0
2026-09-28T00:09:34.044087+00:00,1019.1,17.89,24.12,77.29,425.03,3.286,32.79,16.21,0.36,0.0505,13.94,15.25,1013.17,taxi,normal,0.0
2026-09-28T00:09:35.044087+00:00,1017.7,17.54,23.3,77.65,426.57,3.323,32.89,15.96,0.344,0.0581,13.89,15.32,1013.17,taxi,normal,0.0
2026-09-28T00:09:36.044087+00:00,1018.8,18.23,23.88,78.32,428.2,3.325,33.09,15.76,0.363,0.0535,14.0,15.44,1013.07,taxi,normal,0.0
2026-09-28T00:09:37.044087+00:00,1015.3,18.6,23.84,79.26,428.16,3.327,33.24,15.71,0.352,0.0498,13.91,15.4,1013.07,taxi,normal,0.0
2026-09-28T00:09:38.044087+00:00,1011.0,18.01,23.43,79.32,426.46,3.333,33.21,15.38,0.354,0.051,14.04,15.4,1013.03,taxi,normal,0.0
2026-09-28T00:09:39.044087+00:00,1013.3,17.47,23.02,79.94,428.3,3.298,33.56,15.67,0.353,0.0439,14.04,15.41,1013.04,taxi,normal,0.0
2026-09-28T00:09:40.044087+00:00,1011.9,17.65,23.48,80.67,430.34,3.315,33.55,15.64,0.374,0.0528,14.05,15.45,1013.04,taxi,normal,0.0
2026-09-28T00:09:41.044087+00:00,1012.3,17.56,23.47,81.2,433.55,3.321,33.65,15.59,0.365,0.0588,13.92,15.39,1013.04,taxi,normal,0.0
2026-09-28T00:09:42.044087+00:00,1011.8,17.75,23.87,81.55,431.11,3.329,33.69,15.51,0.359,0.0599,13.92,15.36,1012.95,taxi,normal,0.0
2026-09-28T00:09:43.044087+00:00,1013.3,17.34,24.13,81.93,432.73,3.359,33.71,15.49,0.362,0.0699,13.92,15.34,1012.93,taxi,normal,0.0
2026-09-28T00:09:44.044087+00:00,1016.3,17.6,23.68,82.11,436.08,3.416,34.1,15.52,0.351,0.0654,14.01,15.35,1012.89,taxi,normal,0.0
2026-09-28T00:09:45.044087+00:00,1016.0,17.3,24.13,82.48,437.87,3.382,34.02,15.58,0.327,0.0701,14.01,15.29,1012.95,taxi,normal,0.0
2026-09-28T00:09:46.044087+00:00,1012.4,17.06,23.46,83.03,437.53,3.348,34.15,15.66,0.337,0.0765,14.0,15.27,1012.91,taxi,normal,0.0
2026-09-28T00:09:47.044087+00:00,1017.6,17.7,23.51,83.32,439.05,3.308,34.38,15.9,0.336,0.0758,14.03,15.35,1012.86,taxi,normal,0.0
2026-09-28T00:09:48.044087+00:00,1016.4,18.4,23.22,83.54,438.71,3.334,34.53,15.86,0.371,0.0746,14.05,15.27,1012.82,taxi,normal,0.0
2026-09-28T00:09:49.044087+00:00,1021.5,18.37,23.47,84.16,438.41,3.373,34.55,15.73,0.383,0.0721,14.01,15.34,1012.79,taxi,normal,0.0
2026-09-28T00:09:50.044087+00:00,1020.3,18.46,23.72,83.68,437.94,3.334,34.67,15.51,0.364,0.0735,14.07,15.35,1012.77,taxi,normal,0.0
2026-09-28T00:09:51.044087+00:00,1019.2,17.86,23.76,84.06,434.25,3.258,34.7,15.82,0.369,0.0695,14.08,15.34,1012.75,taxi,normal,0.0
2026-09-28T00:09:52.044087+00:00,1017.3,18.65,23.7,84.33,430.47,3.244,34.93,15.87,0.36,0.0889,13.96,15.33,1012.71,taxi,normal,0.0
2026-09-28T00:09:53.044087+00:00,1019.8,18.11,24.31,84.78,436.12,3.223,35.34,16.48,0.347,0.0849,14.05,15.41,1012.67,taxi,normal,0.0
2026-09-28T00:09:54.044087+00:00,1017.7,17.85,24.24,85.45,440.02,3.187,35.54,16.32,0.345,0.0915,13.94,15.42,1012.64,taxi,normal,0.0
2026-09-28T00:09:55.044087+00:00,1014.8,18.08,24.01,86.14,440.57,3.195,35.79,15.68,0.344,0.098,14.01,15.43,1012.68,taxi,normal,0.0
2026-09-28T00:09:56.044087+00:00,1015.3,18.08,24.25,87.04,439.35,3.213,35.91,15.89,0.345,0.0911,13.97,15.45,1012.64,taxi,normal,0.0
2026-09-28T00:09:57.044087+00:00,1017.4,18.16,23.7,87.52,439.23,3.216,35.96,16.16,0.352,0.0869,13.89,15.39,1012.68,taxi,normal,0.0
2026-09-28T00:09:58.044087+00:00,1021.2,18.25,23.8,88.13,441.3,3.217,36.02,16.11,0.367,0.0912,13.94,15.41,1012.62,taxi,normal,0.0
2026-09-28T00:09:59.044087+00:00,1017.6,18.27,24.1,87.92,438.99,3.217,36.33,15.77,0.372,0.0902,14.09,15.45,1012.65,taxi,normal,0.0
2026-09-28T00:10:00.044087+00:00,1019.0,18.54,24.53,88.42,434.31,3.193,36.38,16.04,0.365,0.0969,13.97,15.44,1012.59,taxi,normal,0.0
2026-09-28T00:10:01.044087+00:00,1022.2,18.0,24.58,89.26,432.2,3.2,36.48,16.06,0.37,0.0941,13.94,15.4,1012.56,taxi,normal,0.0
2026-09-28T00:10:02.044087+00:00,1016.0,17.67,25.25,89.62,432.58,3.173,36.68,16.19,0.344,0.0952,13.94,15.44,1012.56,taxi,normal,0.0
2026-09-28T00:10:03.044087+00:00,1017.1,17.86,24.6,90.17,434.56,3.214,37.11,16.24,0.345,0.1027,13.94,15.51,1012.59,taxi,normal,0.0
2026-09-28T00:10:04.044087+00:00,1013.9,17.66,24.78,90.61,437.33,3.239,37.59,16.53,0.334,0.0937,13.91,15.54,1012.65,taxi,normal,0.0
2026-09-28T00:10:05.044087+00:00,1015.2,16.99,24.12,91.09,435.76,3.175,37.9,16.41,0.338,0.0996,13.96,15.55,1012.62,taxi,normal,0.0
2026-09-28T00:10:06.044087+00:00,1008.8,16.76,24.06,90.91,433.03,3.166,38.07,16.22,0.339,0.0945,14.03,15.53,1012.63,taxi,normal,0.0
2026-09-28T00:10:07.044087+00:00,1007.4,16.76,22.93,91.38,431.25,3.239,38.53,16.01,0.35,0.0906,14.06,15.51,1012.58,taxi,normal,0.0
2026-09-28T00:10:08.044087+00:00,1010.1,17.25,22.81,91.37,433.72,3.247,38.58,15.57,0.352,0.102,14.11,15.61,1012.51,taxi,normal,0.0
2026-09-28T00:10:09.044087+00:00,1013.2,16.98,22.94,91.95,434.1,3.209,39.06,15.4,0.359,0.1018,14.0,15.54,1012.55,taxi,normal,0.0
2026-09-28T00:10:10.044087+00:00,1010.1,17.77,22.21,92.0,432.78,3.249,39.32,15.44,0.372,0.084,13.99,15.5,1012.62,taxi,normal,0.0
2026-09-28T00:10:11.044087+00:00,1010.9,17.45,22.22,91.76,430.06,3.242,39.6,15.62,0.377,0.0831,13.93,15.56,1012.53,taxi,normal,0.0
2026-09-28T00:10:12.044087+00:00,1010.7,17.96,22.69,92.6,431.05,3.311,39.66,15.87,0.371,0.077,13.86,15.55,1012.6,taxi,normal,0.0
2026-09-28T00:10:13.044087+00:00,1011.7,18.1,23.16,92.66,430.38,3.254,39.87,15.89,0.372,0.0768,13.84,15.57,1012.67,taxi,normal,0.0
2026-09-28T00:10:14.044087+00:00,1010.0,17.53,23.6,93.06,431.5,3.27,40.08,15.49,0.373,0.066,13.83,15.54,1012.64,taxi,normal,0.0
2026-09-28T00:10:15.044087+00:00,1014.0,18.02,23.55,93.42,436.53,3.284,40.36,15.37,0.389,0.0709,13.82,15.6,1012.57,taxi,normal,0.0
2026-09-28T00:10:16.044087+00:00,1010.9,18.71,23.88,93.81,441.11,3.304,40.24,15.31,0.391,0.0834,13.97,15.54,1012.61,taxi,normal,0.0
2026-09-28T00:10:17.044087+00:00,1009.2,18.38,23.57,94.73,443.52,3.28,40.32,15.35,0.372,0.1009,13.92,15.44,1012.65,taxi,normal,0.0
2026-09-28T00:10:18.044087+00:00,1014.3,18.24,23.98,95.25,440.97,3.269,40.52,15.4,0.352,0.0963,13.88,15.37,1012.72,taxi,normal,0.0
2026-09-28T00:10:19.044087+00:00,1015.5,18.17,24.15,95.99,439.68,3.28,40.59,15.57,0.365,0.0973,13.88,15.36,1012.76,taxi,normal,0.0
2026-09-28T00:10:20.044087+00:00,1015.5,18.37,23.53,96.09,439.69,3.272,40.65,15.5,0.373,0.0996,13.92,15.41,1012.88,taxi,normal,0.0
2026-09-28T00:10:21.044087+00:00,1017.9,17.92,23.4,96.26,441.53,3.28,40.85,15.45,0.353,0.0881,13.91,15.4,1012.96,taxi,normal,0.0
2026-09-28T00:10:22.044087+00:00,1020.6,18.19,24.47,96.69,443.88,3.244,41.36,15.53,0.37,0.0784,13.92,15.39,1012.91,taxi,normal,0.0
2026-09-28T00:10:23.044087+00:00,1023.1,18.13,23.93,96.73,443.26,3.265,41.3,15.53,0.362,0.072,13.91,15.43,1012.96,taxi,normal,0.0
2026-09-28T00:10:24.044087+00:00,1024.5,18.52,23.83,96.71,441.05,3.238,41.44,15.81,0.359,0.0672,13.96,15.46,1012.94,taxi,normal,0.0
2026-09-28T00:10:25.044087+00:00,1021.0,18.72,23.45,96.89,444.45,3.211,41.68,15.58,0.356,0.0676,14.03,15.38,1013.03,taxi,normal,0.0
2026-09-28T00:10:26.044087+00:00,1016.5,18.39,23.67,96.72,444.63,3.184,41.63,15.41,0.36,0.0705,13.94,15.36,1013.07,taxi,normal,0.0
2026-09-28T00:10:27.044087+00:00,1017.1,17.96,24.44,97.67,446.24,3.161,41.85,15.62,0.347,0.0725,13.87,15.25,1013.14,taxi,normal,0.0
2026-09-28T00:10:28.044087+00:00,1016.4,18.15,23.84,97.88,445.46,3.159,42.08,15.7,0.356,0.0593,13.85,15.22,1013.18,taxi,normal,0.0
2026-09-28T00:10:29.044087+00:00,1020.0,18.13,23.69,98.01,444.09,3.155,42.11,15.56,0.357,0.0517,13.9,15.21,1013.19,taxi,normal,0.0
2026-09-28T00:10:30.044087+00:00,1021.2,18.13,24.59,97.75,444.18,3.134,42.06,15.55,0.352,0.0611,13.86,15.25,1013.18,taxi,normal,0.0
2026-09-28T00:10:31.044087+00:00,1016.4,18.26,24.69,98.3,446.05,3.107,42.38,15.69,0.36,0.0685,13.91,15.27,1013.2,taxi,normal,0.0
2026-09-28T00:10:32.044087+00:00,1015.4,18.55,24.59,98.43,448.55,3.125,42.63,15.91,0.359,0.0763,13.8,15.27,1013.17,taxi,normal,0.0
2026-09-28T00:10:33.044087+00:00,1016.1,17.98,24.47,98.79,449.01,3.125,42.62,16.18,0.363,0.0823,13.84,15.29,1013.12,taxi,normal,0.0
2026-09-28T00:10:34.044087+00:00,1015.3,17.48,23.86,99.14,448.66,3.093,42.7,16.15,0.36,0.0862,13.8,15.34,1013.15,taxi,normal,0.0
2026-09-28T00:10:35.044087+00:00,1027.1,17.35,24.46,99.41,449.29,3.083,43.09,16.01,0.356,0.0765,13.86,15.36,1013.1,taxi,normal,0.0
2026-09-28T00:10:36.044087+00:00,1025.9,17.75,24.77,99.44,452.47,3.122,43.17,16.41,0.333,0.0755,13.86,15.37,1013.09,taxi,normal,0.0
2026-09-28T00:10:37.044087+00:00,1023.1,18.36,24.81,99.51,451.81,3.133,43.01,16.04,0.33,0.0764,13.88,15.38,1013.07,taxi,normal,0.0
2026-09-28T00:10:38.044087+00:00,1018.1,18.53,24.63,100.16,451.29,3.128,43.25,16.4,0.34,0.0756,13.82,15.36,1013.03,taxi,normal,0.0
2026-09-28T00:10:39.044087+00:00,1019.5,17.89,24.16,100.57,450.98,3.112,43.64,16.47,0.336,0.0731,13.82,15.32,1013.03,taxi,normal,0.0
2026-09-28T00:10:40.044087+00:00,1020.7,18.31,24.71,100.85,451.29,3.114,43.85,16.33,0.339,0.0719,13.83,15.26,1013.1,taxi,normal,0.0
2026-09-28T00:10:41.044087+00:00,1028.4,19.19,24.96,101.48,450.56,3.127,44.18,16.6,0.346,0.0727,13.84,15.18,1013.18,takeoff,normal,0.0
2026-09-28T00:10:42.044087+00:00,1076.4,23.03,24.76,101.58,451.37,3.162,44.42,16.46,0.347,0.069,13.97,15.18,1013.25,takeoff,normal,0.0
2026-09-28T00:10:43.044087+00:00,1157.3,29.17,27.12,101.87,450.97,3.198,44.4,16.39,0.36,0.0762,13.93,15.21,1013.25,takeoff,normal,0.0
2026-09-28T00:10:44.044087+00:00,1257.9,35.51,31.12,102.1,453.87,3.28,44.5,16.88,0.359,0.0696,13.89,15.14,1013.15,takeoff,normal,0.0
2026-09-28T00:10:45.044087+00:00,1369.9,43.18,35.18,102.12,460.66,3.406,44.73,17.93,0.375,0.0774,13.87,15.08,1013.14,takeoff,normal,0.0
2026-09-28T00:10:46.044087+00:00,1511.6,51.34,39.76,102.1,466.52,3.449,44.89,19.34,0.377,0.0842,13.93,15.07,1013.19,takeoff,normal,0.0
2026-09-28T00:10:47.044087+00:00,1653.8,60.1,45.08,102.84,473.31,3.587,45.12,20.92,0.378,0.093,13.99,15.02,1013.15,takeoff,normal,0.0
2026-09-28T00:10:48.044087+00:00,1801.7,69.33,51.6,103.09,476.19,3.759,45.3,23.17,0.392,0.0865,14.03,14.95,1013.14,takeoff,normal,0.0
2026-09-28T00:10:49.044087+00:00,1964.7,77.72,59.09,104.45,480.42,3.96,45.42,25.44,0.411,0.0974,14.04,14.93,1013.07,takeoff,normal,0.0
2026-09-28T00:10:50.044087+00:00,2127.5,87.11,66.57,104.86,489.41,4.19,45.46,27.88,0.414,0.0967,14.09,14.9,1013.14,takeoff,normal,0.0
2026-09-28T00:10:51.044087+00:00,2256.5,92.49,73.35,105.23,498.11,4.454,45.67,31.12,0.426,0.094,14.17,14.88,1013.14,takeoff,normal,0.0
2026-09-28T00:10:52.044087+00:00,2352.3,95.19,79.02,105.54,511.43,4.65,45.93,33.99,0.401,0.1006,14.16,14.93,1013.14,takeoff,normal,0.0
2026-09-28T00:10:53.044087+00:00,2429.7,96.85,83.64,106.7,522.65,4.808,46.33,36.5,0.397,0.1046,14.2,14.92,1013.14,takeoff,normal,0.0
2026-09-28T00:10:54.044087+00:00,2489.6,98.69,87.72,107.82,531.82,4.995,46.54,38.55,0.397,0.1075,14.16,14.92,1013.15,takeoff,normal,0.0
2026-09-28T00:10:55.044087+00:00,2535.8,98.99,91.24,109.02,546.82,5.156,46.64,40.49,0.419,0.1102,14.19,15.0,1013.15,takeoff,normal,0.0
2026-09-28T00:10:56.044087+00:00,2572.6,99.48,93.15,109.7,561.37,5.264,46.92,42.3,0.419,0.1127,14.21,14.98,1013.18,takeoff,normal,0.0
2026-09-28T00:10:57.044087+00:00,2605.8,99.84,94.35,110.69,575.11,5.399,47.11,43.91,0.434,0.1177,14.16,15.01,1013.23,takeoff,normal,0.0
2026-09-28T00:10:58.044087+00:00,2626.3,99.38,95.76,111.1,589.1,5.503,47.27,45.14,0.438,0.114,14.2,14.97,1013.27,takeoff,normal,0.0
2026-09-28T00:10:59.044087+00:00,2640.4,99.62,97.25,110.82,603.42,5.584,47.69,46.37,0.434,0.1103,14.19,14.98,1013.27,takeoff,normal,0.0
2026-09-28T00:11:00.044087+00:00,2654.6,100.0,98.52,111.72,613.25,5.693,48.06,47.34,0.45,0.1163,14.15,14.95,1013.35,takeoff,normal,0.0
2026-09-28T00:11:01.044087+00:00,2665.5,100.0,98.91,112.38,623.18,5.768,48.2,48.15,0.446,0.1179,14.16,14.96,1013.38,takeoff,normal,0.0
2026-09-28T00:11:02.044087+00:00,2675.1,100.0,98.47,113.79,633.38,5.87,48.3,48.04,0.449,0.114,14.17,14.95,1013.41,takeoff,normal,0.0
2026-09-28T00:11:03.044087+00:00,2683.0,100.0,99.34,114.47,644.37,5.942,47.92,48.5,0.445,0.1129,14.22,14.96,1013.39,takeoff,normal,0.0
2026-09-28T00:11:04.044087+00:00,2696.2,99.39,99.04,115.59,650.64,6.026,48.22,48.91,0.432,0.1172,14.21,15.05,1013.4,takeoff,normal,0.0
2026-09-28T00:11:05.044087+00:00,2690.1,99.41,99.51,115.97,659.16,6.075,48.6,49.23,0.441,0.1266,14.32,15.11,1013.54,takeoff,normal,0.0
2026-09-28T00:11:06.044087+00:00,2692.8,99.64,99.27,117.19,668.4,6.072,49.04,49.58,0.428,0.1328,14.27,15.0,1013.56,takeoff,normal,0.0
2026-09-28T00:11:07.044087+00:00,2693.3,100.0,100.0,117.65,679.82,6.13,49.2,50.17,0.429,0.1193,14.26,15.02,1013.57,takeoff,normal,0.0
2026-09-28T00:11:08.044087+00:00,2693.2,99.79,100.0,119.26,686.34,6.203,49.03,50.17,0.436,0.1104,14.17,15.09,1013.62,takeoff,normal,0.0
2026-09-28T00:11:09.044087+00:00,2694.3,100.0,100.0,121.07,696.14,6.241,49.52,50.29,0.428,0.1043,14.14,15.14,1013.68,takeoff,normal,0.0
2026-09-28T00:11:10.044087+00:00,2695.5,100.0,100.0,121.61,698.17,6.21,49.86,50.02,0.445,0.1145,14.19,15.16,1013.72,takeoff,normal,0.0
2026-09-28T00:11:11.044087+00:00,2693.2,100.0,99.89,122.59,706.06,6.219,50.05,50.17,0.446,0.1098,14.21,15.24,1013.76,takeoff,normal,0.0
2026-09-28T00:11:12.044087+00:00,2691.3,99.92,99.8,123.42,712.05,6.224,50.34,50.21,0.462,0.1117,14.13,15.24,1013.78,takeoff,normal,0.0
2026-09-28T00:11:13.044087+00:00,2695.7,99.93,100.0,124.37,717.04,6.196,50.6,49.92,0.458,0.1163,14.17,15.15,1013.73,takeoff,normal,0.0
2026-09-28T00:11:14.044087+00:00,2701.6,100.0,100.0,125.42,724.65,6.252,50.93,49.8,0.463,0.1182,14.23,15.19,1013.65,takeoff,normal,0.0
2026-09-28T00:11:15.044087+00:00,2703.6,100.0,99.73,126.45,733.08,6.187,51.1,49.69,0.462,0.1147,14.13,15.18,1013.62,takeoff,normal,0.0
2026-09-28T00:11:16.044087+00:00,2696.7,99.87,99.41,126.2,738.35,6.143,51.38,49.63,0.454,0.1176,14.12,15.18,1013.68,takeoff,normal,0.0
2026-09-28T00:11:17.044087+00:00,2696.6,100.0,98.31,127.34,740.48,6.146,51.37,49.96,0.455,0.1186,14.1,15.05,1013.74,takeoff,normal,0.0
2026-09-28T00:11:18.044087+00:00,2696.3,100.0,98.24,127.52,744.85,6.161,51.5,49.46,0.444,0.1333,14.09,15.07,1013.75,takeoff,normal,0.0
2026-09-28T00:11:19.044087+00:00,2696.6,99.87,98.37,128.42,748.9,6.161,51.67,49.52,0.435,0.1268,14.22,15.04,1013.78,takeoff,normal,0.0
2026-09-28T00:11:20.044087+00:00,2696.2,100.0,98.78,129.14,751.72,6.198,51.84,49.47,0.436,0.1295,14.2,14.93,1013.78,takeoff,normal,0.0
2026-09-28T00:11:21.044087+00:00,2696.6,100.0,99.23,129.98,757.55,6.197,51.81,49.12,0.447,0.123,14.22,14.87,1013.81,takeoff,normal,0.0
2026-09-28T00:11:22.044087+00:00,2695.7,100.0,99.49,130.94,758.37,6.226,52.01,49.58,0.44,0.1226,14.31,14.79,1013.83,takeoff,normal,0.0
2026-09-28T00:11:23.044087+00:00,2696.5,99.57,99.91,132.23,760.97,6.249,52.14,50.05,0.444,0.1147,14.26,14.74,1013.87,takeoff,normal,0.0
2026-09-28T00:11:24.044087+00:00,2699.3,100.0,99.46,132.74,766.96,6.242,52.6,49.97,0.445,0.1248,14.21,14.73,1013.82,takeoff,normal,0.0
2026-09-28T00:11:25.044087+00:00,2699.2,99.97,99.35,132.96,769.27,6.228,52.89,50.12,0.439,0.1157,14.19,14.69,1013.93,takeoff,normal,0.0
2026-09-28T00:11:26.044087+00:00,2695.0,100.0,99.09,133.45,773.63,6.25,53.49,49.72,0.428,0.1176,14.27,14.65,1013.88,takeoff,normal,0.0
2026-09-28T00:11:27.044087+00:00,2694.5,100.0,99.52,133.49,775.36,6.225,53.49,49.45,0.444,0.1197,14.21,14.73,1013.82,takeoff,normal,0.0
2026-09-28T00:11:28.044087+00:00,2700.3,100.0,99.38,133.35,777.83,6.189,53.87,49.14,0.446,0.1282,14.12,14.72,1013.8,takeoff,normal,0.0
2026-09-28T00:11:29.044087+00:00,2701.5,100.0,99.81,134.45,780.61,6.153,54.12,49.62,0.441,0.1384,14.12,14.76,1013.71,takeoff,normal,0.0
2026-09-28T00:11:30.044087+00:00,2699.6,100.0,99.39,135.74,785.4,6.154,54.0,49.53,0.45,0.148,14.18,14.78,1013.6,takeoff,normal,0.0
2026-09-28T00:11:31.044087+00:00,2701.2,100.0,99.31,136.85,788.54,6.142,54.02,49.48,0.45,0.1442,14.17,14.83,1013.57,takeoff,normal,0.0
2026-09-28T00:11:32.044087+00:00,2703.4,100.0,99.8,137.1,789.73,6.138,54.36,49.73,0.451,0.1409,14.19,14.84,1013.62,takeoff,normal,0.0
2026-09-28T00:11:33.044087+00:00,2707.8,99.75,99.69,137.27,793.69,6.126,54.65,49.7,0.455,0.1344,14.17,14.81,1013.59,takeoff,normal,0.0
2026-09-28T00:11:34.044087+00:00,2703.8,100.0,100.0,137.63,797.18,6.108,55.16,49.67,0.457,0.1332,14.15,14.71,1013.52,takeoff,normal,0.0
2026-09-28T00:11:35.044087+00:00,2699.0,99.96,100.0,137.93,798.88,6.159,55.33,49.75,0.453,0.1316,14.15,14.71,1013.51,takeoff,normal,0.0
2026-09-28T00:11:36.044087+00:00,2696.4,99.69,99.4,138.25,803.76,6.135,55.45,49.66,0.448,0.1327,14.14,14.72,1013.48,takeoff,normal,0.0
2026-09-28T00:11:37.044087+00:00,2695.8,99.78,99.48,139.24,806.56,6.132,55.86,49.74,0.442,0.1322,14.2,14.73,1013.51,takeoff,normal,0.0
2026-09-28T00:11:38.044087+00:00,2701.2,99.76,99.38,140.14,809.55,6.12,56.03,49.73,0.452,0.1368,14.2,14.69,1013.49,takeoff,normal,0.0
2026-09-28T00:11:39.044087+00:00,2701.2,99.72,99.26,141.24,813.86,6.179,56.35,49.83,0.448,0.1324,14.16,14.67,1013.57,takeoff,normal,0.0
2026-09-28T00:11:40.044087+00:00,2696.5,100.0,99.83,142.03,814.95,6.209,56.31,49.94,0.435,0.1328,14.15,14.72,1013.59,takeoff,normal,0.0
2026-09-28T00:11:41.044087+00:00,2696.3,99.97,100.0,141.94,817.22,6.189,56.62,50.0,0.433,0.1218,14.19,14.67,1013.61,climb,normal,0.0
2026-09-28T00:11:42.044087+00:00,2696.1,99.76,100.0,142.25,815.67,6.139,56.83,49.49,0.429,0.1206,14.15,14.68,1013.58,climb,normal,0.0
2026-09-28T00:11:43.044087+00:00,2691.8,99.0,99.6,142.37,818.34,6.145,56.84,49.58,0.433,0.1195,14.22,14.69,1013.59,climb,normal,0.0
2026-09-28T00:11:44.044087+00:00,2687.6,98.32,99.33,142.94,822.28,6.15,56.93,49.26,0.444,0.1102,14.25,14.69,1013.56,climb,normal,0.0
2026-09-28T00:11:45.044087+00:00,2681.8,98.05,99.07,143.4,825.44,6.122,57.21,49.24,0.439,0.1134,14.18,14.73,1013.54,climb,normal,0.0
2026-09-28T00:11:46.044087+00:00,2673.8,97.19,98.49,143.28,826.49,6.099,57.37,49.27,0.436,0.1101,14.26,14.79,1013.41,climb,normal,0.0
2026-09-28T00:11:47.044087+00:00,2665.4,97.36,98.69,144.23,826.89,6.077,57.48,49.23,0.45,0.111,14.16,14.82,1013.34,climb,normal,0.0
2026-09-28T00:11:48.044087+00:00,2656.9,97.16,97.91,144.74,825.07,6.009,57.45,49.34,0.458,0.1123,14.16,14.88,1013.3,climb,normal,0.0
2026-09-28T00:11:49.044087+00:00,2646.0,97.23,97.21,144.87,826.71,5.961,57.73,48.92,0.444,0.1151,14.28,14.9,1013.19,climb,normal,0.0
2026-09-28T00:11:50.044087+00:00,2637.8,96.46,97.16,144.77,828.5,5.944,57.89,48.75,0.426,0.1141,14.14,14.87,1013.07,climb,normal,0.0
2026-09-28T00:11:51.044087+00:00,2627.4,95.75,97.47,145.15,830.94,5.942,58.02,48.61,0.441,0.1203,14.09,14.82,1013.02,climb,normal,0.0
2026-09-28T00:11:52.044087+00:00,2616.9,95.31,97.74,145.76,828.77,5.949,58.27,48.65,0.437,0.1216,14.09,14.72,1012.89,climb,normal,0.0
2026-09-28T00:11:53.044087+00:00,2610.3,94.74,97.77,146.34,832.21,5.945,58.62,48.35,0.439,0.115,14.12,14.69,1012.84,climb,normal,0.0
2026-09-28T00:11:54.044087+00:00,2601.4,94.78,97.7,147.1,831.97,5.94,58.76,48.52,0.455,0.1196,14.04,14.59,1012.62,climb,normal,0.0
2026-09-28T00:11:55.044087+00:00,2585.7,94.4,96.31,147.1,833.29,5.953,58.9,48.74,0.453,0.1243,14.03,14.59,1012.42,climb,normal,0.0
2026-09-28T00:11:56.044087+00:00,2573.5,93.62,96.04,147.44,831.72,5.961,59.14,49.03,0.456,0.1181,14.03,14.64,1012.27,climb,normal,0.0
2026-09-28T00:11:57.044087+00:00,2565.5,92.59,95.31,147.98,829.1,5.929,59.29,48.69,0.452,0.1236,14.05,14.62,1012.15,climb,normal,0.0
2026-09-28T00:11:58.044087+00:00,2557.7,92.41,93.66,148.96,828.42,5.936,59.14,48.04,0.439,0.1328,14.06,14.59,1012.05,climb,normal,0.0
2026-09-28T00:11:59.044087+00:00,2554.4,91.57,93.93,148.94,825.13,5.909,59.49,47.84,0.445,0.1291,13.98,14.54,1011.87,climb,normal,0.0
2026-09-28T00:12:00.044087+00:00,2547.2,91.08,93.62,149.43,820.51,5.9,59.59,47.34,0.44,0.1387,14.02,14.54,1011.77,climb,normal,0.0
2026-09-28T00:12:01.044087+00:00,2530.0,90.23,93.04,149.87,820.63,5.86,59.56,47.14,0.44,0.1421,14.03,14.49,1011.6,climb,normal,0.0
2026-09-28T00:12:02.044087+00:00,2524.5,89.71,91.93,149.69,818.17,5.875,60.02,47.2,0.451,0.1381,14.09,14.47,1011.34,climb,normal,0.0
2026-09-28T00:12:03.044087+00:00,2510.2,89.46,91.76,150.35,818.12,5.868,59.99,46.91,0.437,0.1236,14.14,14.41,1011.16,climb,normal,0.0
2026-09-28T00:12:04.044087+00:00,2494.9,88.62,91.19,150.28,815.77,5.833,60.26,46.66,0.416,0.1202,14.19,14.39,1010.96,climb,normal,0.0
2026-09-28T00:12:05.044087+00:00,2483.0,88.16,90.91,151.28,817.21,5.896,60.17,46.18,0.412,0.1226,14.18,14.4,1010.72,climb,normal,0.0
2026-09-28T00:12:06.044087+00:00,2478.3,88.01,90.79,152.06,817.86,5.842,60.43,45.83,0.426,0.12,14.24,14.4,1010.56,climb,normal,0.0
2026-09-28T00:12:07.044087+00:00,2467.2,87.35,90.23,153.03,813.17,5.842,60.68,46.01,0.439,0.1159,14.19,14.43,1010.34,climb,normal,0.0
2026-09-28T00:12:08.044087+00:00,2455.7,87.21,89.48,153.03,811.67,5.797,60.87,45.83,0.439,0.1156,14.18,14.37,1010.13,climb,normal,0.0
2026-09-28T00:12:09.044087+00:00,2444.8,86.47,89.37,153.34,810.89,5.774,60.87,46.0,0.437,0.1118,14.12,14.3,1009.87,climb,normal,0.0
2026-09-28T00:12:10.044087+00:00,2432.7,86.17,88.23,153.88,811.62,5.748,60.92,45.91,0.431,0.1232,14.11,14.22,1009.65,climb,normal,0.0
2026-09-28T00:12:11.044087+00:00,2424.1,85.43,88.01,154.24,811.78,5.685,60.99,45.58,0.46,0.1277,14.09,14.26,1009.43,climb,normal,0.0
2026-09-28T00:12:12.044087+00:00,2411.5,85.68,87.53,154.31,808.66,5.615,60.96,45.05,0.448,0.1326,14.08,14.22,1009.15,climb,normal,0.0
2026-09-28T00:12:13.044087+00:00,2412.1,85.05,87.28,154.78,809.73,5.608,61.2,44.96,0.432,0.1377,14.13,14.17,1008.85,climb,normal,0.0
2026-09-28T00:12:14.044087+00:00,2409.6,85.18,87.19,155.09,807.82,5.608,61.52,44.9,0.445,0.1423,14.15,14.17,1008.6,climb,normal,0.0
2026-09-28T00:12:15.044087+00:00,2406.6,85.32,87.55,155.45,805.6,5.624,61.56,44.87,0.461,0.1379,14.2,14.11,1008.29,climb,normal,0.0
2026-09-28T00:12:16.044087+00:00,2399.2,85.69,86.95,155.66,802.38,5.618,61.5,44.68,0.46,0.1379,14.21,14.08,1008.0,climb,normal,0.0
2026-09-28T00:12:17.044087+00:00,2394.9,85.65,86.68,155.85,801.56,5.626,61.46,44.65,0.458,0.1407,14.24,14.12,1007.75,climb,normal,0.0
2026-09-28T00:12:18.044087+00:00,2395.1,84.83,86.53,156.2,803.82,5.578,61.63,44.17,0.44,0.1377,14.14,14.11,1007.53,climb,normal,0.0
2026-09-28T00:12:19.044087+00:00,2395.4,85.03,86.62,156.18,803.59,5.576,61.98,43.86,0.438,0.1351,14.1,14.12,1007.21,climb,normal,0.0
2026-09-28T00:12:20.044087+00:00,2393.6,84.64,87.1,156.1,803.21,5.609,62.08,43.96,0.426,0.1339,14.06,14.18,1006.91,climb,normal,0.0
2026-09-28T00:12:21.044087+00:00,2396.2,84.52,86.56,155.58,800.03,5.549,62.0,44.06,0.432,0.135,14.05,14.13,1006.68,climb,normal,0.0
2026-09-28T00:12:22.044087+00:00,2391.0,84.87,86.29,156.03,799.34,5.526,62.28,44.13,0.435,0.1338,14.09,14.09,1006.38,climb,normal,0.0
2026-09-28T00:12:23.044087+00:00,2397.0,84.27,86.69,156.05,796.8,5.538,62.28,44.37,0.437,0.1268,14.17,14.06,1006.01,climb,normal,0.0
2026-09-28T00:12:24.044087+00:00,2393.9,84.64,86.35,157.05,801.34,5.505,62.44,44.02,0.444,0.1159,14.16,14.07,1005.7,climb,normal,0.0
2026-09-28T00:12:25.044087+00:00,2394.1,84.9,86.46,157.23,798.99,5.541,62.51,43.87,0.439,0.1229,14.17,14.1,1005.36,climb,normal,0.0
2026-09-28T00:12:26.044087+00:00,2391.8,85.01,85.72,156.93,796.19,5.526,62.82,43.83,0.42,0.1288,14.15,13.97,1005.1,climb,normal,0.0
2026-09-28T00:12:27.044087+00:00,2392.9,84.62,86.23,157.15,795.28,5.556,63.08,43.76,0.444,0.128,14.15,14.03,1004.8,climb,normal,0.0
2026-09-28T00:12:28.044087+00:00,2390.2,84.9,86.09,157.65,793.18,5.529,63.42,43.95,0.433,0.1297,14.23,14.07,1004.43,climb,normal,0.0
2026-09-28T00:12:29.044087+00:00,2389.3,85.08,86.67,158.46,790.98,5.484,63.35,43.74,0.43,0.1275,14.14,14.04,1004.07,climb,normal,0.0
2026-09-28T00:12:30.044087+00:00,2381.3,85.1,86.41,158.98,789.33,5.521,63.51,44.12,0.437,0.1188,14.15,13.97,1003.59,climb,normal,0.0
2026-09-28T00:12:31.044087+00:00,2383.7,84.76,85.51,159.36,789.72,5.49,63.64,43.85,0.429,0.116,14.12,14.03,1003.24,climb,normal,0.0
2026-09-28T00:12:32.044087+00:00,2381.6,84.79,86.05,159.04,791.68,5.505,63.75,43.99,0.44,0.1171,14.15,14.07,1002.91,climb,normal,0.0
2026-09-28T00:12:33.044087+00:00,2386.2,84.84,86.28,159.86,791.83,5.559,64.03,43.93,0.421,0.1167,14.16,14.13,1002.66,climb,normal,0.0
2026-09-28T00:12:34.044087+00:00,2384.0,84.66,86.24,159.53,791.34,5.552,64.02,43.73,0.435,0.1215,14.14,14.16,1002.39,climb,normal,0.0
2026-09-28T00:12:35.044087+00:00,2386.1,84.94,85.86,159.56,790.71,5.523,64.01,43.5,0.433,0.1087,14.12,14.17,1002.1,climb,normal,0.0
2026-09-28T00:12:36.044087+00:00,2386.4,85.13,86.24,159.09,788.17,5.522,64.21,43.61,0.441,0.1096,14.16,14.23,1001.69,climb,normal,0.0
2026-09-28T00:12:37.044087+00:00,2385.8,84.93,86.4,159.24,787.65,5.507,64.37,43.4,0.452,0.1081,14.19,14.17,1001.38,climb,normal,0.0
2026-09-28T00:12:38.044087+00:00,2388.2,85.05,86.19,159.49,786.1,5.519,64.48,43.27,0.427,0.1087,14.21,14.11,1001.06,climb,normal,0.0
2026-09-28T00:12:39.044087+00:00,2393.2,84.94,86.2,159.45,780.08,5.49,64.66,43.38,0.405,0.1162,14.19,14.16,1000.69,climb,normal,0.0
2026-09-28T00:12:40.044087+00:00,2389.6,84.79,85.84,159.54,781.36,5.475,64.52,43.27,0.419,0.1166,14.22,14.09,1000.24,climb,normal,0.0
2026-09-28T00:12:41.044087+00:00,2390.3,85.42,86.65,159.31,780.79,5.453,64.64,43.55,0.425,0.118,14.17,14.07,999.86,climb,normal,0.0
2026-09-28T00:12:42.044087+00:00,2388.0,85.48,86.62,159.52,782.6,5.508,64.78,43.97,0.418,0.1165,14.12,14.12,999.44,climb,normal,0.0
2026-09-28T00:12:43.044087+00:00,2383.5,85.26,85.92,159.32,781.67,5.502,65.11,43.92,0.435,0.1194,14.14,14.12,999.09,climb,normal,0.0
2026-09-28T00:12:44.044087+00:00,2384.9,85.29,86.17,159.37,782.68,5.394,65.39,43.54,0.438,0.114,14.23,14.06,998.73,climb,normal,0.0
2026-09-28T00:12:45.044087+00:00,2386.3,85.27,86.36,158.98,782.72,5.41,65.44,43.48,0.437,0.1087,14.21,14.01,998.34,climb,normal,0.0
2026-09-28T00:12:46.044087+00:00,2382.7,85.09,86.15,159.08,783.86,5.412,65.52,43.79,0.431,0.1106,14.26,13.97,997.87,climb,normal,0.0
2026-09-28T00:12:47.044087+00:00,2390.8,85.25,85.84,159.52,783.06,5.423,65.71,43.71,0.449,0.1151,14.17,14.01,997.52,climb,normal,0.0
2026-09-28T00:12:48.044087+00:00,2390.3,85.21,85.08,160.31,782.23,5.447,66.03,43.49,0.425,0.1191,14.19,14.01,997.03,climb,normal,0.0
2026-09-28T00:12:49.044087+00:00,2390.2,85.66,85.11,160.17,784.33,5.418,66.38,43.45,0.424,0.1282,14.19,13.96,996.63,climb,normal,0.0
2026-09-28T00:12:50.044087+00:00,2387.9,85.58,84.98,160.6,783.94,5.447,66.46,43.39,0.428,0.1229,14.14,14.03,996.28,climb,normal,0.0
2026-09-28T00:12:51.044087+00:00,2389.4,85.37,84.83,160.39,781.2,5.411,66.69,43.33,0.423,0.119,14.13,14.01,995.94,climb,normal,0.0
2026-09-28T00:12:52.044087+00:00,2389.0,85.11,84.75,160.42,780.51,5.395,66.54,43.14,0.417,0.1178,14.1,13.97,995.55,climb,normal,0.0
2026-09-28T00:12:53.044087+00:00,2392.8,84.8,84.95,160.53,780.04,5.342,66.6,43.0,0.415,0.1211,14.09,13.96,995.19,climb,normal,0.0
2026-09-28T00:12:54.044087+00:00,2392.7,84.34,84.53,161.26,781.11,5.36,66.61,42.86,0.421,0.1183,14.09,13.96,994.89,climb,normal,0.0
2026-09-28T00:12:55.044087+00:00,2389.5,84.6,84.19,160.75,780.82,5.356,66.8,42.97,0.445,0.1366,14.06,13.9,994.5,climb,normal,0.0
2026-09-28T00:12:56.044087+00:00,2386.5,84.85,83.98,160.87,777.16,5.365,66.81,42.97,0.417,0.1332,14.22,13.92,994.07,climb,normal,0.0
2026-09-28T00:12:57.044087+00:00,2388.8,84.63,84.54,161.06,776.08,5.385,67.02,42.96,0.43,0.1225,14.19,13.85,993.61,climb,normal,0.0
2026-09-28T00:12:58.044087+00:00,2383.2,85.15,84.86,160.91,777.53,5.45,67.16,43.19,0.437,0.1306,14.14,13.84,993.15,climb,normal,0.0
2026-09-28T00:12:59.044087+00:00,2380.0,85.0,85.32,160.82,776.06,5.436,67.5,43.21,0.451,0.1322,14.09,13.79,992.66,climb,normal,0.0
2026-09-28T00:13:00.044087+00:00,2377.5,85.45,84.83,161.72,775.79,5.452,67.51,43.44,0.447,0.1341,14.15,13.74,992.18,climb,normal,0.0
2026-09-28T00:13:01.044087+00:00,2381.8,85.29,84.61,161.91,774.73,5.457,67.76,43.4,0.438,0.1307,14.14,13.65,991.76,climb,normal,0.0
2026-09-28T00:13:02.044087+00:00,2379.0,85.25,84.55,161.95,773.13,5.419,67.68,43.3,0.44,0.1296,14.1,13.65,991.26,climb,normal,0.0
2026-09-28T00:13:03.044087+00:00,2381.4,85.27,84.6,162.1,770.69,5.353,68.2,42.83,0.432,0.129,14.2,13.6,990.85,climb,normal,0.0
2026-09-28T00:13:04.044087+00:00,2384.7,85.32,84.82,163.16,768.98,5.326,68.49,43.23,0.433,0.1324,14.22,13.48,990.42,climb,normal,0.0
2026-09-28T00:13:05.044087+00:00,2386.8,85.4,84.25,163.41,770.6,5.385,68.76,43.17,0.431,0.1286,14.22,13.43,989.96,climb,normal,0.0
2026-09-28T00:13:06.044087+00:00,2389.0,85.46,84.53,163.48,774.13,5.344,68.7,43.53,0.434,0.1245,14.17,13.43,989.56,climb,normal,0.0
2026-09-28T00:13:07.044087+00:00,2395.4,84.67,84.75,164.1,769.26,5.385,68.89,43.44,0.425,0.1227,14.15,13.45,989.06,climb,normal,0.0
2026-09-28T00:13:08.044087+00:00,2393.2,84.91,84.69,164.49,766.43,5.351,69.22,43.37,0.426,0.1177,14.13,13.4,988.67,climb,normal,0.0
2026-09-28T00:13:09.044087+00:00,2398.2,85.32,84.37,164.29,766.46,5.414,69.42,43.69,0.436,0.1152,14.11,13.29,988.29,climb,normal,0.0
2026-09-28T00:13:10.044087+00:00,2399.4,85.14,85.12,164.25,766.29,5.417,69.92,43.86,0.454,0.1207,14.1,13.17,987.8,climb,normal,0.0
2026-09-28T00:13:11.044087+00:00,2395.3,84.4,84.99,163.61,764.5,5.355,70.1,43.85,0.464,0.112,14.1,13.21,987.28,climb,normal,0.0
2026-09-28T00:13:12.044087+00:00,2396.2,85.15,85.47,163.83,766.12,5.344,70.13,43.66,0.441,0.1053,14.12,13.12,986.81,climb,normal,0.0
2026-09-28T00:13:13.044087+00:00,2392.5,85.02,85.92,164.15,767.91,5.317,70.24,43.83,0.455,0.1073,14.23,13.13,986.37,climb,normal,0.0
2026-09-28T00:13:14.044087+00:00,2398.5,85.29,85.73,164.23,768.32,5.31,70.32,43.65,0.459,0.1093,14.14,13.11,985.87,climb,normal,0.0
2026-09-28T00:13:15.044087+00:00,2396.2,84.57,86.63,164.76,766.6,5.328,70.39,43.49,0.435,0.1105,14.19,13.0,985.43,climb,normal,0.0
2026-09-28T00:13:16.044087+00:00,2393.4,84.82,86.29,165.4,767.69,5.39,70.66,43.28,0.439,0.1202,14.23,12.93,984.89,climb,normal,0.0
2026-09-28T00:13:17.044087+00:00,2391.4,85.32,85.34,165.22,768.32,5.395,70.91,43.62,0.451,0.1143,14.21,12.89,984.43,climb,normal,0.0
2026-09-28T00:13:18.044087+00:00,2394.1,85.04,85.61,164.41,767.98,5.421,70.89,43.64,0.422,0.1073,14.16,12.91,983.89,climb,normal,0.0
2026-09-28T00:13:19.044087+00:00,2398.7,85.38,85.45,164.16,767.27,5.437,70.92,43.69,0.421,0.1065,14.07,12.86,983.44,climb,normal,0.0
2026-09-28T00:13:20.044087+00:00,2397.0,85.38,85.04,164.19,767.62,5.422,70.92,43.3,0.422,0.0985,14.06,12.82,982.91,climb,normal,0.0
2026-09-28T00:13:21.044087+00:00,2396.5,85.39,85.15,164.08,768.11,5.407,70.98,43.37,0.42,0.0952,14.06,12.84,982.38,climb,normal,0.0
2026-09-28T00:13:22.044087+00:00,2396.1,84.86,84.87,164.13,769.77,5.418,71.03,43.09,0.431,0.0989,14.11,12.84,981.92,climb,normal,0.0
2026-09-28T00:13:23.044087+00:00,2393.0,84.83,85.22,164.72,765.54,5.374,70.8,43.2,0.458,0.0956,14.11,12.8,981.37,climb,normal,0.0
2026-09-28T00:13:24.044087+00:00,2391.4,85.3,85.42,164.33,765.29,5.383,70.79,43.02,0.438,0.1004,14.12,12.78,980.94,climb,normal,0.0
2026-09-28T00:13:25.044087+00:00,2392.3,85.6,84.94,164.68,762.64,5.41,70.8,43.09,0.433,0.1144,14.11,12.82,980.28,climb,normal,0.0
2026-09-28T00:13:26.044087+00:00,2392.2,85.7,84.36,165.09,762.84,5.436,70.82,42.84,0.413,0.118,14.05,12.75,979.79,climb,normal,0.0
2026-09-28T00:13:27.044087+00:00,2392.7,85.0,83.79,165.58,763.51,5.43,70.79,42.63,0.414,0.1174,14.05,12.69,979.38,climb,normal,0.0
2026-09-28T00:13:28.044087+00:00,2394.8,84.51,84.08,165.2,760.62,5.416,70.74,42.36,0.41,0.118,14.0,12.66,979.04,climb,normal,0.0
2026-09-28T00:13:29.044087+00:00,2395.0,84.67,84.35,165.27,760.37,5.43,70.9,42.19,0.429,0.115,14.1,12.64,978.6,climb,normal,0.0
2026-09-28T00:13:30.044087+00:00,2392.5,84.85,84.2,165.93,763.58,5.364,71.14,42.34,0.425,0.1148,14.06,12.59,978.03,climb,normal,0.0
2026-09-28T00:13:31.044087+00:00,2389.0,84.83,84.55,166.32,765.87,5.359,71.28,42.4,0.421,0.1133,14.12,12.54,977.47,climb,normal,0.0
2026-09-28T00:13:32.044087+00:00,2390.6,84.73,84.55,166.45,766.07,5.344,71.23,42.63,0.434,0.1132,14.16,12.57,977.0,climb,normal,0.0
2026-09-28T00:13:33.044087+00:00,2388.7,84.77,84.2,166.67,762.87,5.363,71.35,42.75,0.428,0.1161,14.1,12.52,976.48,climb,normal,0.0
2026-09-28T00:13:34.044087+00:00,2391.9,84.63,83.54,166.57,760.44,5.364,71.68,42.6,0.431,0.1219,14.01,12.47,976.02,climb,normal,0.0
2026-09-28T00:13:35.044087+00:00,2392.7,84.45,83.74,167.5,757.07,5.337,71.54,42.82,0.423,0.1125,14.09,12.41,975.53,climb,normal,0.0
2026-09-28T00:13:36.044087+00:00,2396.0,84.45,84.35,167.47,756.65,5.385,71.84,42.91,0.418,0.1076,14.04,12.44,975.08,climb,normal,0.0
2026-09-28T00:13:37.044087+00:00,2394.6,84.37,83.89,167.85,757.82,5.398,71.74,42.65,0.427,0.1025,14.08,12.29,974.54,climb,normal,0.0
2026-09-28T00:13:38.044087+00:00,2400.3,85.06,83.73,167.27,756.58,5.47,71.98,42.75,0.432,0.1097,14.02,12.24,973.99,climb,normal,0.0
2026-09-28T00:13:39.044087+00:00,2401.0,84.78,84.27,167.09,757.93,5.484,72.06,43.0,0.422,0.1167,14.08,12.27,973.4,climb,normal,0.0
2026-09-28T00:13:40.044087+00:00,2397.5,85.29,84.12,167.59,757.84,5.474,72.16,43.16,0.426,0.1208,14.13,12.23,972.95,climb,normal,0.0
2026-09-28T00:13:41.044087+00:00,2399.2,84.92,84.6,167.11,758.37,5.443,72.47,43.24,0.421,0.1246,14.07,12.23,972.4,climb,normal,0.0
2026-09-28T00:13:42.044087+00:00,2395.8,84.83,84.2,167.84,758.44,5.446,72.58,43.46,0.428,0.1174,14.1,12.28,971.92,climb,normal,0.0
2026-09-28T00:13:43.044087+00:00,2395.0,85.02,83.8,167.72,759.47,5.408,72.82,43.18,0.426,0.1209,14.06,12.18,971.44,climb,normal,0.0
2026-09-28T00:13:44.044087+00:00,2395.7,84.77,83.69,168.36,759.04,5.394,72.88,42.73,0.43,0.1268,14.15,12.16,970.89,climb,normal,0.0
2026-09-28T00:13:45.044087+00:00,2394.1,85.72,84.27,168.72,758.88,5.434,72.57,42.92,0.434,0.1206,14.2,12.23,970.43,climb,normal,0.0
2026-09-28T00:13:46.044087+00:00,2394.3,85.53,83.84,169.54,758.0,5.437,72.64,43.16,0.426,0.1194,14.12,12.2,969.92,climb,normal,0.0
2026-09-28T00:13:47.044087+00:00,2395.2,85.63,83.74,169.42,760.08,5.446,72.8,42.89,0.434,0.1231,14.14,12.27,969.41,climb,normal,0.0
2026-09-28T00:13:48.044087+00:00,2396.0,85.34,84.07,169.49,763.17,5.445,72.61,42.99,0.427,0.1255,14.16,12.23,968.82,climb,normal,0.0
2026-09-28T00:13:49.044087+00:00,2394.6,85.37,83.53,169.81,763.68,5.413,72.92,43.12,0.429,0.1215,14.18,12.21,968.27,climb,normal,0.0
2026-09-28T00:13:50.044087+00:00,2392.5,85.49,84.11,169.71,763.68,5.408,73.01,43.24,0.426,0.1145,14.06,12.13,967.71,climb,normal,0.0
2026-09-28T00:13:51.044087+00:00,2391.7,85.26,84.74,169.44,762.87,5.441,73.19,43.38,0.415,0.1221,14.08,12.16,967.19,climb,normal,0.0
2026-09-28T00:13:52.044087+00:00,2390.2,84.67,84.82,169.21,759.58,5.434,73.33,43.49,0.429,0.1227,14.14,12.2,966.7,climb,normal,0.0
2026-09-28T00:13:53.044087+00:00,2391.3,84.82,85.0,169.16,759.56,5.436,73.33,43.34,0.418,0.1115,14.03,12.12,966.12,climb,normal,0.0
2026-09-28T00:13:54.044087+00:00,2395.3,84.58,84.32,169.56,758.89,5.459,73.11,43.25,0.415,0.1143,14.08,12.15,965.67,climb,normal,0.0
2026-09-28T00:13:55.044087+00:00,2391.8,84.79,83.64,169.84,761.31,5.464,73.09,43.29,0.433,0.1234,14.12,12.16,965.15,climb,normal,0.0
2026-09-28T00:13:56.044087+00:00,2396.0,85.3,83.56,169.15,762.54,5.487,73.29,43.36,0.427,0.1218,14.2,12.15,964.6,climb,normal,0.0
2026-09-28T00:13:57.044087+00:00,2393.0,85.5,84.04,168.69,762.95,5.546,73.18,43.22,0.434,0.1152,14.08,12.07,964.1,climb,normal,0.0
2026-09-28T00:13:58.044087+00:00,2390.0,85.02,83.85,167.81,761.65,5.534,73.4,43.11,0.419,0.1168,14.12,12.08,963.6,climb,normal,0.0
2026-09-28T00:13:59.044087+00:00,2391.9,84.87,84.21,168.23,761.49,5.526,73.39,43.35,0.415,0.1135,14.18,12.03,963.05,climb,normal,0.0
2026-09-28T00:14:00.044087+00:00,2390.7,85.06,84.0,169.02,762.6,5.505,73.54,43.3,0.408,0.106,14.2,11.95,962.55,climb,normal,0.0
2026-09-28T00:14:01.044087+00:00,2389.9,85.16,83.61,168.76,762.88,5.48,73.58,43.01,0.419,0.1102,14.15,11.95,962.04,climb,normal,0.0
2026-09-28T00:14:02.044087+00:00,2388.7,85.59,83.95,168.96,761.35,5.433,73.71,43.16,0.398,0.1096,14.11,11.88,961.57,climb,normal,0.0
2026-09-28T00:14:03.044087+00:00,2388.9,85.75,83.62,168.88,761.96,5.385,73.83,43.16,0.402,0.1094,14.14,11.88,960.97,climb,normal,0.0
2026-09-28T00:14:04.044087+00:00,2394.4,85.42,83.68,169.25,761.8,5.409,74.09,43.18,0.407,0.1149,14.06,11.79,960.51,climb,normal,0.0
2026-09-28T00:14:05.044087+00:00,2392.1,85.18,83.53,169.29,762.55,5.445,74.31,42.92,0.419,0.1104,14.12,11.67,960.06,climb,normal,0.0
2026-09-28T00:14:06.044087+00:00,2394.9,85.12,83.0,169.52,765.5,5.415,74.31,42.89,0.441,0.1058,14.01,11.67,959.54,climb,normal,0.0
2026-09-28T00:14:07.044087+00:00,2394.7,84.89,82.74,169.77,766.01,5.459,74.14,42.79,0.444,0.1067,14.07,11.62,958.99,climb,normal,0.0
2026-09-28T00:14:08.044087+00:00,2398.9,84.59,83.06,169.71,763.84,5.422,74.23,42.94,0.449,0.1131,14.06,11.53,958.45,climb,normal,0.0
2026-09-28T00:14:09.044087+00:00,2400.9,84.82,82.72,169.92,765.37,5.363,74.47,42.34,0.444,0.1173,14.08,11.58,958.02,climb,normal,0.0
2026-09-28T00:14:10.044087+00:00,2402.8,84.79,83.55,169.46,762.81,5.339,74.4,42.66,0.463,0.1194,14.08,11.56,957.44,climb,normal,0.0
2026-09-28T00:14:11.044087+00:00,2397.8,85.09,83.39,168.92,762.51,5.294,74.6,42.42,0.447,0.1176,14.1,11.56,956.88,climb,normal,0.0
2026-09-28T00:14:12.044087+00:00,2397.5,85.04,83.45,168.33,762.66,5.282,74.74,42.48,0.454,0.1277,14.12,11.55,956.42,climb,normal,0.0
2026-09-28T00:14:13.044087+00:00,2395.9,85.18,83.19,169.03,764.36,5.334,74.61,42.5,0.449,0.1142,14.06,11.58,955.92,climb,normal,0.0
2026-09-28T00:14:14.044087+00:00,2392.8,85.4,83.61,169.09,764.45,5.354,74.56,42.77,0.438,0.1182,14.0,11.48,955.49,climb,normal,0.0
2026-09-28T00:14:15.044087+00:00,2395.8,85.79,83.77,169.07,762.27,5.348,74.78,42.84,0.433,0.1177,14.04,11.52,954.94,climb,normal,0.0
2026-09-28T00:14:16.044087+00:00,2397.3,85.28,83.44,169.45,761.62,5.335,74.84,42.66,0.439,0.116,14.03,11.53,954.47,climb,normal,0.0
2026-09-28T00:14:17.044087+00:00,2397.3,85.42,83.2,169.11,760.56,5.367,75.11,42.14,0.445,0.1034,14.16,11.56,954.0,climb,normal,0.0
2026-09-28T00:14:18.044087+00:00,2395.0,85.51,83.2,169.12,763.33,5.372,74.86,41.95,0.439,0.1022,14.29,11.51,953.49,climb,normal,0.0
2026-09-28T00:14:19.044087+00:00,2394.1,85.16,83.92,169.54,763.63,5.354,75.29,42.02,0.429,0.1126,14.22,11.46,952.93,climb,normal,0.0
2026-09-28T00:14:20.044087+00:00,2391.8,85.45,84.25,169.8,764.83,5.367,74.95,42.28,0.427,0.11,14.25,11.44,952.45,climb,normal,0.0
2026-09-28T00:14:21.044087+00:00,2397.9,85.62,83.79,169.35,765.33,5.396,75.11,42.44,0.435,0.1151,14.25,11.51,951.9,climb,normal,0.0
2026-09-28T00:14:22.044087+00:00,2399.2,85.73,83.64,169.17,769.2,5.415,75.02,42.63,0.443,0.1158,14.22,11.52,951.34,climb,normal,0.0
2026-09-28T00:14:23.044087+00:00,2389.6,85.38,84.54,168.9,767.82,5.348,75.05,42.58,0.425,0.1198,14.19,11.45,950.82,climb,normal,0.0
2026-09-28T00:14:24.044087+00:00,2392.7,84.59,83.61,169.12,767.66,5.323,74.98,42.67,0.451,0.1196,14.19,11.47,950.31,climb,normal,0.0
2026-09-28T00:14:25.044087+00:00,2391.9,84.44,83.05,169.73,771.09,5.323,74.93,42.67,0.45,0.115,14.15,11.4,949.77,climb,normal,0.0
2026-09-28T00:14:26.044087+00:00,2387.1,84.83,82.49,170.54,769.94,5.384,74.92,42.72,0.441,0.1185,14.14,11.36,949.23,climb,normal,0.0
2026-09-28T00:14:27.044087+00:00,2387.6,84.79,83.44,171.05,769.29,5.326,74.92,42.91,0.427,0.1226,14.12,11.43,948.59,climb,normal,0.0
2026-09-28T00:14:28.044087+00:00,2390.0,84.39,83.31,171.31,767.14,5.323,74.83,42.81,0.429,0.1209,14.25,11.44,948.15,climb,normal,0.0
2026-09-28T00:14:29.044087+00:00,2387.6,84.8,82.97,171.12,767.65,5.343,74.97,42.67,0.43,0.1128,14.13,11.36,947.64,climb,normal,0.0
2026-09-28T00:14:30.044087+00:00,2386.3,84.64,82.75,171.34,765.92,5.357,75.15,42.63,0.427,0.1165,14.17,11.3,947.04,climb,normal,0.0
2026-09-28T00:14:31.044087+00:00,2390.9,84.2,81.88,171.36,765.39,5.361,75.27,42.15,0.443,0.109,14.15,11.16,946.48,climb,normal,0.0
2026-09-28T00:14:32.044087+00:00,2389.4,84.28,81.88,171.05,764.31,5.366,75.19,42.15,0.436,0.1133,14.18,11.16,945.95,climb,normal,0.0
2026-09-28T00:14:33.044087+00:00,2396.0,84.81,81.42,170.92,765.05,5.418,75.36,42.17,0.445,0.1112,14.16,11.07,945.41,climb,normal,0.0
2026-09-28T00:14:34.044087+00:00,2397.8,85.15,82.31,171.72,764.96,5.47,75.47,42.22,0.446,0.115,14.17,11.0,944.83,climb,normal,0.0
2026-09-28T00:14:35.044087+00:00,2398.8,85.49,82.66,171.85,764.95,5.47,75.35,42.25,0.441,0.1181,14.13,10.98,944.21,climb,normal,0.0
2026-09-28T00:14:36.044087+00:00,2398.8,84.86,82.95,172.58,766.46,5.428,75.75,42.21,0.443,0.1087,14.14,11.06,943.69,climb,normal,0.0
2026-09-28T00:14:37.044087+00:00,2401.3,84.94,82.94,172.95,767.83,5.435,75.7,42.22,0.442,0.1177,14.13,11.06,943.16,climb,normal,0.0
2026-09-28T00:14:38.044087+00:00,2396.6,84.68,83.06,173.09,768.53,5.481,76.08,42.34,0.442,0.1248,14.2,11.02,942.6,climb,normal,0.0
2026-09-28T00:14:39.044087+00:00,2392.0,84.7,82.53,172.95,769.82,5.437,76.11,42.23,0.442,0.1208,14.27,11.02,942.09,climb,normal,0.0
2026-09-28T00:14:40.044087+00:00,2387.7,85.06,82.5,172.48,770.0,5.431,76.24,41.98,0.446,0.1315,14.31,11.16,941.53,climb,normal,0.0
2026-09-28T00:14:41.044087+00:00,2388.6,85.15,83.02,173.08,768.94,5.41,76.17,41.83,0.438,0.1399,14.23,11.0,940.91,climb,normal,0.0
2026-09-28T00:14:42.044087+00:00,2385.4,84.85,83.44,173.39,769.24,5.401,76.02,42.09,0.44,0.1383,14.22,11.0,940.36,climb,normal,0.0
2026-09-28T00:14:43.044087+00:00,2379.8,84.56,83.12,173.55,768.53,5.397,75.81,42.05,0.431,0.129,14.19,11.0,939.88,climb,normal,0.0
2026-09-28T00:14:44.044087+00:00,2385.0,85.01,83.23,173.36,769.0,5.413,75.75,42.42,0.434,0.1306,14.15,10.97,939.25,climb,normal,0.0
2026-09-28T00:14:45.044087+00:00,2383.3,84.91,82.63,172.9,767.11,5.345,75.63,42.41,0.423,0.1283,14.02,10.91,938.72,climb,normal,0.0
2026-09-28T00:14:46.044087+00:00,2383.2,84.97,82.5,173.15,764.72,5.34,75.68,42.47,0.421,0.1312,14.08,10.87,938.2,climb,normal,0.0
2026-09-28T00:14:47.044087+00:00,2387.5,84.81,82.48,173.14,763.41,5.371,75.86,42.39,0.406,0.132,14.01,10.8,937.61,climb,normal,0.0
2026-09-28T00:14:48.044087+00:00,2388.1,84.62,82.57,172.55,761.19,5.395,76.1,42.2,0.427,0.1303,14.0,10.69,937.04,climb,normal,0.0
2026-09-28T00:14:49.044087+00:00,2387.2,84.55,82.61,172.2,760.55,5.419,76.2,42.19,0.432,0.1381,14.13,10.71,936.43,climb,normal,0.0
2026-09-28T00:14:50.044087+00:00,2390.6,85.04,82.5,172.43,757.27,5.461,76.16,41.94,0.437,0.1366,14.18,10.72,935.87,climb,normal,0.0
2026-09-28T00:14:51.044087+00:00,2388.7,84.79,82.66,172.1,758.16,5.44,76.59,41.79,0.447,0.1307,14.11,10.76,935.34,climb,normal,0.0
2026-09-28T00:14:52.044087+00:00,2386.0,84.54,82.54,172.53,760.25,5.455,76.59,41.73,0.458,0.1324,14.14,10.69,934.79,climb,normal,0.0
2026-09-28T00:14:53.044087+00:00,2390.4,84.24,82.44,172.77,759.86,5.4,76.92,41.89,0.435,0.1335,14.17,10.61,934.23,climb,normal,0.0
2026-09-28T00:14:54.044087+00:00,2392.4,84.58,82.92,173.29,758.97,5.4,77.26,42.25,0.441,0.1396,14.09,10.51,933.74,climb,normal,0.0
2026-09-28T00:14:55.044087+00:00,2394.0,84.51,82.68,173.5,758.14,5.337,76.96,42.18,0.46,0.1317,14.1,10.56,933.18,climb,normal,0.0
2026-09-28T00:14:56.044087+00:00,2393.7,85.33,82.32,173.55,756.24,5.35,76.94,42.38,0.473,0.1253,14.13,10.48,932.6,climb,normal,0.0
2026-09-28T00:14:57.044087+00:00,2391.6,84.9,81.75,172.66,759.17,5.321,76.74,42.46,0.458,0.1231,14.21,10.43,932.12,climb,normal,0.0
2026-09-28T00:14:58.044087+00:00,2394.2,84.86,81.47,172.39,757.91,5.321,76.93,42.27,0.443,0.1304,14.12,10.37,931.6,climb,normal,0.0
2026-09-28T00:14:59.044087+00:00,2398.1,84.41,81.61,172.19,758.34,5.367,77.28,41.97,0.452,0.1214,14.12,10.34,931.08,climb,normal,0.0
2026-09-28T00:15:00.044087+00:00,2400.6,84.69,82.02,172.09,753.8,5.317,77.44,41.88,0.433,0.1162,14.18,10.29,930.47,climb,normal,0.0
2026-09-28T00:15:01.044087+00:00,2394.3,85.0,81.47,171.63,754.69,5.306,77.6,41.69,0.438,0.1186,14.04,10.33,929.96,climb,normal,0.0
2026-09-28T00:15:02.044087+00:00,2396.3,84.92,81.2,171.05,754.57,5.362,77.63,41.82,0.42,0.1207,14.12,10.23,929.44,climb,normal,0.0
2026-09-28T00:15:03.044087+00:00,2401.1,85.21,81.92,170.85,751.15,5.383,77.44,41.81,0.424,0.117,14.09,10.22,929.02,climb,normal,0.0
2026-09-28T00:15:04.044087+00:00,2399.1,85.31,82.36,170.1,752.84,5.394,77.27,42.11,0.438,0.1219,14.2,10.28,928.54,climb,normal,0.0
2026-09-28T00:15:05.044087+00:00,2395.2,85.24,82.54,170.18,751.79,5.374,77.17,42.18,0.434,0.126,14.11,10.29,927.95,climb,normal,0.0
2026-09-28T00:15:06.044087+00:00,2391.5,84.7,82.49,170.05,748.84,5.325,77.16,42.15,0.426,0.1266,14.13,10.26,927.45,climb,normal,0.0
2026-09-28T00:15:07.044087+00:00,2393.6,84.71,81.64,169.74,750.16,5.313,77.24,41.92,0.421,0.1289,14.2,10.35,926.86,climb,normal,0.0
2026-09-28T00:15:08.044087+00:00,2391.3,84.75,81.43,169.62,752.12,5.332,77.33,41.94,0.427,0.135,14.12,10.31,926.34,climb,normal,0.0
2026-09-28T00:15:09.044087+00:00,2384.7,84.84,81.38,170.04,753.09,5.385,77.29,41.84,0.441,0.1417,14.08,10.21,925.75,climb,normal,0.0
2026-09-28T00:15:10.044087+00:00,2388.1,84.45,81.92,168.92,755.33,5.375,77.38,41.65,0.45,0.1307,14.11,10.19,925.21,climb,normal,0.0
2026-09-28T00:15:11.044087+00:00,2384.1,85.01,82.01,169.42,754.34,5.334,77.73,41.59,0.455,0.1274,14.07,10.18,924.65,climb,normal,0.0
2026-09-28T00:15:12.044087+00:00,2390.5,84.87,81.92,169.34,752.16,5.298,77.47,41.73,0.441,0.1358,14.14,10.05,924.19,climb,normal,0.0
2026-09-28T00:15:13.044087+00:00,2388.2,84.74,81.18,168.6,750.24,5.299,77.72,41.17,0.432,0.1311,14.21,10.15,923.65,climb,normal,0.0
2026-09-28T00:15:14.044087+00:00,2388.7,84.97,81.5,169.14,754.63,5.298,77.81,41.38,0.427,0.1299,14.16,10.17,923.08,climb,normal,0.0
2026-09-28T00:15:15.044087+00:00,2385.1,84.99,81.22,169.79,756.08,5.322,78.01,41.22,0.409,0.1288,14.09,10.05,922.58,climb,normal,0.0
2026-09-28T00:15:16.044087+00:00,2382.3,85.05,81.4,170.22,755.95,5.329,77.95,41.29,0.413,0.1186,14.11,9.95,922.0,climb,normal,0.0
2026-09-28T00:15:17.044087+00:00,2384.2,84.79,81.91,170.92,756.81,5.328,77.84,41.51,0.423,0.1196,14.16,9.89,921.46,climb,normal,0.0
2026-09-28T00:15:18.044087+00:00,2389.7,85.07,81.9,170.79,756.29,5.315,77.83,41.69,0.436,0.1302,14.21,9.84,920.93,climb,normal,0.0
2026-09-28T00:15:19.044087+00:00,2394.1,84.92,82.5,170.7,756.45,5.322,77.96,41.54,0.438,0.1262,14.19,9.78,920.36,climb,normal,0.0
2026-09-28T00:15:20.044087+00:00,2395.1,84.95,81.38,170.39,754.45,5.273,77.7,41.37,0.448,0.1228,14.13,9.76,919.91,climb,normal,0.0
2026-09-28T00:15:21.044087+00:00,2396.0,84.92,81.5,170.25,752.23,5.251,77.56,41.57,0.444,0.1184,14.12,9.86,919.39,climb,normal,0.0
2026-09-28T00:15:22.044087+00:00,2394.6,85.27,80.48,169.54,752.3,5.26,77.52,41.13,0.431,0.1193,14.13,9.85,918.81,climb,normal,0.0
2026-09-28T00:15:23.044087+00:00,2390.7,84.84,80.32,169.49,749.31,5.242,77.57,40.98,0.424,0.1093,14.06,9.81,918.21,climb,normal,0.0
2026-09-28T00:15:24.044087+00:00,2388.0,84.94,80.26,169.1,749.15,5.25,77.74,41.01,0.425,0.1102,14.12,9.8,917.71,climb,normal,0.0
2026-09-28T00:15:25.044087+00:00,2390.8,84.84,80.78,168.69,749.86,5.25,77.87,40.61,0.436,0.104,14.12,9.72,917.23,climb,normal,0.0
2026-09-28T00:15:26.044087+00:00,2393.0,84.37,80.15,168.95,750.21,5.26,77.85,40.19,0.451,0.1054,14.16,9.66,916.69,climb,normal,0.0
2026-09-28T00:15:27.044087+00:00,2393.0,84.67,80.42,168.96,751.61,5.265,77.95,40.41,0.445,0.1125,14.13,9.68,916.23,climb,normal,0.0
2026-09-28T00:15:28.044087+00:00,2398.8,85.04,80.17,168.73,748.17,5.268,78.13,40.23,0.445,0.1159,14.16,9.67,915.67,climb,normal,0.0
2026-09-28T00:15:29.044087+00:00,2394.0,84.62,79.78,168.21,748.54,5.275,78.12,40.63,0.424,0.1162,14.21,9.66,915.14,climb,normal,0.0
2026-09-28T00:15:30.044087+00:00,2392.9,85.02,80.46,168.31,751.7,5.319,78.06,40.96,0.433,0.1169,14.15,9.58,914.53,climb,normal,0.0
2026-09-28T00:15:31.044087+00:00,2391.3,84.93,80.22,168.6,747.22,5.332,78.17,40.82,0.438,0.1179,14.24,9.56,914.08,climb,normal,0.0
2026-09-28T00:15:32.044087+00:00,2392.8,84.99,80.54,168.71,743.9,5.285,78.0,41.2,0.441,0.1162,14.15,9.66,913.54,climb,normal,0.0
2026-09-28T00:15:33.044087+00:00,2392.4,84.74,80.54,167.91,745.29,5.23,78.04,41.13,0.435,0.1105,14.17,9.58,912.99,climb,normal,0.0
2026-09-28T00:15:34.044087+00:00,2393.5,85.21,80.27,168.1,746.52,5.258,78.21,41.08,0.418,0.1252,14.27,9.44,912.46,climb,normal,0.0
2026-09-28T00:15:35.044087+00:00,2394.5,85.1,81.15,168.31,745.06,5.283,78.18,40.88,0.429,0.1239,14.28,9.41,911.89,climb,normal,0.0
2026-09-28T00:15:36.044087+00:00,2392.1,85.17,81.31,168.35,742.77,5.288,78.49,41.34,0.429,0.1297,14.2,9.4,911.38,climb,normal,0.0
2026-09-28T00:15:37.044087+00:00,2391.4,84.71,80.8,167.87,741.15,5.279,78.51,41.58,0.435,0.1228,14.25,9.38,910.77,climb,normal,0.0
2026-09-28T00:15:38.044087+00:00,2392.2,85.09,80.86,167.62,742.91,5.272,78.39,41.4,0.439,0.1158,14.23,9.38,910.18,climb,normal,0.0
2026-09-28T00:15:39.044087+00:00,2394.8,84.41,81.15,168.16,745.02,5.296,78.6,41.36,0.439,0.1231,14.2,9.36,909.62,climb,normal,0.0
2026-09-28T00:15:40.044087+00:00,2389.3,83.92,81.16,168.47,745.16,5.371,78.31,41.33,0.448,0.1233,14.16,9.29,909.13,climb,normal,0.0
2026-09-28T00:15:41.044087+00:00,2389.5,84.27,80.66,168.56,742.54,5.331,78.59,41.45,0.422,0.1174,14.17,9.28,908.68,climb,normal,0.0
2026-09-28T00:15:42.044087+00:00,2389.4,84.22,80.6,167.87,743.63,5.381,78.5,41.29,0.417,0.1183,14.22,9.18,908.09,climb,normal,0.0
2026-09-28T00:15:43.044087+00:00,2388.1,83.8,80.22,167.44,744.2,5.359,78.31,41.2,0.417,0.1171,14.15,9.09,907.47,climb,normal,0.0
2026-09-28T00:15:44.044087+00:00,2392.8,84.0,80.0,167.75,743.31,5.363,78.6,41.15,0.439,0.1224,14.12,9.11,906.95,climb,normal,0.0
2026-09-28T00:15:45.044087+00:00,2388.9,84.54,79.67,167.99,743.97,5.358,78.53,41.17,0.442,0.1239,14.15,9.08,906.41,climb,normal,0.0
2026-09-28T00:15:46.044087+00:00,2391.9,84.9,79.65,168.2,743.61,5.372,78.46,40.92,0.443,0.115,14.22,9.06,905.84,climb,normal,0.0
2026-09-28T00:15:47.044087+00:00,2393.4,85.09,79.75,168.4,745.24,5.339,78.56,41.04,0.433,0.1182,14.23,8.95,905.31,climb,normal,0.0
2026-09-28T00:15:48.044087+00:00,2397.6,84.9,79.6,168.32,745.14,5.326,78.52,41.17,0.431,0.1288,14.2,8.98,904.78,climb,normal,0.0
2026-09-28T00:15:49.044087+00:00,2395.7,84.63,79.93,168.1,744.73,5.362,78.55,41.02,0.416,0.1204,14.15,9.0,904.24,climb,normal,0.0
2026-09-28T00:15:50.044087+00:00,2392.3,84.97,79.53,168.05,746.08,5.37,78.64,40.8,0.42,0.1127,14.18,8.96,903.7,climb,normal,0.0
2026-09-28T00:15:51.044087+00:00,2391.7,85.23,79.52,168.2,747.27,5.326,78.65,40.86,0.44,0.1148,14.17,8.92,903.25,climb,normal,0.0
2026-09-28T00:15:52.044087+00:00,2385.5,85.13,79.37,168.31,744.07,5.285,78.73,40.87,0.438,0.1199,14.1,8.84,902.77,climb,normal,0.0
2026-09-28T00:15:53.044087+00:00,2384.5,84.95,79.67,167.76,745.8,5.322,78.77,40.78,0.436,0.1209,14.09,8.79,902.26,climb,normal,0.0
2026-09-28T00:15:54.044087+00:00,2385.5,85.63,79.65,167.45,745.28,5.388,78.74,40.76,0.428,0.1243,14.2,8.73,901.71,climb,normal,0.0
2026-09-28T00:15:55.044087+00:00,2390.7,84.9,79.23,167.28,743.93,5.387,78.74,40.78,0.429,0.1311,14.19,8.62,901.15,climb,normal,0.0
2026-09-28T00:15:56.044087+00:00,2391.5,85.3,79.1,167.33,745.85,5.399,78.43,40.43,0.412,0.1423,14.22,8.45,900.59,climb,normal,0.0
2026-09-28T00:15:57.044087+00:00,2395.8,84.29,79.33,166.57,745.41,5.362,78.58,40.61,0.427,0.1382,14.26,8.37,900.07,climb,normal,0.0
2026-09-28T00:15:58.044087+00:00,2399.9,84.76,79.68,166.83,746.31,5.352,78.56,40.32,0.432,0.1278,14.19,8.34,899.56,climb,normal,0.0
2026-09-28T00:15:59.044087+00:00,2400.2,84.74,79.42,167.52,748.87,5.316,78.49,40.21,0.423,0.1206,14.2,8.3,899.04,climb,normal,0.0
2026-09-28T00:16:00.044087+00:00,2401.0,84.9,80.26,167.27,748.86,5.316,78.48,40.35,0.416,0.1188,14.23,8.26,898.58,climb,normal,0.0
2026-09-28T00:16:01.044087+00:00,2402.0,85.35,79.77,167.82,750.16,5.287,78.37,40.9,0.425,0.1124,14.19,8.22,898.04,climb,normal,0.0
2026-09-28T00:16:02.044087+00:00,2403.1,85.39,80.44,167.69,748.36,5.325,78.18,40.85,0.431,0.1143,14.17,8.23,897.52,climb,normal,0.0
2026-09-28T00:16:03.044087+00:00,2403.7,85.11,80.41,167.54,747.15,5.33,78.34,40.96,0.419,0.1106,14.22,8.16,897.08,climb,normal,0.0
2026-09-28T00:16:04.044087+00:00,2404.3,85.19,81.19,167.7,745.07,5.297,78.26,41.39,0.423,0.1084,14.26,8.15,896.57,climb,normal,0.0
2026-09-28T00:16:05.044087+00:00,2400.7,85.52,81.24,167.85,746.3,5.314,78.29,41.72,0.428,0.1202,14.27,8.04,896.06,climb,normal,0.0
2026-09-28T00:16:06.044087+00:00,2398.8,85.24,81.05,168.12,746.2,5.341,78.3,41.36,0.422,0.1215,14.24,8.15,895.51,climb,normal,0.0
2026-09-28T00:16:07.044087+00:00,2399.1,85.2,80.82,168.26,748.27,5.39,78.05,41.4,0.413,0.1284,14.31,8.08,895.02,climb,normal,0.0
2026-09-28T00:16:08.044087+00:00,2396.9,85.58,80.28,169.15,747.63,5.376,78.12,41.6,0.439,0.1278,14.23,7.98,894.61,climb,normal,0.0
2026-09-28T00:16:09.044087+00:00,2398.0,85.14,80.01,169.03,743.56,5.369,78.09,41.49,0.443,0.1146,14.29,7.96,894.08,climb,normal,0.0
2026-09-28T00:16:10.044087+00:00,2398.3,84.45,79.75,168.42,742.88,5.339,78.01,41.09,0.439,0.1129,14.29,7.96,893.53,climb,normal,0.0
2026-09-28T00:16:11.044087+00:00,2392.5,84.5,79.58,168.42,742.63,5.361,78.14,40.86,0.429,0.1258,14.15,7.83,893.05,climb,normal,0.0
2026-09-28T00:16:12.044087+00:00,2389.9,84.39,79.64,168.09,741.02,5.336,78.05,40.65,0.433,0.1264,14.11,7.82,892.46,climb,normal,0.0
2026-09-28T00:16:13.044087+00:00,2391.7,84.49,79.84,167.75,738.49,5.351,77.87,40.69,0.435,0.1258,14.13,7.78,891.94,climb,normal,0.0
2026-09-28T00:16:14.044087+00:00,2390.7,84.88,80.39,169.26,738.3,5.301,77.9,40.85,0.434,0.1212,14.23,7.68,891.38,climb,normal,0.0
2026-09-28T00:16:15.044087+00:00,2388.1,84.99,79.5,169.25,739.18,5.316,78.05,41.16,0.421,0.1219,14.23,7.63,890.8,climb,normal,0.0
2026-09-28T00:16:16.044087+00:00,2388.5,84.5,80.08,169.21,737.67,5.333,77.9,40.94,0.435,0.1314,14.29,7.56,890.29,climb,normal,0.0
2026-09-28T00:16:17.044087+00:00,2389.7,85.24,79.42,169.66,735.62,5.387,77.89,40.93,0.439,0.1275,14.3,7.46,889.78,climb,normal,0.0
2026-09-28T00:16:18.044087+00:00,2387.5,85.07,79.43,169.32,736.98,5.392,77.94,40.68,0.432,0.128,14.24,7.38,889.27,climb,normal,0.0
2026-09-28T00:16:19.044087+00:00,2391.0,85.34,80.46,169.8,736.65,5.378,78.08,40.77,0.444,0.129,14.26,7.32,888.74,climb,normal,0.0
2026-09-28T00:16:20.044087+00:00,2389.8,85.73,80.35,170.62,735.5,5.387,78.17,40.59,0.446,0.1192,14.24,7.34,888.18,climb,normal,0.0
2026-09-28T00:16:21.044087+00:00,2388.9,85.81,80.34,170.77,732.59,5.313,78.36,40.68,0.449,0.1146,14.15,7.31,887.64,climb,normal,0.0
2026-09-28T00:16:22.044087+00:00,2388.2,85.27,79.81,170.25,730.24,5.338,78.44,41.01,0.433,0.1027,14.18,7.31,887.09,climb,normal,0.0
2026-09-28T00:16:23.044087+00:00,2392.7,85.32,79.68,170.85,729.19,5.324,78.78,40.66,0.435,0.1125,14.23,7.29,886.65,climb,normal,0.0
2026-09-28T00:16:24.044087+00:00,2393.9,85.18,80.04,170.87,731.81,5.33,78.75,40.65,0.419,0.1064,14.27,7.32,886.09,climb,normal,0.0
2026-09-28T00:16:25.044087+00:00,2391.2,85.29,79.9,170.45,734.19,5.336,78.85,41.22,0.436,0.1173,14.25,7.33,885.52,climb,normal,0.0
2026-09-28T00:16:26.044087+00:00,2392.9,85.02,79.86,170.54,731.16,5.36,78.96,41.15,0.437,0.1157,14.19,7.36,884.97,climb,normal,0.0
2026-09-28T00:16:27.044087+00:00,2387.4,84.83,79.4,170.79,731.33,5.362,78.98,40.7,0.444,0.1138,14.18,7.31,884.32,climb,normal,0.0
2026-09-28T00:16:28.044087+00:00,2380.6,85.03,79.09,171.35,728.84,5.338,79.05,40.77,0.449,0.1189,14.2,7.31,883.77,climb,normal,0.0
2026-09-28T00:16:29.044087+00:00,2382.5,84.84,79.17,171.74,729.82,5.323,79.2,40.91,0.439,0.1194,14.22,7.31,883.22,climb,normal,0.0
2026-09-28T00:16:30.044087+00:00,2383.9,84.5,78.41,172.15,731.11,5.319,79.51,40.97,0.458,0.1056,14.12,7.32,882.57,climb,normal,0.0
2026-09-28T00:16:31.044087+00:00,2381.6,84.55,78.78,171.93,732.31,5.297,79.39,41.06,0.44,0.1049,14.1,7.26,882.1,climb,normal,0.0
2026-09-28T00:16:32.044087+00:00,2376.3,84.56,78.56,171.9,728.68,5.292,79.37,40.74,0.443,0.1098,14.14,7.3,881.6,climb,normal,0.0
2026-09-28T00:16:33.044087+00:00,2381.5,85.39,78.67,172.48,728.77,5.34,79.21,40.6,0.438,0.1126,14.17,7.26,881.01,climb,normal,0.0
2026-09-28T00:16:34.044087+00:00,2384.1,85.02,79.39,172.39,726.18,5.355,79.13,40.62,0.436,0.1153,14.15,7.19,880.48,climb,normal,0.0
2026-09-28T00:16:35.044087+00:00,2390.0,85.16,79.78,171.61,726.58,5.347,79.21,40.53,0.434,0.1116,14.17,7.22,879.98,climb,normal,0.0
2026-09-28T00:16:36.044087+00:00,2389.8,85.3,79.47,172.03,726.46,5.372,79.31,40.27,0.433,0.1136,14.07,7.16,879.45,climb,normal,0.0
2026-09-28T00:16:37.044087+00:00,2389.8,85.2,79.18,171.92,726.39,5.333,79.22,40.42,0.423,0.1204,14.12,7.14,878.81,climb,normal,0.0
2026-09-28T00:16:38.044087+00:00,2388.7,85.19,79.15,171.02,726.79,5.303,79.6,40.31,0.435,0.1151,14.08,7.11,878.19,climb,normal,0.0
2026-09-28T00:16:39.044087+00:00,2390.0,85.05,78.82,171.17,729.58,5.273,79.5,40.34,0.428,0.1072,14.03,7.05,877.65,climb,normal,0.0
2026-09-28T00:16:40.044087+00:00,2390.4,84.47,78.31,171.0,726.63,5.317,79.5,40.25,0.423,0.0974,13.99,7.04,877.07,climb,normal,0.0
2026-09-28T00:16:41.044087+00:00,2299.7,76.84,75.99,170.56,724.69,5.239,79.5,40.13,0.425,0.106,14.11,7.06,876.52,cruise,normal,0.0
2026-09-28T00:16:42.044087+00:00,2227.7,72.09,73.82,170.1,720.97,5.215,79.46,39.58,0.401,0.1033,14.14,7.08,876.01,cruise,normal,0.0
2026-09-28T00:16:43.044087+00:00,2173.0,69.85,71.49,169.54,720.38,5.157,79.6,38.77,0.419,0.1183,14.05,7.03,875.45,cruise,normal,0.0
2026-09-28T00:16:44.044087+00:00,2131.3,68.11,70.61,169.04,720.2,5.06,79.39,38.29,0.426,0.1136,14.09,7.08,874.95,cruise,normal,0.0
2026-09-28T00:16:45.044087+00:00,2101.7,66.67,68.76,168.96,712.89,5.043,79.17,37.76,0.436,0.1134,14.18,7.06,874.47,cruise,normal,0.0
2026-09-28T00:16:46.044087+00:00,2078.4,65.97,67.85,169.66,710.84,4.974,79.37,37.08,0.43,0.1094,14.2,7.08,873.92,cruise,normal,0.0
2026-09-28T00:16:47.044087+00:00,2059.2,65.86,65.86,169.12,707.84,4.939,79.6,36.21,0.413,0.1034,14.12,7.07,873.43,cruise,normal,0.0
2026-09-28T00:16:48.044087+00:00,2045.5,65.57,65.02,169.76,706.36,4.924,79.52,35.5,0.407,0.1024,14.1,7.01,873.02,cruise,normal,0.0
2026-09-28T00:16:49.044087+00:00,2034.6,64.72,64.15,169.36,704.09,4.839,79.59,35.0,0.417,0.0979,14.16,7.05,872.48,cruise,normal,0.0
2026-09-28T00:16:50.044087+00:00,2021.7,65.22,63.99,169.73,703.47,4.825,79.58,34.67,0.4,0.1051,14.17,6.99,872.06,cruise,normal,0.0
2026-09-28T00:16:51.044087+00:00,2011.3,65.09,63.42,170.11,701.59,4.814,79.53,34.53,0.404,0.1029,14.12,6.97,871.59,cruise,normal,0.0
2026-09-28T00:16:52.044087+00:00,2009.6,64.49,63.35,169.99,697.02,4.75,79.4,34.47,0.393,0.1042,14.14,6.9,871.1,cruise,normal,0.0
2026-09-28T00:16:53.044087+00:00,2004.3,64.8,62.37,170.48,696.88,4.737,79.33,34.07,0.381,0.1021,14.17,6.87,870.65,cruise,normal,0.0
2026-09-28T00:16:54.044087+00:00,1996.5,64.85,62.0,169.99,695.66,4.717,79.24,34.1,0.386,0.0964,14.15,6.79,870.21,cruise,normal,0.0
2026-09-28T00:16:55.044087+00:00,1992.4,64.77,61.44,171.04,697.69,4.686,79.58,33.47,0.401,0.092,14.12,6.74,869.74,cruise,normal,0.0
2026-09-28T00:16:56.044087+00:00,1992.9,64.58,60.71,170.89,693.95,4.655,79.63,32.94,0.406,0.1034,14.11,6.68,869.33,cruise,normal,0.0
2026-09-28T00:16:57.044087+00:00,1983.1,65.28,61.03,170.38,689.5,4.634,79.6,32.68,0.414,0.0992,14.16,6.59,868.8,cruise,normal,0.0
2026-09-28T00:16:58.044087+00:00,1978.2,65.54,61.33,170.68,689.28,4.638,79.56,32.72,0.429,0.1004,14.13,6.51,868.39,cruise,normal,0.0
2026-09-28T00:16:59.044087+00:00,1975.3,65.27,60.73,170.92,687.38,4.643,79.51,32.59,0.448,0.1069,14.08,6.56,868.1,cruise,normal,0.0
2026-09-28T00:17:00.044087+00:00,1981.0,64.84,61.38,170.43,680.34,4.607,79.42,32.47,0.416,0.1011,14.01,6.55,867.74,cruise,normal,0.0
2026-09-28T00:17:01.044087+00:00,1978.1,65.19,61.84,170.57,677.19,4.639,79.25,32.61,0.407,0.0999,14.03,6.51,867.39,cruise,normal,0.0
2026-09-28T00:17:02.044087+00:00,1980.5,64.58,61.59,171.27,676.99,4.609,79.26,32.66,0.406,0.0941,14.03,6.45,867.01,cruise,normal,0.0
2026-09-28T00:17:03.044087+00:00,1977.7,64.88,62.0,171.64,679.37,4.619,79.18,32.97,0.413,0.1032,14.05,6.4,866.57,cruise,normal,0.0
2026-09-28T00:17:04.044087+00:00,1980.2,64.78,61.71,172.0,677.1,4.64,79.04,32.49,0.423,0.1089,14.07,6.44,866.23,cruise,normal,0.0
2026-09-28T00:17:05.044087+00:00,1979.5,65.21,61.5,171.43,677.03,4.608,79.02,32.51,0.433,0.1149,14.08,6.36,865.91,cruise,normal,0.0
2026-09-28T00:17:06.044087+00:00,1978.4,65.32,61.9,171.71,677.23,4.612,79.11,32.29,0.439,0.1113,14.09,6.32,865.58,cruise,normal,0.0
2026-09-28T00:17:07.044087+00:00,1982.5,65.19,62.42,171.58,676.21,4.576,79.23,32.2,0.419,0.1066,14.18,6.38,865.28,cruise,normal,0.0
2026-09-28T00:17:08.044087+00:00,1981.9,65.88,62.43,171.34,674.35,4.554,79.13,32.38,0.422,0.1095,14.13,6.35,864.98,cruise,normal,0.0
2026-09-28T00:17:09.044087+00:00,1982.2,65.83,62.57,171.82,671.54,4.522,79.38,32.61,0.411,0.0975,14.06,6.42,864.72,cruise,normal,0.0
2026-09-28T00:17:10.044087+00:00,1983.7,65.37,62.85,172.2,669.74,4.5,79.13,32.7,0.412,0.1064,14.07,6.38,864.36,cruise,normal,0.0
2026-09-28T00:17:11.044087+00:00,1984.7,65.31,63.11,171.99,668.6,4.51,79.32,32.78,0.429,0.1055,14.04,6.44,864.08,cruise,normal,0.0
2026-09-28T00:17:12.044087+00:00,1977.8,65.19,63.38,172.28,666.91,4.533,79.28,33.27,0.429,0.1091,14.04,6.36,863.74,cruise,normal,0.0
2026-09-28T00:17:13.044087+00:00,1980.6,65.58,62.48,172.39,665.46,4.436,79.1,33.16,0.433,0.1026,14.0,6.43,863.35,cruise,normal,0.0
2026-09-28T00:17:14.044087+00:00,1985.2,65.58,61.97,172.21,659.32,4.407,79.23,32.81,0.422,0.0912,13.95,6.34,863.05,cruise,normal,0.0
2026-09-28T00:17:15.044087+00:00,1979.1,65.07,60.8,172.0,656.37,4.427,79.28,32.75,0.424,0.0916,13.9,6.4,862.81,cruise,normal,0.0
2026-09-28T00:17:16.044087+00:00,1981.7,64.92,60.41,171.95,656.85,4.436,79.46,32.62,0.416,0.0861,13.97,6.42,862.52,cruise,normal,0.0
2026-09-28T00:17:17.044087+00:00,1982.1,64.67,60.8,171.67,655.18,4.449,79.5,32.55,0.408,0.0895,14.05,6.39,862.24,cruise,normal,0.0
2026-09-28T00:17:18.044087+00:00,1984.6,65.04,61.35,171.86,657.62,4.493,79.61,32.63,0.404,0.0886,14.1,6.43,861.95,cruise,normal,0.0
2026-09-28T00:17:19.044087+00:00,1988.9,64.64,61.25,170.88,657.3,4.466,79.68,32.65,0.405,0.0981,14.02,6.45,861.69,cruise,normal,0.0
2026-09-28T00:17:20.044087+00:00,1986.9,64.62,61.19,171.0,654.61,4.496,79.72,32.73,0.408,0.0894,14.04,6.33,861.31,cruise,normal,0.0
2026-09-28T00:17:21.044087+00:00,1990.4,64.81,61.08,171.33,653.78,4.534,79.59,32.86,0.409,0.1027,14.16,6.31,861.0,cruise,normal,0.0
2026-09-28T00:17:22.044087+00:00,1988.7,64.16,60.41,170.96,652.7,4.541,79.77,32.57,0.404,0.1045,14.15,6.37,860.77,cruise,normal,0.0
2026-09-28T00:17:23.044087+00:00,1986.9,65.18,60.4,171.04,650.72,4.531,79.68,32.66,0.392,0.1043,14.12,6.36,860.53,cruise,normal,0.0
2026-09-28T00:17:24.044087+00:00,1985.4,65.33,60.73,171.55,650.96,4.573,79.7,32.64,0.397,0.1104,14.23,6.36,860.3,cruise,normal,0.0
2026-09-28T00:17:25.044087+00:00,1986.7,65.03,60.56,172.01,647.83,4.546,79.88,32.5,0.398,0.1063,14.11,6.25,860.02,cruise,normal,0.0
2026-09-28T00:17:26.044087+00:00,1989.2,65.44,60.53,172.12,650.0,4.547,79.92,32.25,0.4,0.1035,13.96,6.28,859.84,cruise,normal,0.0
2026-09-28T00:17:27.044087+00:00,1992.3,65.41,61.38,171.45,653.89,4.581,79.67,32.22,0.4,0.0912,14.04,6.23,859.6,cruise,normal,0.0
2026-09-28T00:17:28.044087+00:00,1993.3,65.38,61.22,171.84,653.75,4.539,79.72,32.3,0.394,0.0891,13.97,6.22,859.36,cruise,normal,0.0
2026-09-28T00:17:29.044087+00:00,1990.6,65.41,61.27,171.97,653.66,4.528,79.79,31.99,0.403,0.0859,13.99,6.21,859.08,cruise,normal,0.0
2026-09-28T00:17:30.044087+00:00,1988.1,64.89,61.34,171.86,653.39,4.588,79.96,32.31,0.403,0.0918,13.95,6.14,858.86,cruise,normal,0.0
2026-09-28T00:17:31.044087+00:00,1992.5,64.94,61.19,171.87,651.83,4.583,79.76,32.17,0.399,0.091,14.08,6.08,858.7,cruise,normal,0.0
2026-09-28T00:17:32.044087+00:00,1991.2,65.16,61.14,172.44,650.58,4.57,79.76,32.26,0.394,0.0869,14.0,6.06,858.54,cruise,normal,0.0
2026-09-28T00:17:33.044087+00:00,1986.4,64.84,61.36,171.69,650.71,4.568,79.83,32.17,0.404,0.0889,14.04,6.04,858.39,cruise,normal,0.0
2026-09-28T00:17:34.044087+00:00,1986.8,65.08,61.25,171.71,651.06,4.596,79.65,32.35,0.408,0.0925,14.16,6.03,858.17,cruise,normal,0.0
2026-09-28T00:17:35.044087+00:00,1985.6,65.18,61.19,171.65,651.89,4.588,79.41,32.36,0.409,0.0975,14.19,6.04,857.9,cruise,normal,0.0
2026-09-28T00:17:36.044087+00:00,1992.7,65.44,60.91,171.46,649.74,4.595,79.2,32.26,0.412,0.0974,14.19,6.02,857.69,cruise,normal,0.0
2026-09-28T00:17:37.044087+00:00,1992.0,65.7,60.98,171.8,649.58,4.601,79.11,32.29,0.406,0.1006,14.14,6.02,857.47,cruise,normal,0.0
2026-09-28T00:17:38.044087+00:00,1992.1,65.25,61.24,171.82,649.5,4.592,79.23,32.29,0.405,0.1136,14.08,5.95,857.3,cruise,normal,0.0
2026-09-28T00:17:39.044087+00:00,1987.5,65.47,61.64,172.19,647.76,4.583,79.48,32.49,0.42,0.1079,14.16,5.88,857.06,cruise,normal,0.0
2026-09-28T00:17:40.044087+00:00,1986.1,65.06,61.97,171.9,649.17,4.531,79.42,32.53,0.416,0.0942,14.08,5.87,856.92,cruise,normal,0.0
2026-09-28T00:17:41.044087+00:00,1986.6,65.01,61.18,172.07,645.45,4.514,79.54,32.84,0.41,0.0927,14.04,5.82,856.76,cruise,normal,0.0
2026-09-28T00:17:42.044087+00:00,1982.1,65.18,60.97,171.4,643.47,4.478,79.52,32.73,0.411,0.0963,14.05,5.77,856.53,cruise,normal,0.0
2026-09-28T00:17:43.044087+00:00,1979.4,64.41,61.37,170.73,642.81,4.543,79.58,32.27,0.417,0.0958,14.07,5.7,856.42,cruise,normal,0.0
2026-09-28T00:17:44.044087+00:00,1985.1,64.55,61.38,170.19,644.74,4.54,79.53,32.58,0.397,0.1033,14.09,5.65,856.37,cruise,normal,0.0
2026-09-28T00:17:45.044087+00:00,1985.1,64.83,61.23,169.42,643.76,4.525,79.39,32.67,0.405,0.0948,14.08,5.66,856.22,cruise,normal,0.0
2026-09-28T00:17:46.044087+00:00,1985.1,65.07,61.25,168.97,639.67,4.517,79.11,32.84,0.401,0.0953,14.03,5.6,856.14,cruise,normal,0.0
2026-09-28T00:17:47.044087+00:00,1991.2,65.49,61.09,168.68,640.77,4.477,79.32,32.6,0.41,0.0912,14.02,5.61,855.99,cruise,normal,0.0
2026-09-28T00:17:48.044087+00:00,1990.1,65.69,61.4,169.07,641.83,4.492,79.32,32.56,0.422,0.1014,14.07,5.54,855.82,cruise,normal,0.0
2026-09-28T00:17:49.044087+00:00,1985.9,65.43,61.89,168.9,638.44,4.534,79.2,32.69,0.419,0.102,14.05,5.57,855.66,cruise,normal,0.0
2026-09-28T00:17:50.044087+00:00,1983.5,65.45,61.62,169.14,639.56,4.529,79.18,32.74,0.41,0.0978,14.04,5.49,855.57,cruise,normal,0.0
2026-09-28T00:17:51.044087+00:00,1980.3,64.77,61.93,169.4,642.25,4.509,78.98,32.5,0.424,0.1124,13.97,5.38,855.43,cruise,normal,0.0
2026-09-28T00:17:52.044087+00:00,1976.8,64.81,61.94,169.56,640.42,4.487,79.17,32.5,0.423,0.1095,13.99,5.45,855.24,cruise,normal,0.0
2026-09-28T00:17:53.044087+00:00,1981.5,65.13,60.68,169.15,640.21,4.525,79.09,32.54,0.423,0.1075,14.01,5.51,855.16,cruise,normal,0.0
2026-09-28T00:17:54.044087+00:00,1983.3,65.36,60.88,169.46,637.86,4.547,79.12,32.45,0.417,0.1111,14.0,5.47,854.96,cruise,normal,0.0
2026-09-28T00:17:55.044087+00:00,1977.9,65.63,60.59,169.79,636.02,4.584,79.1,32.18,0.404,0.1043,14.02,5.54,854.71,cruise,normal,0.0
2026-09-28T00:17:56.044087+00:00,1984.8,65.16,60.77,169.34,637.32,4.602,79.22,31.96,0.39,0.1025,14.05,5.56,854.54,cruise,misfire,0.011
2026-09-28T00:17:57.044087+00:00,1977.5,65.01,61.18,169.23,636.56,4.595,79.04,32.18,0.404,0.1095,14.03,5.53,854.43,cruise,misfire,0.022
2026-09-28T00:17:58.044087+00:00,1975.7,64.76,61.1,169.89,637.82,4.577,79.24,32.23,0.42,0.1119,14.06,5.51,854.23,cruise,misfire,0.033
2026-09-28T00:17:59.044087+00:00,1977.4,64.54,60.85,169.62,639.09,4.576,79.14,32.16,0.41,0.1174,13.99,5.49,854.05,cruise,misfire,0.044
2026-09-28T00:18:00.044087+00:00,1975.3,64.59,60.59,169.38,638.27,4.538,79.02,31.92,0.436,0.1263,13.99,5.44,854.0,cruise,misfire,0.056
2026-09-28T00:18:01.044087+00:00,1970.6,64.41,60.66,169.2,637.77,4.488,79.0,32.15,0.433,0.1295,14.04,5.45,853.84,cruise,misfire,0.067
2026-09-28T00:18:02.044087+00:00,1970.8,64.14,60.48,170.12,635.81,4.499,78.96,32.18,0.422,0.1334,14.02,5.44,853.67,cruise,misfire,0.078
2026-09-28T00:18:03.044087+00:00,1962.6,64.15,59.34,169.89,636.14,4.49,79.0,32.1,0.407,0.127,13.97,5.4,853.59,cruise,misfire,0.089
2026-09-28T00:18:04.044087+00:00,1955.4,64.07,58.1,169.83,634.26,4.464,78.85,31.63,0.414,0.1264,13.89,5.32,853.56,cruise,misfire,0.1
2026-09-28T00:18:05.044087+00:00,1952.2,63.73,57.74,169.81,633.97,4.531,78.99,31.81,0.42,0.123,13.98,5.28,853.44,cruise,misfire,0.111
2026-09-28T00:18:06.044087+00:00,1949.2,62.72,57.41,170.05,629.77,4.541,78.87,31.7,0.41,0.1271,14.01,5.32,853.34,cruise,misfire,0.122
2026-09-28T00:18:07.044087+00:00,1946.9,62.05,57.27,170.99,629.73,4.562,79.05,31.12,0.404,0.1259,13.94,5.47,853.17,cruise,misfire,0.133
2026-09-28T00:18:08.044087+00:00,1943.8,61.38,56.5,170.37,625.85,4.517,79.14,30.91,0.418,0.1306,13.97,5.48,853.06,cruise,misfire,0.144
2026-09-28T00:18:09.044087+00:00,1940.5,61.89,56.77,170.41,624.68,4.474,79.04,30.89,0.41,0.1344,14.04,5.45,852.83,cruise,misfire,0.156
2026-09-28T00:18:10.044087+00:00,1937.4,61.87,56.29,170.78,622.33,4.448,78.88,30.9,0.416,0.132,14.04,5.36,852.69,cruise,misfire,0.167
2026-09-28T00:18:11.044087+00:00,1942.6,62.02,56.12,170.64,625.65,4.499,79.03,30.86,0.406,0.1365,14.13,5.38,852.53,cruise,misfire,0.178
2026-09-28T00:18:12.044087+00:00,1944.4,62.12,56.27,170.95,624.18,4.477,78.86,30.89,0.421,0.1404,14.1,5.35,852.55,cruise,misfire,0.189
2026-09-28T00:18:13.044087+00:00,1946.4,62.75,56.1,171.04,622.15,4.481,78.48,30.93,0.425,0.1388,14.06,5.38,852.46,cruise,misfire,0.2
2026-09-28T00:18:14.044087+00:00,1946.5,63.19,56.68,171.14,619.94,4.513,78.31,30.83,0.41,0.1435,13.95,5.4,852.38,cruise,misfire,0.211
2026-09-28T00:18:15.044087+00:00,1952.8,63.09,56.04,171.21,616.74,4.533,78.43,30.7,0.421,0.1452,13.95,5.34,852.22,cruise,misfire,0.222
2026-09-28T00:18:16.044087+00:00,1953.9,63.65,56.42,171.15,613.97,4.552,78.61,30.37,0.429,0.1493,14.02,5.35,852.12,cruise,misfire,0.233
2026-09-28T00:18:17.044087+00:00,1960.4,64.45,56.08,170.71,614.37,4.502,78.66,30.07,0.423,0.1474,14.08,5.3,852.0,cruise,misfire,0.244
2026-09-28T00:18:18.044087+00:00,1963.8,64.44,56.19,170.38,614.03,4.534,78.7,29.94,0.427,0.1461,14.15,5.39,851.74,cruise,misfire,0.256
2026-09-28T00:18:19.044087+00:00,1959.2,65.06,56.41,170.17,612.85,4.58,78.63,30.27,0.418,0.1426,14.14,5.3,851.7,cruise,misfire,0.267
2026-09-28T00:18:20.044087+00:00,1958.4,64.35,56.51,170.23,612.07,4.603,78.46,30.38,0.415,0.1476,14.13,5.35,851.5,cruise,misfire,0.278
2026-09-28T00:18:21.044087+00:00,1959.9,63.71,57.21,169.4,615.48,4.59,78.31,30.83,0.431,0.1587,14.16,5.38,851.38,cruise,misfire,0.289
2026-09-28T00:18:22.044087+00:00,1953.4,63.26,56.63,169.7,612.42,4.529,78.59,30.55,0.428,0.164,14.18,5.41,851.26,cruise,misfire,0.3
2026-09-28T00:18:23.044087+00:00,1940.3,62.04,55.83,169.71,608.16,4.499,78.45,30.15,0.421,0.1656,14.17,5.41,851.2,cruise,misfire,0.311
2026-09-28T00:18:24.044087+00:00,1890.9,61.22,55.51,168.79,607.22,4.458,78.44,29.99,0.416,0.1515,14.14,5.43,851.12,cruise,misfire,0.322
2026-09-28T00:18:25.044087+00:00,1886.2,60.36,54.53,168.88,605.44,4.438,78.7,29.77,0.424,0.1466,14.13,5.43,851.0,cruise,misfire,0.333
2026-09-28T00:18:26.044087+00:00,1879.7,60.03,53.67,168.52,605.51,4.43,78.49,29.75,0.419,0.1569,14.16,5.44,850.93,cruise,misfire,0.344
2026-09-28T00:18:27.044087+00:00,1863.7,58.86,52.3,168.61,601.77,4.421,78.16,29.47,0.42,0.1596,14.16,5.38,850.83,cruise,misfire,0.356
2026-09-28T00:18:28.044087+00:00,1848.7,58.05,50.84,168.41,602.33,4.38,78.16,28.95,0.427,0.1607,14.11,5.39,850.73,cruise,misfire,0.367
2026-09-28T00:18:29.044087+00:00,1839.8,56.98,50.61,168.34,602.4,4.404,78.08,28.64,0.414,0.1655,14.1,5.39,850.69,cruise,misfire,0.378
2026-09-28T00:18:30.044087+00:00,1836.3,57.0,50.18,168.74,603.84,4.352,77.63,28.46,0.399,0.1681,14.11,5.38,850.57,cruise,misfire,0.389
2026-09-28T00:18:31.044087+00:00,1835.1,57.33,49.47,168.6,604.57,4.331,77.61,27.71,0.403,0.1572,14.16,5.41,850.48,cruise,misfire,0.4
2026-09-28T00:18:32.044087+00:00,1834.7,57.42,48.86,168.71,605.07,4.379,77.59,27.69,0.401,0.1602,14.1,5.43,850.45,cruise,misfire,0.411
2026-09-28T00:18:33.044087+00:00,1840.2,58.55,49.5,168.4,603.57,4.392,77.78,27.45,0.374,0.1728,14.09,5.47,850.34,cruise,misfire,0.422
2026-09-28T00:18:34.044087+00:00,1849.0,59.4,49.46,167.97,607.51,4.385,77.52,27.28,0.386,0.1821,14.07,5.49,850.34,cruise,misfire,0.433
2026-09-28T00:18:35.044087+00:00,1861.8,60.21,49.58,167.72,605.34,4.382,77.64,27.28,0.393,0.1875,14.05,5.52,850.27,cruise,misfire,0.444
2026-09-28T00:18:36.044087+00:00,1879.6,61.89,50.04,167.42,603.62,4.419,77.65,27.13,0.412,0.1827,14.02,5.54,850.23,cruise,misfire,0.456
2026-09-28T00:18:37.044087+00:00,1897.5,62.85,50.29,167.72,601.79,4.448,77.53,27.46,0.408,0.1858,13.97,5.47,850.12,cruise,misfire,0.467
2026-09-28T00:18:38.044087+00:00,1910.5,63.4,50.9,168.14,599.34,4.457,77.34,27.41,0.412,0.1939,14.01,5.47,850.01,cruise,misfire,0.478
2026-09-28T00:18:39.044087+00:00,1925.6,64.33,51.69,168.34,596.8,4.465,77.27,27.45,0.409,0.1937,14.07,5.47,849.99,cruise,misfire,0.489
2026-09-28T00:18:40.044087+00:00,1938.4,63.96,52.0,168.07,598.02,4.484,77.22,27.7,0.394,0.1936,14.06,5.4,849.91,cruise,misfire,0.5
2026-09-28T00:18:41.044087+00:00,1946.3,64.12,51.95,168.24,597.0,4.447,77.19,27.92,0.399,0.194,14.05,5.36,849.75,cruise,misfire,0.511
2026-09-28T00:18:42.044087+00:00,1947.1,63.66,51.97,167.14,598.84,4.41,77.29,27.7,0.397,0.1897,13.97,5.31,849.71,cruise,misfire,0.522
2026-09-28T00:18:43.044087+00:00,1938.0,62.67,51.67,166.48,595.48,4.392,77.28,27.41,0.387,0.1918,13.94,5.29,849.61,cruise,misfire,0.533
2026-09-28T00:18:44.044087+00:00,1922.5,61.92,51.25,166.14,596.36,4.383,77.42,28.02,0.4,0.2,13.97,5.3,849.54,cruise,misfire,0.544
2026-09-28T00:18:45.044087+00:00,1902.2,60.38,50.54,165.61,596.83,4.366,77.47,28.2,0.394,0.2085,14.01,5.25,849.47,cruise,misfire,0.556
2026-09-28T00:18:46.044087+00:00,1879.0,58.5,50.06,165.17,592.1,4.35,77.67,27.9,0.397,0.2009,14.14,5.22,849.37,cruise,misfire,0.567
2026-09-28T00:18:47.044087+00:00,1857.2,56.64,49.75,165.6,586.26,4.406,77.68,27.71,0.399,0.1973,14.15,5.23,849.32,cruise,misfire,0.578
2026-09-28T00:18:48.044087+00:00,1830.0,55.05,48.96,166.05,585.25,4.354,77.42,27.68,0.396,0.1971,14.08,5.26,849.34,cruise,misfire,0.589
2026-09-28T00:18:49.044087+00:00,1803.3,54.13,48.02,166.5,582.94,4.302,77.3,27.24,0.394,0.1955,14.12,5.25,849.31,cruise,misfire,0.6
2026-09-28T00:18:50.044087+00:00,1776.8,52.35,45.72,166.02,577.82,4.252,77.36,26.58,0.398,0.1923,14.06,5.26,849.23,cruise,misfire,0.611
2026-09-28T00:18:51.044087+00:00,1759.8,51.91,44.73,166.02,574.86,4.229,77.52,26.29,0.419,0.1905,14.06,5.34,849.21,cruise,misfire,0.622
2026-09-28T00:18:52.044087+00:00,1753.5,52.23,43.34,165.41,571.38,4.235,77.7,25.96,0.418,0.1984,14.04,5.37,849.22,cruise,misfire,0.633
2026-09-28T00:18:53.044087+00:00,1748.4,52.64,43.0,164.31,565.91,4.223,77.39,25.58,0.43,0.197,14.02,5.41,849.21,cruise,misfire,0.644
2026-09-28T00:18:54.044087+00:00,1689.1,52.72,42.92,164.42,562.39,4.195,77.39,24.93,0.415,0.1955,14.05,5.36,849.21,cruise,misfire,0.656
2026-09-28T00:18:55.044087+00:00,1638.0,54.46,43.11,163.76,559.55,4.201,77.16,24.89,0.402,0.193,14.02,5.39,849.09,cruise,misfire,0.667
2026-09-28T00:18:56.044087+00:00,1689.2,55.92,43.21,163.64,559.85,4.224,77.16,25.04,0.387,0.1808,13.97,5.41,849.01,cruise,misfire,0.678
2026-09-28T00:18:57.044087+00:00,1732.1,58.02,43.25,163.93,557.75,4.181,77.24,24.73,0.394,0.1898,13.99,5.41,848.97,cruise,misfire,0.689
2026-09-28T00:18:58.044087+00:00,1773.3,59.94,43.03,163.8,554.19,4.156,77.1,24.59,0.411,0.194,14.01,5.39,848.89,cruise,misfire,0.7
2026-09-28T00:18:59.044087+00:00,1809.9,61.71,44.18,164.28,553.41,4.186,77.2,24.57,0.422,0.1987,13.99,5.48,848.94,cruise,misfire,0.711
2026-09-28T00:19:00.044087+00:00,1845.2,62.56,44.94,164.0,555.31,4.217,76.87,24.71,0.416,0.2054,14.05,5.52,848.89,cruise,misfire,0.722
2026-09-28T00:19:01.044087+00:00,1876.0,63.42,46.49,163.28,558.09,4.209,76.68,24.87,0.401,0.2199,14.01,5.58,848.85,cruise,misfire,0.733
2026-09-28T00:19:02.044087+00:00,1898.4,64.08,46.4,163.72,554.22,4.262,76.46,24.94,0.398,0.2258,14.07,5.61,848.78,cruise,misfire,0.744
2026-09-28T00:19:03.044087+00:00,1905.0,63.98,46.88,164.06,553.47,4.277,76.56,25.14,0.392,0.2191,14.1,5.63,848.72,cruise,misfire,0.756
2026-09-28T00:19:04.044087+00:00,1907.6,62.94,47.14,162.89,555.16,4.319,76.24,25.46,0.401,0.2274,14.08,5.65,848.61,cruise,misfire,0.767
2026-09-28T00:19:05.044087+00:00,1812.1,61.68,47.17,163.15,557.51,4.328,76.38,25.71,0.415,0.2318,14.12,5.63,848.66,cruise,misfire,0.778
2026-09-28T00:19:06.044087+00:00,1730.7,59.83,46.9,163.23,556.68,4.255,76.31,25.77,0.411,0.2265,14.12,5.58,848.61,cruise,misfire,0.789
2026-09-28T00:19:07.044087+00:00,1744.0,57.98,46.05,163.35,557.66,4.202,76.15,25.92,0.379,0.2323,14.08,5.51,848.48,cruise,misfire,0.8
2026-09-28T00:19:08.044087+00:00,1660.8,55.65,44.21,163.27,555.42,4.155,76.0,25.71,0.403,0.2434,14.09,5.52,848.45,cruise,misfire,0.811
2026-09-28T00:19:09.044087+00:00,1588.5,52.61,42.26,162.86,552.32,4.126,76.08,25.03,0.408,0.2453,14.02,5.53,848.46,cruise,misfire,0.822
2026-09-28T00:19:10.044087+00:00,1599.0,50.67,40.64,162.02,552.67,4.1,76.13,24.49,0.38,0.2414,14.06,5.56,848.42,cruise,misfire,0.833
2026-09-28T00:19:11.044087+00:00,1598.9,48.3,39.59,161.64,548.39,4.031,76.02,24.16,0.388,0.2457,14.04,5.5,848.4,cruise,misfire,0.844
2026-09-28T00:19:12.044087+00:00,1506.1,47.47,37.52,161.49,546.79,3.992,76.07,23.08,0.379,0.2454,14.01,5.46,848.37,cruise,misfire,0.856
2026-09-28T00:19:13.044087+00:00,1524.0,47.03,37.14,161.07,543.17,3.947,76.13,22.6,0.398,0.238,13.96,5.53,848.24,cruise,misfire,0.867
2026-09-28T00:19:14.044087+00:00,1545.6,46.54,36.75,161.03,540.1,3.923,76.01,22.43,0.409,0.2523,13.92,5.57,848.15,cruise,misfire,0.878
2026-09-28T00:19:15.044087+00:00,1567.9,47.62,35.86,160.79,538.98,3.9,75.94,22.24,0.381,0.2473,13.87,5.53,848.15,cruise,misfire,0.889
2026-09-28T00:19:16.044087+00:00,1590.7,48.3,35.26,160.85,536.55,3.894,75.7,21.78,0.381,0.2479,13.94,5.55,848.14,cruise,misfire,0.9
2026-09-28T00:19:17.044087+00:00,1624.5,49.97,36.22,160.37,535.15,3.931,75.73,21.36,0.406,0.2518,14.03,5.62,848.09,cruise,misfire,0.911
2026-09-28T00:19:18.044087+00:00,1666.3,52.05,36.54,160.11,530.32,3.926,75.75,21.63,0.41,0.257,13.99,5.62,848.11,cruise,misfire,0.922
2026-09-28T00:19:19.044087+00:00,1706.9,54.3,37.93,160.26,527.92,3.935,75.57,21.74,0.396,0.2529,14.02,5.65,848.1,cruise,misfire,0.933
2026-09-28T00:19:20.044087+00:00,1752.0,56.43,39.36,159.65,522.45,3.99,75.74,22.13,0.397,0.2452,14.12,5.61,848.02,cruise,misfire,0.944
2026-09-28T00:19:21.044087+00:00,1791.7,58.89,40.75,158.79,522.85,4.051,75.51,22.47,0.392,0.2482,14.12,5.6,848.01,cruise,misfire,0.956
2026-09-28T00:19:22.044087+00:00,1828.3,61.34,41.21,158.54,522.35,4.135,75.43,22.83,0.386,0.2484,14.15,5.55,847.95,cruise,misfire,0.967
2026-09-28T00:19:23.044087+00:00,1863.2,62.89,41.88,158.23,518.7,4.217,75.43,23.32,0.388,0.2435,14.04,5.59,847.9,cruise,misfire,0.978
2026-09-28T00:19:24.044087+00:00,1886.3,63.65,42.13,158.72,518.06,4.284,75.38,23.33,0.401,0.2391,14.12,5.64,847.93,cruise,misfire,0.989
2026-09-28T00:19:25.044087+00:00,1905.5,63.53,42.86,158.81,512.73,4.299,75.09,23.49,0.402,0.246,14.09,5.58,847.92,cruise,misfire,1.0
2026-09-28T00:19:26.044087+00:00,1790.3,62.19,42.43,158.49,511.89,4.323,75.16,23.75,0.395,0.256,13.98,5.51,847.85,cruise,misfire,1.0
2026-09-28T00:19:27.044087+00:00,1806.7,60.77,42.69,158.59,508.93,4.311,75.14,24.02,0.398,0.2556,14.0,5.62,847.83,cruise,misfire,1.0
2026-09-28T00:19:28.044087+00:00,1802.9,58.96,42.38,158.33,503.86,4.309,75.09,24.16,0.387,0.2654,14.09,5.58,847.81,cruise,misfire,1.0
2026-09-28T00:19:29.044087+00:00,1784.3,56.49,41.67,158.44,501.98,4.274,75.27,24.08,0.414,0.2764,14.03,5.56,847.77,cruise,misfire,1.0
2026-09-28T00:19:30.044087+00:00,1755.2,53.57,40.98,158.11,500.12,4.341,75.31,23.78,0.412,0.2712,14.08,5.56,847.7,cruise,misfire,1.0
2026-09-28T00:19:31.044087+00:00,1719.9,50.66,39.49,157.96,500.16,4.255,75.43,23.55,0.399,0.2703,14.08,5.6,847.75,cruise,misfire,1.0
2026-09-28T00:19:32.044087+00:00,1683.5,47.95,38.3,157.55,495.23,4.184,75.44,23.06,0.41,0.2671,14.14,5.66,847.71,cruise,misfire,1.0
2026-09-28T00:19:33.044087+00:00,1648.8,45.36,37.02,157.14,493.56,4.077,75.31,22.87,0.413,0.2699,14.16,5.63,847.63,cruise,misfire,1.0
2026-09-28T00:19:34.044087+00:00,1619.5,44.62,36.06,157.49,490.61,4.048,75.06,22.2,0.414,0.2751,14.17,5.65,847.55,cruise,misfire,1.0
2026-09-28T00:19:35.044087+00:00,1602.0,43.93,35.68,157.02,490.06,3.968,74.96,21.82,0.415,0.275,14.14,5.53,847.55,cruise,misfire,1.0
2026-09-28T00:19:36.044087+00:00,1589.2,43.96,34.94,156.61,489.25,3.986,74.8,21.55,0.418,0.2789,14.1,5.47,847.51,cruise,misfire,1.0
2026-09-28T00:19:37.044087+00:00,1583.6,44.94,33.84,156.27,489.31,3.965,74.79,21.02,0.406,0.2804,14.1,5.43,847.5,cruise,misfire,1.0
2026-09-28T00:19:38.044087+00:00,1594.2,45.92,33.01,155.85,486.48,3.999,74.88,20.77,0.399,0.28,14.05,5.41,847.5,cruise,misfire,1.0
2026-09-28T00:19:39.044087+00:00,1624.0,48.42,33.39,155.35,485.18,3.965,74.83,20.49,0.387,0.2832,14.03,5.35,847.46,cruise,misfire,1.0
2026-09-28T00:19:40.044087+00:00,1661.0,51.24,33.76,155.44,483.16,3.98,74.52,20.3,0.377,0.2763,14.05,5.32,847.47,cruise,misfire,1.0
2026-09-28T00:19:41.044087+00:00,1700.2,54.13,35.98,155.26,483.31,4.002,74.54,20.53,0.373,0.2787,14.09,5.33,847.5,cruise,misfire,1.0
2026-09-28T00:19:42.044087+00:00,1636.8,56.71,36.9,154.99,484.92,3.978,74.46,20.46,0.361,0.2831,13.99,5.3,847.51,cruise,misfire,1.0
2026-09-28T00:19:43.044087+00:00,1699.2,60.07,38.12,154.73,491.04,4.028,74.48,21.21,0.378,0.2794,13.92,5.35,847.42,cruise,misfire,1.0
2026-09-28T00:19:44.044087+00:00,1652.8,62.05,39.09,154.54,492.85,3.976,74.6,21.47,0.398,0.2851,13.92,5.39,847.42,cruise,misfire,1.0
2026-09-28T00:19:45.044087+00:00,1724.5,63.54,40.38,153.99,495.12,3.985,74.51,22.01,0.401,0.2903,14.0,5.38,847.38,cruise,misfire,1.0
2026-09-28T00:19:46.044087+00:00,1782.5,64.43,41.07,153.46,496.72,4.043,74.52,22.41,0.394,0.275,13.95,5.41,847.28,cruise,misfire,1.0
2026-09-28T00:19:47.044087+00:00,1814.5,64.11,42.14,152.87,500.46,4.093,74.44,22.74,0.411,0.2787,13.99,5.4,847.21,cruise,misfire,1.0
2026-09-28T00:19:48.044087+00:00,1835.9,63.21,43.14,152.73,505.45,4.127,74.29,23.08,0.399,0.2712,13.95,5.38,847.16,cruise,misfire,1.0
2026-09-28T00:19:49.044087+00:00,1841.6,62.04,43.37,151.98,508.65,4.114,74.48,23.48,0.402,0.2702,13.99,5.36,847.09,cruise,misfire,1.0
2026-09-28T00:19:50.044087+00:00,1832.3,59.34,43.31,151.62,512.1,4.153,74.42,23.68,0.388,0.2724,14.01,5.34,847.11,cruise,misfire,1.0
2026-09-28T00:19:51.044087+00:00,1810.2,56.42,42.44,151.61,514.35,4.153,74.24,23.7,0.378,0.2802,14.02,5.32,847.14,cruise,misfire,1.0
2026-09-28T00:19:52.044087+00:00,1776.4,53.94,40.53,151.09,514.87,4.096,74.26,23.53,0.387,0.2662,14.03,5.3,847.12,cruise,misfire,1.0
2026-09-28T00:19:53.044087+00:00,1733.3,51.63,39.11,151.86,516.52,4.114,74.2,22.91,0.385,0.269,14.06,5.29,847.07,cruise,misfire,1.0
2026-09-28T00:19:54.044087+00:00,1694.4,48.76,38.3,151.43,512.34,4.136,74.05,22.59,0.398,0.2665,13.99,5.33,847.07,cruise,misfire,1.0
2026-09-28T00:19:55.044087+00:00,1655.4,46.82,37.23,151.09,511.95,4.137,73.69,22.06,0.387,0.2707,14.06,5.35,847.06,cruise,misfire,1.0
2026-09-28T00:19:56.044087+00:00,1622.9,45.18,36.43,151.21,507.96,4.04,73.66,21.8,0.384,0.2727,14.08,5.29,847.01,cruise,misfire,1.0
2026-09-28T00:19:57.044087+00:00,1601.8,43.9,36.35,151.29,505.23,3.996,73.66,21.33,0.382,0.2733,14.06,5.22,847.04,cruise,misfire,1.0
2026-09-28T00:19:58.044087+00:00,1590.0,43.73,35.56,150.15,503.62,4.011,73.42,21.19,0.392,0.2677,14.0,5.28,846.98,cruise,misfire,1.0
2026-09-28T00:19:59.044087+00:00,1586.6,44.65,35.06,148.92,499.3,3.984,73.35,20.97,0.378,0.2805,13.98,5.23,846.94,cruise,misfire,1.0
2026-09-28T00:20:00.044087+00:00,1598.7,46.04,34.99,148.24,499.95,3.952,73.27,20.82,0.389,0.2822,13.94,5.25,846.96,cruise,misfire,1.0
2026-09-28T00:20:01.044087+00:00,1527.6,48.31,35.4,148.27,497.34,3.964,73.29,21.03,0.381,0.2755,13.95,5.21,846.91,cruise,misfire,1.0
2026-09-28T00:20:02.044087+00:00,1581.9,51.63,35.56,148.5,495.59,4.017,73.5,20.75,0.368,0.2625,14.07,5.14,846.84,cruise,misfire,1.0
2026-09-28T00:20:03.044087+00:00,1641.5,54.7,35.8,147.71,494.06,4.03,73.33,20.94,0.376,0.2696,13.96,5.18,846.8,cruise,misfire,1.0
2026-09-28T00:20:04.044087+00:00,1698.3,57.0,37.12,147.67,490.16,4.009,73.2,21.41,0.375,0.2697,14.04,5.19,846.71,cruise,misfire,1.0
2026-09-28T00:20:05.044087+00:00,1752.1,59.64,38.3,147.66,487.96,4.035,73.22,21.95,0.39,0.2639,14.01,5.24,846.68,cruise,misfire,1.0
2026-09-28T00:20:06.044087+00:00,1800.7,61.31,39.6,147.57,485.17,4.041,73.11,22.2,0.397,0.2759,13.92,5.28,846.61,cruise,misfire,1.0
2026-09-28T00:20:07.044087+00:00,1838.0,62.49,40.39,148.05,486.92,4.115,73.12,22.64,0.369,0.2847,14.1,5.25,846.63,cruise,misfire,1.0
2026-09-28T00:20:08.044087+00:00,1866.3,63.47,40.89,148.21,486.87,4.169,73.29,22.9,0.388,0.2855,14.01,5.23,846.53,cruise,misfire,1.0
2026-09-28T00:20:09.044087+00:00,1886.8,63.21,42.4,148.66,489.86,4.207,73.2,23.46,0.379,0.292,13.98,5.21,846.56,cruise,misfire,1.0
2026-09-28T00:20:10.044087+00:00,1885.3,62.53,42.66,148.35,489.97,4.236,73.3,23.36,0.367,0.2827,14.04,5.25,846.5,cruise,misfire,1.0
2026-09-28T00:20:11.044087+00:00,1877.6,60.94,42.55,148.56,487.98,4.298,73.21,23.69,0.381,0.2698,14.02,5.24,846.36,cruise,misfire,1.0
2026-09-28T00:20:12.044087+00:00,1859.8,58.57,43.1,148.81,487.72,4.38,73.1,23.95,0.4,0.2719,14.1,5.31,846.4,cruise,misfire,1.0
2026-09-28T00:20:13.044087+00:00,1829.9,56.72,42.54,148.63,483.49,4.384,73.16,24.01,0.392,0.2624,14.19,5.28,846.36,cruise,misfire,1.0
2026-09-28T00:20:14.044087+00:00,1683.1,53.8,40.67,148.47,484.21,4.336,72.9,23.75,0.402,0.2693,14.08,5.25,846.36,cruise,misfire,1.0
2026-09-28T00:20:15.044087+00:00,1669.3,50.64,39.39,149.13,485.0,4.302,72.79,23.64,0.387,0.2815,14.08,5.27,846.37,cruise,misfire,1.0
2026-09-28T00:20:16.044087+00:00,1545.4,47.96,38.22,148.91,487.85,4.172,72.82,22.99,0.381,0.28,14.04,5.24,846.35,cruise,misfire,1.0
2026-09-28T00:20:17.044087+00:00,1543.7,45.9,36.48,148.46,486.79,4.108,72.83,22.23,0.388,0.2825,13.98,5.26,846.33,cruise,misfire,1.0
2026-09-28T00:20:18.044087+00:00,1446.0,44.75,34.54,148.74,487.08,4.013,72.73,21.69,0.39,0.2832,13.96,5.24,846.3,cruise,misfire,1.0
2026-09-28T00:20:19.044087+00:00,1467.3,43.48,34.63,148.71,486.75,3.958,72.8,21.54,0.39,0.2703,13.95,5.29,846.39,cruise,misfire,1.0
2026-09-28T00:20:20.044087+00:00,1490.7,43.38,33.29,148.61,488.6,3.891,72.68,21.24,0.392,0.2771,13.99,5.21,846.39,cruise,misfire,1.0
2026-09-28T00:20:21.044087+00:00,1511.5,43.86,32.89,149.14,488.03,3.872,72.44,21.14,0.386,0.2763,13.95,5.18,846.36,cruise,misfire,1.0
2026-09-28T00:20:22.044087+00:00,1450.3,45.43,32.69,149.07,491.27,3.817,72.26,20.39,0.38,0.2714,14.03,5.22,846.33,cruise,misfire,1.0
2026-09-28T00:20:23.044087+00:00,1418.0,47.88,32.35,148.71,492.35,3.818,72.17,19.93,0.386,0.281,13.99,5.23,846.37,cruise,misfire,1.0
2026-09-28T00:20:24.044087+00:00,1406.8,50.38,32.87,148.89,492.4,3.759,72.2,19.85,0.395,0.2763,14.04,5.23,846.3,cruise,misfire,1.0
2026-09-28T00:20:25.044087+00:00,1501.0,54.06,34.35,148.94,491.77,3.718,72.49,20.12,0.384,0.2743,14.05,5.21,846.29,cruise,misfire,1.0
2026-09-28T00:20:26.044087+00:00,1585.4,56.18,36.0,148.62,492.54,3.795,72.6,20.51,0.367,0.2712,14.03,5.2,846.26,cruise,misfire,1.0
2026-09-28T00:20:27.044087+00:00,1661.6,59.65,36.51,148.65,493.41,3.827,72.65,20.94,0.377,0.2652,13.99,5.19,846.36,cruise,misfire,1.0
2026-09-28T00:20:28.044087+00:00,1730.1,61.65,37.04,148.55,494.16,3.871,72.59,21.11,0.376,0.2634,14.04,5.18,846.4,cruise,misfire,1.0
2026-09-28T00:20:29.044087+00:00,1783.3,63.03,38.98,148.64,494.49,3.938,72.71,21.29,0.388,0.2656,14.01,5.08,846.38,cruise,misfire,1.0
2026-09-28T00:20:30.044087+00:00,1823.4,63.29,40.59,148.5,497.89,4.006,72.75,22.07,0.406,0.2633,14.1,5.06,846.42,cruise,misfire,1.0
2026-09-28T00:20:31.044087+00:00,1852.4,63.2,40.85,148.13,498.84,4.076,72.91,22.48,0.405,0.264,14.11,5.09,846.43,cruise,misfire,1.0
2026-09-28T00:20:32.044087+00:00,1868.9,62.04,41.93,147.71,500.32,4.099,72.78,22.87,0.421,0.2699,14.1,5.13,846.44,cruise,misfire,1.0
2026-09-28T00:20:33.044087+00:00,1867.4,60.5,42.51,147.7,503.43,4.175,72.79,22.89,0.401,0.2721,14.04,5.18,846.39,cruise,misfire,1.0
2026-09-28T00:20:34.044087+00:00,1855.8,58.24,42.04,148.12,502.35,4.215,73.02,23.2,0.391,0.2724,14.11,5.16,846.39,cruise,misfire,1.0
2026-09-28T00:20:35.044087+00:00,1823.6,56.33,41.25,147.36,501.7,4.236,73.0,23.29,0.396,0.2725,14.1,5.13,846.43,cruise,misfire,1.0
2026-09-28T00:20:36.044087+00:00,1788.4,53.88,39.96,146.95,499.99,4.202,73.2,23.4,0.412,0.2745,14.12,5.18,846.37,cruise,misfire,1.0
2026-09-28T00:20:37.044087+00:00,1748.3,51.39,39.09,147.14,499.14,4.182,73.29,23.25,0.412,0.2732,14.09,5.23,846.34,cruise,misfire,1.0
2026-09-28T00:20:38.044087+00:00,1701.0,48.73,37.47,146.73,498.73,4.182,73.17,22.58,0.418,0.2767,14.1,5.27,846.33,cruise,misfire,1.0
2026-09-28T00:20:39.044087+00:00,1660.3,46.83,36.62,146.29,498.52,4.165,73.54,22.09,0.408,0.2792,14.08,5.2,846.32,cruise,misfire,1.0
2026-09-28T00:20:40.044087+00:00,1623.7,45.04,35.34,146.39,494.34,4.13,73.57,21.63,0.393,0.2636,14.09,5.3,846.33,cruise,misfire,1.0
2026-09-28T00:20:41.044087+00:00,1605.7,44.01,34.95,146.8,491.58,4.115,73.48,20.99,0.386,0.2603,14.05,5.27,846.31,cruise,misfire,1.0
2026-09-28T00:20:42.044087+00:00,1600.2,44.02,35.06,146.88,489.6,4.082,73.31,20.62,0.372,0.262,14.09,5.18,846.34,cruise,misfire,1.0
2026-09-28T00:20:43.044087+00:00,1595.2,44.8,34.1,147.15,485.54,4.116,73.26,20.59,0.403,0.2737,14.12,5.19,846.32,cruise,misfire,1.0
2026-09-28T00:20:44.044087+00:00,1608.3,46.47,33.79,146.19,483.62,4.117,73.37,20.29,0.408,0.272,14.04,5.25,846.28,cruise,misfire,1.0
2026-09-28T00:20:45.044087+00:00,1624.3,48.47,34.29,146.17,477.75,4.108,73.51,20.42,0.407,0.2803,13.98,5.28,846.25,cruise,misfire,1.0
2026-09-28T00:20:46.044087+00:00,1653.4,51.68,35.28,145.8,473.75,4.09,73.51,20.71,0.396,0.2829,14.01,5.22,846.28,cruise,misfire,1.0
2026-09-28T00:20:47.044087+00:00,1594.1,54.21,35.54,145.74,469.88,4.03,73.27,20.69,0.396,0.2892,13.99,5.19,846.33,cruise,misfire,1.0
2026-09-28T00:20:48.044087+00:00,1661.4,56.73,37.29,145.16,469.62,3.995,73.12,20.87,0.405,0.2918,14.02,5.28,846.31,cruise,misfire,1.0
2026-09-28T00:20:49.044087+00:00,1717.1,58.69,37.97,145.87,468.85,4.035,73.24,21.2,0.409,0.2836,13.94,5.33,846.34,cruise,misfire,1.0
2026-09-28T00:20:50.044087+00:00,1775.1,61.37,38.8,145.62,468.69,4.046,73.32,21.62,0.396,0.2842,14.09,5.34,846.32,cruise,misfire,1.0
2026-09-28T00:20:51.044087+00:00,1820.3,62.51,40.01,145.33,472.39,4.114,73.22,21.89,0.422,0.2795,14.06,5.27,846.24,cruise,misfire,1.0
2026-09-28T00:20:52.044087+00:00,1857.3,63.97,41.15,144.96,473.37,4.148,73.38,22.42,0.413,0.2766,14.08,5.36,846.27,cruise,misfire,1.0
2026-09-28T00:20:53.044087+00:00,1873.3,63.98,41.8,145.09,475.77,4.224,73.3,22.78,0.414,0.2753,14.07,5.37,846.19,cruise,misfire,1.0
2026-09-28T00:20:54.044087+00:00,1876.9,62.24,42.48,145.5,479.85,4.272,73.06,23.12,0.415,0.2759,14.02,5.36,846.21,cruise,misfire,1.0
2026-09-28T00:20:55.044087+00:00,1875.4,61.62,42.8,145.34,479.82,4.335,73.08,23.23,0.415,0.267,14.04,5.41,846.2,cruise,misfire,1.0
2026-09-28T00:20:56.044087+00:00,1853.6,59.42,41.88,145.71,481.97,4.302,72.86,23.34,0.426,0.2685,14.09,5.48,846.14,cruise,misfire,1.0
2026-09-28T00:20:57.044087+00:00,1825.0,56.36,41.42,146.13,482.14,4.353,72.72,23.64,0.413,0.263,14.11,5.55,846.18,cruise,misfire,1.0
2026-09-28T00:20:58.044087+00:00,1791.2,53.33,39.65,145.89,484.09,4.313,72.7,23.21,0.389,0.2603,14.12,5.51,846.2,cruise,misfire,1.0
2026-09-28T00:20:59.044087+00:00,1746.9,50.64,39.09,145.31,486.94,4.333,72.46,23.08,0.416,0.2655,14.19,5.39,846.18,cruise,misfire,1.0
2026-09-28T00:21:00.044087+00:00,1704.4,48.53,39.0,145.25,491.41,4.306,72.59,23.08,0.407,0.2684,14.12,5.48,846.09,cruise,misfire,1.0
2026-09-28T00:21:01.044087+00:00,1661.6,46.34,37.88,144.9,490.84,4.271,72.39,22.67,0.403,0.2671,14.09,5.51,845.99,cruise,misfire,1.0
2026-09-28T00:21:02.044087+00:00,1627.6,44.31,36.15,145.12,488.32,4.144,72.38,22.23,0.403,0.2568,14.02,5.53,845.97,cruise,misfire,1.0
2026-09-28T00:21:03.044087+00:00,1600.8,43.52,35.57,145.32,491.18,4.104,72.24,22.2,0.387,0.2585,14.05,5.52,845.94,cruise,misfire,1.0
2026-09-28T00:21:04.044087+00:00,1591.8,43.58,35.44,145.13,492.53,4.059,71.99,21.81,0.399,0.2696,13.92,5.57,846.1,cruise,misfire,1.0
2026-09-28T00:21:05.044087+00:00,1593.6,44.48,34.13,144.54,490.96,4.007,72.06,21.31,0.403,0.2636,13.88,5.57,846.1,cruise,misfire,1.0
2026-09-28T00:21:06.044087+00:00,1604.8,45.62,34.34,145.22,488.74,4.023,71.97,21.17,0.396,0.2764,13.81,5.55,846.09,cruise,misfire,1.0
2026-09-28T00:21:07.044087+00:00,1631.3,47.98,34.19,145.79,486.58,4.01,71.79,20.67,0.367,0.27,13.81,5.49,846.08,cruise,misfire,1.0
2026-09-28T00:21:08.044087+00:00,1560.5,50.76,35.04,145.57,486.76,4.035,71.58,20.88,0.387,0.2791,13.91,5.54,846.1,cruise,misfire,1.0
2026-09-28T00:21:09.044087+00:00,1618.9,52.94,35.88,145.46,484.73,4.013,71.61,20.79,0.369,0.2728,13.97,5.5,845.97,cruise,misfire,1.0
2026-09-28T00:21:10.044087+00:00,1679.0,55.96,36.38,146.19,488.74,4.004,71.44,20.92,0.363,0.2732,14.06,5.5,845.95,cruise,misfire,1.0
2026-09-28T00:21:11.044087+00:00,1735.0,58.72,38.08,145.94,490.78,4.0,71.37,21.43,0.382,0.2779,14.1,5.51,845.96,cruise,misfire,1.0
2026-09-28T00:21:12.044087+00:00,1789.6,61.12,40.39,145.64,489.76,4.018,71.36,22.2,0.391,0.28,14.09,5.55,845.98,cruise,misfire,1.0
2026-09-28T00:21:13.044087+00:00,1833.6,62.52,41.61,145.31,493.29,4.101,71.05,22.89,0.398,0.2837,14.03,5.54,845.98,cruise,misfire,1.0
2026-09-28T00:21:14.044087+00:00,1861.7,63.86,42.12,145.71,496.28,4.163,71.08,22.7,0.394,0.2931,14.01,5.48,845.99,cruise,misfire,1.0
2026-09-28T00:21:15.044087+00:00,1883.5,63.59,41.57,144.83,499.86,4.254,70.89,22.88,0.39,0.295,14.07,5.52,845.95,cruise,misfire,1.0
2026-09-28T00:21:16.044087+00:00,1887.5,62.97,42.41,145.58,496.86,4.235,71.0,23.12,0.377,0.2982,14.11,5.49,845.91,cruise,misfire,1.0
2026-09-28T00:21:17.044087+00:00,1877.8,61.16,42.64,145.87,494.84,4.307,71.02,23.35,0.384,0.296,14.13,5.44,845.94,cruise,misfire,1.0
2026-09-28T00:21:18.044087+00:00,1856.5,59.01,41.76,145.71,493.71,4.32,71.12,23.11,0.38,0.2847,14.09,5.43,845.95,cruise,misfire,1.0
2026-09-28T00:21:19.044087+00:00,1714.0,56.39,41.45,144.94,492.36,4.305,70.92,23.44,0.379,0.2707,14.18,5.44,845.94,cruise,misfire,1.0
2026-09-28T00:21:20.044087+00:00,1701.7,54.01,40.47,145.14,490.31,4.212,70.78,23.52,0.386,0.276,14.06,5.47,845.92,cruise,misfire,1.0
2026-09-28T00:21:21.044087+00:00,1679.0,51.93,39.51,145.67,490.31,4.138,70.65,23.14,0.384,0.273,14.11,5.49,845.93,cruise,misfire,1.0
2026-09-28T00:21:22.044087+00:00,1651.0,48.58,37.87,145.06,488.59,4.101,70.53,22.75,0.377,0.271,14.06,5.51,845.99,cruise,misfire,1.0
2026-09-28T00:21:23.044087+00:00,1622.7,46.22,36.72,145.59,488.39,4.059,70.44,22.37,0.378,0.2702,14.13,5.45,846.09,cruise,misfire,1.0
2026-09-28T00:21:24.044087+00:00,1602.8,45.04,35.71,145.73,487.19,4.025,70.46,22.03,0.364,0.2711,14.17,5.45,846.14,cruise,misfire,1.0
2026-09-28T00:21:25.044087+00:00,1585.9,43.93,34.91,145.97,480.71,3.969,70.29,22.07,0.382,0.2687,14.15,5.45,846.1,cruise,misfire,1.0
2026-09-28T00:21:26.044087+00:00,1579.1,44.31,34.83,145.13,480.69,3.969,70.36,21.42,0.382,0.2789,14.22,5.46,846.12,cruise,misfire,1.0
2026-09-28T00:21:27.044087+00:00,1583.2,45.36,34.22,145.2,480.45,3.934,70.4,21.31,0.391,0.2682,14.19,5.51,846.21,cruise,misfire,1.0
2026-09-28T00:21:28.044087+00:00,1595.9,46.76,33.93,144.99,481.98,3.953,70.14,20.9,0.377,0.2589,14.27,5.42,846.26,cruise,misfire,1.0
2026-09-28T00:21:29.044087+00:00,1622.6,48.02,34.64,145.83,485.36,3.958,70.11,20.84,0.384,0.2583,14.13,5.46,846.31,cruise,misfire,1.0
2026-09-28T00:21:30.044087+00:00,1656.7,50.83,34.98,145.17,486.45,3.988,69.95,20.7,0.394,0.2534,14.15,5.42,846.34,cruise,misfire,1.0
2026-09-28T00:21:31.044087+00:00,1699.0,53.71,36.25,144.79,486.71,4.004,69.78,20.76,0.397,0.2595,14.1,5.38,846.27,cruise,misfire,1.0
2026-09-28T00:21:32.044087+00:00,1743.2,56.28,37.11,144.36,488.9,4.075,69.83,20.96,0.388,0.2602,14.05,5.38,846.23,cruise,misfire,1.0
2026-09-28T00:21:33.044087+00:00,1783.1,58.91,37.45,144.46,492.93,4.088,70.06,21.64,0.38,0.2569,14.11,5.4,846.27,cruise,misfire,1.0
2026-09-28T00:21:34.044087+00:00,1825.0,60.76,38.54,144.62,493.37,4.157,70.11,21.94,0.38,0.2674,14.06,5.38,846.29,cruise,misfire,1.0
2026-09-28T00:21:35.044087+00:00,1856.8,62.59,40.15,144.91,492.49,4.229,70.05,22.47,0.361,0.2729,14.03,5.28,846.23,cruise,misfire,1.0
2026-09-28T00:21:36.044087+00:00,1882.1,62.79,41.45,144.69,495.73,4.281,70.26,23.0,0.357,0.2709,14.03,5.31,846.26,cruise,misfire,1.0
2026-09-28T00:21:37.044087+00:00,1892.1,63.65,42.41,144.75,497.76,4.376,70.39,23.81,0.38,0.264,14.08,5.41,846.24,cruise,misfire,1.0
2026-09-28T00:21:38.044087+00:00,1896.8,62.69,42.87,144.51,501.12,4.384,70.44,23.9,0.402,0.2731,14.05,5.35,846.33,cruise,misfire,1.0
2026-09-28T00:21:39.044087+00:00,1886.6,61.2,42.89,143.8,502.99,4.388,70.44,23.98,0.417,0.2733,14.06,5.34,846.32,cruise,misfire,1.0
2026-09-28T00:21:40.044087+00:00,1867.6,58.94,42.22,144.04,501.68,4.37,70.46,23.73,0.432,0.273,14.0,5.35,846.3,cruise,misfire,1.0
2026-09-28T00:21:41.044087+00:00,1836.0,56.12,41.45,143.99,505.23,4.384,70.19,23.75,0.416,0.2766,14.05,5.33,846.24,cruise,misfire,1.0
2026-09-28T00:21:42.044087+00:00,1797.4,52.92,40.42,143.38,504.0,4.389,69.88,23.62,0.405,0.2836,14.11,5.23,846.21,cruise,misfire,1.0
2026-09-28T00:21:43.044087+00:00,1653.8,50.53,39.23,143.46,506.81,4.297,69.93,23.3,0.41,0.2988,14.07,5.32,846.2,cruise,misfire,1.0
2026-09-28T00:21:44.044087+00:00,1629.7,47.95,37.98,143.48,508.48,4.226,69.52,22.86,0.387,0.2977,14.07,5.33,846.23,cruise,misfire,1.0
2026-09-28T00:21:45.044087+00:00,1615.6,45.53,36.63,143.83,509.89,4.142,69.29,22.42,0.396,0.2924,14.06,5.29,846.18,cruise,misfire,1.0
2026-09-28T00:21:46.044087+00:00,1495.3,44.13,35.64,143.74,508.93,4.063,69.26,21.65,0.379,0.2825,14.11,5.22,846.24,cruise,misfire,1.0
2026-09-28T00:21:47.044087+00:00,1500.5,43.48,33.85,143.66,504.66,4.026,69.76,21.49,0.39,0.2818,14.03,5.22,846.17,cruise,misfire,1.0
2026-09-28T00:21:48.044087+00:00,1515.9,43.71,33.37,143.57,500.99,3.99,69.81,20.83,0.415,0.2756,13.99,5.24,846.14,cruise,misfire,1.0
2026-09-28T00:21:49.044087+00:00,1533.0,45.1,33.01,143.62,498.95,3.943,69.81,20.66,0.416,0.2726,14.01,5.25,846.15,cruise,misfire,1.0
2026-09-28T00:21:50.044087+00:00,1551.3,46.81,33.57,143.86,497.78,3.934,69.67,20.55,0.428,0.2744,13.97,5.36,846.26,cruise,misfire,1.0
2026-09-28T00:21:51.044087+00:00,1586.3,48.97,34.18,144.01,495.2,3.955,69.37,20.35,0.416,0.2736,13.94,5.34,846.26,cruise,misfire,1.0
2026-09-28T00:21:52.044087+00:00,1627.1,51.4,34.27,144.04,490.58,3.954,69.23,20.41,0.411,0.2698,14.03,5.31,846.36,cruise,misfire,1.0
2026-09-28T00:21:53.044087+00:00,1673.7,54.22,35.82,144.03,491.52,3.973,69.35,20.55,0.39,0.2711,14.13,5.25,846.35,cruise,misfire,1.0
2026-09-28T00:21:54.044087+00:00,1718.0,56.33,37.44,144.24,490.39,3.992,69.25,21.02,0.382,0.2748,14.14,5.21,846.4,cruise,misfire,1.0
2026-09-28T00:21:55.044087+00:00,1775.3,58.58,38.25,144.07,488.44,4.066,68.99,21.7,0.385,0.2856,14.04,5.13,846.29,cruise,misfire,1.0
2026-09-28T00:21:56.044087+00:00,1709.3,61.14,39.04,143.16,487.94,4.119,69.1,21.69,0.384,0.284,14.02,5.15,846.28,cruise,misfire,1.0
2026-09-28T00:21:57.044087+00:00,1772.1,62.62,40.67,143.69,485.01,4.131,69.04,22.44,0.376,0.2802,14.0,5.24,846.35,cruise,misfire,1.0
2026-09-28T00:21:58.044087+00:00,1817.4,63.17,41.09,144.26,485.19,4.183,69.07,22.84,0.388,0.2658,14.0,5.3,846.25,cruise,misfire,1.0
2026-09-28T00:21:59.044087+00:00,1851.6,63.3,41.35,144.08,483.09,4.261,68.94,23.37,0.398,0.2623,14.11,5.3,846.18,cruise,misfire,1.0
2026-09-28T00:22:00.044087+00:00,1864.2,62.97,41.75,144.32,482.88,4.315,68.95,23.65,0.392,0.261,14.17,5.29,846.19,cruise,misfire,1.0
2026-09-28T00:22:01.044087+00:00,1861.1,61.25,42.56,144.43,483.32,4.387,69.13,23.81,0.388,0.2616,14.17,5.27,846.12,cruise,misfire,1.0
2026-09-28T00:22:02.044087+00:00,1838.8,58.91,42.1,144.54,484.23,4.375,69.02,23.77,0.4,0.2684,14.17,5.23,846.05,cruise,misfire,1.0
2026-09-28T00:22:03.044087+00:00,1814.0,56.73,41.81,143.88,485.05,4.329,68.94,23.64,0.408,0.2625,14.21,5.24,846.06,cruise,misfire,1.0
2026-09-28T00:22:04.044087+00:00,1783.6,53.41,41.35,143.74,486.32,4.351,68.98,23.31,0.405,0.264,14.12,5.19,846.05,cruise,misfire,1.0
2026-09-28T00:22:05.044087+00:00,1746.6,50.28,40.2,143.64,486.25,4.341,68.98,23.26,0.41,0.2667,14.15,5.21,845.97,cruise,misfire,1.0
2026-09-28T00:22:06.044087+00:00,1706.0,47.91,38.7,143.36,487.24,4.289,68.89,23.12,0.405,0.2725,14.17,5.27,846.04,cruise,misfire,1.0
2026-09-28T00:22:07.044087+00:00,1663.0,46.68,38.16,142.68,487.65,4.248,68.94,22.63,0.412,0.2668,14.13,5.35,846.01,cruise,misfire,1.0
2026-09-28T00:22:08.044087+00:00,1634.8,45.0,36.9,142.22,488.52,4.214,68.94,22.58,0.395,0.2799,14.08,5.4,845.99,cruise,misfire,1.0
2026-09-28T00:22:09.044087+00:00,1605.6,43.95,35.44,141.48,488.99,4.118,68.92,21.96,0.378,0.2752,14.09,5.43,845.98,cruise,misfire,1.0
2026-09-28T00:22:10.044087+00:00,1592.9,43.46,34.47,141.94,487.05,4.083,68.77,21.42,0.374,0.2696,14.05,5.5,845.92,cruise,misfire,1.0
2026-09-28T00:22:11.044087+00:00,1592.0,44.94,34.24,141.84,487.27,4.099,68.83,21.0,0.368,0.2724,14.0,5.47,845.87,cruise,misfire,1.0
2026-09-28T00:22:12.044087+00:00,1611.5,45.81,33.58,142.07,485.49,4.072,69.08,20.84,0.368,0.2779,13.92,5.5,845.81,cruise,misfire,1.0
2026-09-28T00:22:13.044087+00:00,1632.9,48.49,33.96,141.4,486.77,4.04,68.89,21.02,0.36,0.2871,13.86,5.38,845.77,cruise,misfire,1.0
2026-09-28T00:22:14.044087+00:00,1662.7,50.94,34.32,141.77,484.04,4.05,68.87,20.92,0.361,0.2873,13.93,5.36,845.73,cruise,misfire,1.0
2026-09-28T00:22:15.044087+00:00,1705.1,54.4,35.5,141.63,486.55,4.092,68.87,21.25,0.381,0.2871,14.02,5.33,845.72,cruise,misfire,1.0
2026-09-28T00:22:16.044087+00:00,1743.7,56.83,37.13,141.2,487.22,4.113,68.82,21.33,0.388,0.2845,14.04,5.38,845.73,cruise,misfire,1.0
2026-09-28T00:22:17.044087+00:00,1781.9,59.08,37.64,142.02,488.76,4.183,68.81,21.56,0.402,0.2793,14.03,5.35,845.67,cruise,misfire,1.0
2026-09-28T00:22:18.044087+00:00,1822.3,61.16,40.15,142.33,491.69,4.162,68.85,22.03,0.411,0.2823,14.04,5.37,845.67,cruise,misfire,1.0
2026-09-28T00:22:19.044087+00:00,1853.7,63.01,40.41,142.89,493.73,4.173,68.8,22.2,0.387,0.2825,14.04,5.29,845.69,cruise,misfire,1.0
2026-09-28T00:22:20.044087+00:00,1879.8,63.82,41.9,143.56,496.4,4.17,68.9,22.68,0.391,0.2843,14.09,5.37,845.7,cruise,misfire,1.0
2026-09-28T00:22:21.044087+00:00,1889.8,63.4,42.92,144.05,501.34,4.205,68.83,23.21,0.396,0.2825,14.01,5.39,845.69,cruise,misfire,1.0
2026-09-28T00:22:22.044087+00:00,1896.3,62.51,43.18,143.95,508.32,4.287,68.73,23.94,0.389,0.2843,14.02,5.45,845.67,cruise,misfire,1.0
2026-09-28T00:22:23.044087+00:00,1889.8,61.19,43.76,144.22,510.81,4.307,68.87,24.1,0.398,0.2862,14.03,5.42,845.7,cruise,misfire,1.0
2026-09-28T00:22:24.044087+00:00,1755.8,58.93,42.99,144.78,515.3,4.257,69.04,24.26,0.409,0.282,14.04,5.36,845.8,cruise,misfire,1.0
2026-09-28T00:22:25.044087+00:00,1751.2,56.01,42.09,144.63,509.72,4.236,69.0,24.11,0.405,0.2696,14.02,5.4,845.84,cruise,misfire,1.0
2026-09-28T00:22:26.044087+00:00,1733.6,53.49,41.08,144.95,508.9,4.196,68.75,23.93,0.396,0.263,13.98,5.33,845.91,cruise,misfire,1.0
2026-09-28T00:22:27.044087+00:00,1701.6,51.04,39.77,144.94,509.07,4.203,68.77,23.57,0.389,0.2608,13.95,5.31,845.98,cruise,misfire,1.0
2026-09-28T00:22:28.044087+00:00,1671.8,48.57,39.44,144.49,507.92,4.153,68.91,23.18,0.369,0.2564,13.93,5.3,845.93,cruise,misfire,1.0
2026-09-28T00:22:29.044087+00:00,1540.0,46.0,37.66,144.74,505.98,4.074,69.02,22.82,0.394,0.2519,13.92,5.23,845.92,cruise,misfire,1.0
2026-09-28T00:22:30.044087+00:00,1536.4,44.41,36.44,144.76,499.59,4.073,69.17,22.33,0.405,0.2506,14.0,5.25,845.85,cruise,misfire,1.0
2026-09-28T00:22:31.044087+00:00,1538.4,43.48,35.37,145.36,497.78,4.013,69.06,21.74,0.398,0.2613,14.0,5.3,845.79,cruise,misfire,1.0
2026-09-28T00:22:32.044087+00:00,1543.4,44.03,33.44,145.52,494.77,3.959,69.36,20.67,0.402,0.2588,13.99,5.43,845.85,cruise,misfire,1.0
2026-09-28T00:22:33.044087+00:00,1460.1,44.6,32.86,145.54,492.34,3.917,69.46,20.36,0.398,0.2567,13.96,5.38,845.81,cruise,misfire,1.0
2026-09-28T00:22:34.044087+00:00,1505.5,46.11,32.87,145.14,491.5,3.926,69.41,20.23,0.406,0.2549,13.96,5.48,845.8,cruise,misfire,1.0
2026-09-28T00:22:35.044087+00:00,1548.8,47.77,33.34,144.8,484.66,3.958,69.14,20.34,0.406,0.2572,13.96,5.49,845.88,cruise,misfire,1.0
2026-09-28T00:22:36.044087+00:00,1599.8,50.6,34.22,144.74,483.76,3.942,68.94,20.25,0.404,0.2619,13.99,5.51,845.88,cruise,misfire,1.0
2026-09-28T00:22:37.044087+00:00,1649.9,53.47,35.05,145.47,477.9,3.938,68.94,20.37,0.385,0.2641,14.04,5.46,845.92,cruise,misfire,1.0
2026-09-28T00:22:38.044087+00:00,1703.4,56.02,35.94,145.23,478.03,4.004,68.92,20.63,0.402,0.2648,14.05,5.41,845.92,cruise,misfire,1.0
2026-09-28T00:22:39.044087+00:00,1755.3,58.99,37.01,145.47,475.97,4.071,68.58,21.0,0.402,0.2726,14.11,5.38,845.95,cruise,misfire,1.0
2026-09-28T00:22:40.044087+00:00,1805.7,61.13,37.59,144.95,477.58,4.158,68.85,21.52,0.41,0.2758,14.1,5.32,846.02,cruise,misfire,1.0
2026-09-28T00:22:41.044087+00:00,1843.4,62.95,39.07,145.34,477.27,4.248,68.9,21.92,0.412,0.2618,14.12,5.35,845.99,cruise,misfire,1.0
2026-09-28T00:22:42.044087+00:00,1878.4,63.54,41.06,145.46,478.01,4.274,68.93,22.52,0.417,0.2658,14.03,5.44,846.01,cruise,misfire,1.0
2026-09-28T00:22:43.044087+00:00,1899.7,63.86,42.44,145.49,479.99,4.337,68.95,23.0,0.426,0.2773,14.08,5.44,845.94,cruise,misfire,1.0
2026-09-28T00:22:44.044087+00:00,1901.2,62.51,42.27,145.8,481.92,4.372,69.11,23.38,0.404,0.272,14.12,5.46,845.89,cruise,misfire,1.0
2026-09-28T00:22:45.044087+00:00,1892.3,60.68,42.4,145.09,481.29,4.362,69.08,23.57,0.406,0.2697,14.07,5.4,845.83,cruise,misfire,1.0
2026-09-28T00:22:46.044087+00:00,1866.9,58.48,42.39,145.49,483.25,4.368,69.02,23.95,0.392,0.2715,14.0,5.43,845.81,cruise,misfire,1.0
2026-09-28T00:22:47.044087+00:00,1726.9,55.98,40.7,145.61,482.77,4.408,69.05,23.93,0.412,0.2642,14.01,5.37,845.81,cruise,misfire,1.0
2026-09-28T00:22:48.044087+00:00,1708.3,53.39,40.29,144.64,485.21,4.34,69.15,23.62,0.41,0.2696,14.01,5.4,845.77,cruise,misfire,1.0
2026-09-28T00:22:49.044087+00:00,1684.5,50.81,39.63,144.65,487.64,4.284,68.98,23.29,0.415,0.2729,14.06,5.4,845.83,cruise,misfire,1.0
2026-09-28T00:22:50.044087+00:00,1656.2,48.44,38.31,145.5,488.28,4.278,68.81,22.69,0.412,0.2728,14.08,5.32,845.81,cruise,misfire,1.0
2026-09-28T00:22:51.044087+00:00,1627.0,46.33,37.27,145.91,486.52,4.254,68.93,22.64,0.403,0.2863,14.09,5.28,845.92,cruise,misfire,1.0
2026-09-28T00:22:52.044087+00:00,1602.2,44.73,35.97,145.66,487.96,4.22,68.6,21.81,0.379,0.2927,13.97,5.3,846.03,cruise,misfire,1.0
2026-09-28T00:22:53.044087+00:00,1588.7,43.88,34.62,144.9,486.53,4.191,68.46,21.14,0.383,0.3,13.95,5.27,845.97,cruise,misfire,1.0
2026-09-28T00:22:54.044087+00:00,1577.7,43.99,33.64,144.77,491.27,4.126,68.17,20.95,0.409,0.2915,13.98,5.27,845.88,cruise,misfire,1.0
2026-09-28T00:22:55.044087+00:00,1583.1,45.07,33.72,145.06,492.77,4.069,68.13,21.12,0.384,0.2923,14.03,5.26,845.9,cruise,misfire,1.0
2026-09-28T00:22:56.044087+00:00,1502.8,46.76,33.64,144.62,492.4,4.001,68.18,20.75,0.38,0.2912,14.07,5.36,845.77,cruise,misfire,1.0
2026-09-28T00:22:57.044087+00:00,1456.7,48.63,34.57,145.11,494.29,3.951,67.96,20.69,0.383,0.2901,14.1,5.3,845.75,cruise,misfire,1.0
2026-09-28T00:22:58.044087+00:00,1528.9,51.1,34.61,145.53,495.57,3.93,68.16,20.72,0.378,0.2895,14.12,5.3,845.78,cruise,misfire,1.0
2026-09-28T00:22:59.044087+00:00,1597.9,53.99,35.9,145.66,496.11,3.934,68.36,20.75,0.37,0.2808,14.19,5.32,845.74,cruise,misfire,1.0
2026-09-28T00:23:00.044087+00:00,1662.4,56.82,37.43,145.0,499.08,4.049,68.38,21.0,0.387,0.2798,14.18,5.36,845.72,cruise,misfire,1.0
2026-09-28T00:23:01.044087+00:00,1725.3,59.34,39.02,145.25,498.92,4.073,68.19,21.23,0.401,0.2852,14.2,5.33,845.72,cruise,misfire,1.0
2026-09-28T00:23:02.044087+00:00,1781.7,61.22,40.12,145.28,499.96,4.099,68.25,21.84,0.411,0.2805,14.12,5.33,845.74,cruise,misfire,1.0
2026-09-28T00:23:03.044087+00:00,1823.5,62.64,41.43,144.98,500.68,4.168,68.23,21.86,0.397,0.2837,14.14,5.29,845.76,cruise,misfire,1.0
2026-09-28T00:23:04.044087+00:00,1857.2,63.4,41.68,145.01,498.39,4.168,68.16,22.39,0.4,0.2718,14.13,5.26,845.74,cruise,misfire,1.0
2026-09-28T00:23:05.044087+00:00,1877.3,63.17,43.25,144.17,496.98,4.16,68.02,23.17,0.405,0.2671,14.1,5.2,845.74,cruise,misfire,1.0
2026-09-28T00:23:06.044087+00:00,1883.7,62.05,42.76,143.33,497.95,4.194,68.32,23.36,0.4,0.2663,14.16,5.25,845.67,cruise,misfire,1.0
2026-09-28T00:23:07.044087+00:00,1877.3,60.45,42.64,143.8,502.66,4.22,68.41,23.66,0.379,0.2753,14.15,5.28,845.65,cruise,misfire,1.0
2026-09-28T00:23:08.044087+00:00,1854.5,58.27,41.72,143.58,504.39,4.289,68.83,23.76,0.403,0.2754,14.15,5.28,845.67,cruise,misfire,1.0
2026-09-28T00:23:09.044087+00:00,1834.1,56.0,41.76,143.83,503.66,4.345,68.81,24.01,0.402,0.2848,14.1,5.3,845.74,cruise,misfire,1.0
2026-09-28T00:23:10.044087+00:00,1795.5,53.02,41.27,143.66,502.02,4.336,69.11,23.9,0.4,0.2843,14.18,5.37,845.71,cruise,misfire,1.0
2026-09-28T00:23:11.044087+00:00,1745.4,50.6,40.11,143.18,502.37,4.317,69.25,23.74,0.401,0.2775,14.12,5.43,845.77,cruise,misfire,1.0
2026-09-28T00:23:12.044087+00:00,1702.5,48.21,37.55,143.31,501.36,4.282,69.01,23.43,0.427,0.2774,14.05,5.33,845.78,cruise,misfire,1.0
2026-09-28T00:23:13.044087+00:00,1666.2,45.91,36.78,143.78,499.06,4.335,68.74,23.15,0.416,0.2855,14.1,5.34,845.75,cruise,misfire,1.0
2026-09-28T00:23:14.044087+00:00,1629.8,44.29,35.73,142.98,500.8,4.262,68.93,22.24,0.416,0.295,14.07,5.36,845.74,cruise,misfire,1.0
2026-09-28T00:23:15.044087+00:00,1609.4,44.14,35.55,142.9,496.26,4.269,69.08,21.96,0.402,0.2958,14.08,5.39,845.78,cruise,misfire,1.0
2026-09-28T00:23:16.044087+00:00,1598.7,43.83,35.11,143.04,494.94,4.221,69.02,21.55,0.396,0.2897,14.1,5.38,845.77,cruise,misfire,1.0
2026-09-28T00:23:17.044087+00:00,1598.6,45.52,34.85,142.66,493.57,4.144,69.06,21.67,0.396,0.2904,14.1,5.44,845.74,cruise,misfire,1.0
2026-09-28T00:23:18.044087+00:00,1611.6,46.55,34.13,142.05,489.54,4.153,68.99,21.17,0.414,0.2872,14.07,5.41,845.76,cruise,misfire,1.0
2026-09-28T00:23:19.044087+00:00,1632.1,48.88,34.28,141.88,485.2,4.107,68.99,21.15,0.403,0.2926,13.98,5.52,845.81,cruise,misfire,1.0
2026-09-28T00:23:20.044087+00:00,1566.5,51.09,34.65,141.94,486.73,4.137,69.15,21.15,0.388,0.2895,13.99,5.48,845.8,cruise,misfire,1.0
2026-09-28T00:23:21.044087+00:00,1627.0,53.62,35.58,142.46,486.5,4.099,69.31,21.28,0.37,0.2794,14.0,5.46,845.79,cruise,misfire,1.0
2026-09-28T00:23:22.044087+00:00,1689.2,56.7,36.59,142.52,487.41,4.119,69.36,21.27,0.376,0.2771,13.99,5.41,845.83,cruise,misfire,1.0
2026-09-28T00:23:23.044087+00:00,1748.0,60.23,38.47,142.34,485.8,4.144,69.15,21.54,0.389,0.2795,14.06,5.43,845.86,cruise,misfire,1.0
2026-09-28T00:23:24.044087+00:00,1799.2,62.28,39.31,142.48,489.36,4.207,69.17,22.13,0.379,0.2756,14.01,5.46,845.83,cruise,misfire,1.0
2026-09-28T00:23:25.044087+00:00,1838.8,63.65,40.56,141.96,490.94,4.239,69.23,22.61,0.396,0.2854,13.94,5.48,845.73,cruise,misfire,1.0
2026-09-28T00:23:26.044087+00:00,1754.2,64.11,40.76,142.25,492.16,4.246,69.06,23.05,0.409,0.2803,13.94,5.51,845.79,cruise,misfire,1.0
2026-09-28T00:23:27.044087+00:00,1796.7,64.18,42.23,142.7,492.61,4.254,69.04,23.36,0.41,0.2792,14.01,5.48,845.81,cruise,misfire,1.0
2026-09-28T00:23:28.044087+00:00,1827.5,62.89,42.12,141.92,491.01,4.28,69.41,23.39,0.42,0.2718,14.0,5.42,845.91,cruise,misfire,1.0
2026-09-28T00:23:29.044087+00:00,1832.6,61.38,41.78,141.62,491.1,4.276,69.07,23.43,0.403,0.2789,14.06,5.42,846.0,cruise,misfire,1.0
2026-09-28T00:23:30.044087+00:00,1819.4,58.89,41.88,141.54,492.96,4.282,69.15,23.64,0.397,0.2619,14.15,5.4,845.93,cruise,misfire,1.0
2026-09-28T00:23:31.044087+00:00,1799.6,56.68,41.64,141.7,497.43,4.336,69.06,23.65,0.415,0.2568,14.22,5.4,845.89,cruise,misfire,1.0
2026-09-28T00:23:32.044087+00:00,1769.9,54.08,40.7,141.37,499.95,4.37,69.18,23.49,0.386,0.2419,14.18,5.35,845.92,cruise,misfire,1.0
2026-09-28T00:23:33.044087+00:00,1726.3,51.21,39.35,140.46,501.83,4.366,68.97,23.55,0.403,0.2471,14.13,5.34,845.91,cruise,misfire,1.0
2026-09-28T00:23:34.044087+00:00,1688.7,48.28,38.54,140.84,504.12,4.319,68.93,23.16,0.383,0.2455,14.17,5.43,845.92,cruise,misfire,1.0
2026-09-28T00:23:35.044087+00:00,1647.2,46.15,37.32,140.9,506.82,4.261,69.18,22.81,0.389,0.2526,14.09,5.45,845.95,cruise,misfire,1.0
2026-09-28T00:23:36.044087+00:00,1620.6,44.78,35.99,139.99,504.37,4.202,69.04,22.0,0.395,0.249,14.03,5.35,845.84,cruise,misfire,1.0
2026-09-28T00:23:37.044087+00:00,1602.5,44.01,35.7,139.63,505.22,4.147,68.94,22.06,0.388,0.2539,13.96,5.32,845.9,cruise,misfire,1.0
2026-09-28T00:23:38.044087+00:00,1595.7,43.72,34.66,139.21,502.3,4.105,68.94,21.82,0.407,0.2586,13.94,5.3,845.85,cruise,misfire,1.0
2026-09-28T00:23:39.044087+00:00,1597.0,45.19,34.51,139.34,498.19,4.114,68.83,21.52,0.403,0.2583,13.99,5.35,845.87,cruise,misfire,1.0
2026-09-28T00:23:40.044087+00:00,1513.8,46.12,34.42,138.71,498.27,4.058,68.95,21.26,0.396,0.2693,14.01,5.38,845.94,cruise,misfire,1.0
2026-09-28T00:23:41.044087+00:00,1465.0,48.89,34.52,138.8,498.2,4.005,68.91,20.81,0.378,0.2769,14.01,5.4,845.87,cruise,misfire,1.0
2026-09-28T00:23:42.044087+00:00,1536.8,50.9,34.78,138.7,498.13,3.974,68.81,20.64,0.37,0.2742,14.08,5.32,845.83,cruise,misfire,1.0
2026-09-28T00:23:43.044087+00:00,1602.7,53.77,35.91,138.78,499.57,3.998,68.83,20.79,0.378,0.2795,14.04,5.37,845.83,cruise,misfire,1.0
2026-09-28T00:23:44.044087+00:00,1665.1,56.82,37.11,138.81,499.99,3.992,68.73,21.2,0.368,0.2773,14.05,5.35,845.85,cruise,misfire,1.0
2026-09-28T00:23:45.044087+00:00,1618.9,59.19,37.41,138.32,501.21,3.949,68.74,21.02,0.382,0.2749,14.08,5.39,845.8,cruise,misfire,1.0
2026-09-28T00:23:46.044087+00:00,1597.3,61.36,38.21,138.87,499.61,4.012,68.71,21.57,0.407,0.2607,14.07,5.36,845.74,cruise,misfire,1.0
2026-09-28T00:23:47.044087+00:00,1682.2,62.5,39.86,139.11,496.95,4.052,68.62,22.19,0.394,0.2548,14.04,5.36,845.76,cruise,misfire,1.0
2026-09-28T00:23:48.044087+00:00,1742.6,63.42,40.67,138.86,498.89,4.116,68.88,22.58,0.387,0.2648,14.04,5.42,845.72,cruise,misfire,1.0
2026-09-28T00:23:49.044087+00:00,1792.0,63.07,41.2,138.54,496.81,4.219,68.75,22.74,0.396,0.2675,14.01,5.38,845.74,cruise,misfire,1.0
2026-09-28T00:23:50.044087+00:00,1816.0,62.56,41.39,138.51,493.54,4.235,68.58,23.24,0.424,0.2617,14.14,5.33,845.81,cruise,misfire,1.0
2026-09-28T00:23:51.044087+00:00,1715.3,60.42,41.54,138.29,493.52,4.23,68.52,23.18,0.416,0.2603,14.09,5.32,845.79,cruise,misfire,1.0
2026-09-28T00:23:52.044087+00:00,1731.4,58.9,41.01,138.17,488.72,4.217,68.32,23.34,0.421,0.2605,14.05,5.33,845.74,cruise,misfire,1.0
2026-09-28T00:23:53.044087+00:00,1731.9,56.33,41.44,137.94,485.98,4.22,68.2,23.25,0.403,0.2677,14.0,5.38,845.68,cruise,misfire,1.0
2026-09-28T00:23:54.044087+00:00,1719.3,53.48,39.23,138.13,484.92,4.202,68.2,23.27,0.41,0.2732,14.0,5.38,845.75,cruise,misfire,1.0
2026-09-28T00:23:55.044087+00:00,1695.2,50.42,38.37,137.71,486.46,4.201,68.19,23.17,0.405,0.2705,14.06,5.4,845.74,cruise,misfire,1.0
2026-09-28T00:23:56.044087+00:00,1567.1,48.05,37.16,137.34,486.42,4.116,68.29,22.77,0.388,0.2754,14.12,5.36,845.7,cruise,misfire,1.0
2026-09-28T00:23:57.044087+00:00,1556.7,46.35,36.9,137.84,483.85,4.067,67.99,22.67,0.373,0.2803,14.13,5.33,845.75,cruise,misfire,1.0
2026-09-28T00:23:58.044087+00:00,1545.9,44.37,35.52,137.75,481.73,4.071,68.16,22.25,0.379,0.2851,14.24,5.36,845.75,cruise,misfire,1.0
2026-09-28T00:23:59.044087+00:00,1540.9,43.49,34.78,138.08,479.35,4.05,68.37,21.87,0.386,0.2951,14.12,5.37,845.74,cruise,misfire,1.0
2026-09-28T00:24:00.044087+00:00,1544.7,44.11,34.32,138.5,477.1,4.012,68.63,21.34,0.411,0.2946,14.13,5.38,845.67,cruise,misfire,1.0
2026-09-28T00:24:01.044087+00:00,1553.8,44.36,34.36,138.12,474.89,4.001,68.59,21.37,0.397,0.2884,14.14,5.38,845.77,cruise,misfire,1.0
2026-09-28T00:24:02.044087+00:00,1580.3,46.25,34.08,137.96,477.58,3.971,68.79,20.93,0.396,0.2875,14.06,5.37,845.75,cruise,misfire,1.0
2026-09-28T00:24:03.044087+00:00,1607.3,48.12,33.83,137.29,475.73,3.973,68.57,20.43,0.395,0.2731,14.11,5.41,845.65,cruise,misfire,1.0
2026-09-28T00:24:04.044087+00:00,1646.0,51.05,34.96,137.08,479.98,3.964,68.7,20.62,0.374,0.2852,14.06,5.35,845.69,cruise,misfire,1.0
2026-09-28T00:24:05.044087+00:00,1693.1,54.3,34.95,136.66,483.61,4.035,68.75,20.69,0.39,0.2904,14.01,5.36,845.64,cruise,misfire,1.0
2026-09-28T00:24:06.044087+00:00,1737.5,56.99,36.33,136.37,483.9,4.015,68.56,20.62,0.375,0.2791,14.01,5.42,845.67,cruise,misfire,1.0
2026-09-28T00:24:07.044087+00:00,1782.9,59.34,37.15,135.41,487.79,4.063,68.44,20.95,0.391,0.2688,13.96,5.39,845.71,cruise,misfire,1.0
2026-09-28T00:24:08.044087+00:00,1827.4,61.65,38.56,134.8,486.57,4.162,68.47,21.38,0.391,0.2765,13.9,5.42,845.67,cruise,misfire,1.0
2026-09-28T00:24:09.044087+00:00,1856.3,63.02,40.05,134.44,490.77,4.223,68.62,21.46,0.393,0.2898,14.01,5.49,845.73,cruise,misfire,1.0
2026-09-28T00:24:10.044087+00:00,1882.3,63.19,40.61,133.38,497.97,4.328,68.92,21.87,0.402,0.2914,14.04,5.43,845.64,cruise,misfire,1.0
2026-09-28T00:24:11.044087+00:00,1893.1,62.8,41.4,133.3,499.86,4.362,68.87,22.3,0.398,0.2915,14.03,5.42,845.65,cruise,misfire,1.0
2026-09-28T00:24:12.044087+00:00,1892.8,62.03,42.27,133.83,502.6,4.399,68.75,22.96,0.414,0.2864,14.05,5.48,845.66,cruise,misfire,1.0
2026-09-28T00:24:13.044087+00:00,1886.6,60.15,42.77,133.43,507.04,4.494,68.45,23.06,0.389,0.2797,14.14,5.46,845.65,cruise,misfire,1.0
2026-09-28T00:24:14.044087+00:00,1756.7,58.5,42.6,133.67,509.54,4.441,68.57,23.5,0.39,0.2846,14.09,5.59,845.67,cruise,misfire,1.0
2026-09-28T00:24:15.044087+00:00,1749.9,55.34,41.83,133.85,509.93,4.358,68.64,23.76,0.401,0.2826,14.02,5.64,845.62,cruise,misfire,1.0
2026-09-28T00:24:16.044087+00:00,1727.6,52.94,40.61,133.36,509.0,4.366,68.73,24.01,0.405,0.281,14.05,5.67,845.58,cruise,misfire,1.0
2026-09-28T00:24:17.044087+00:00,1696.3,50.46,39.03,133.69,513.1,4.326,68.57,23.36,0.379,0.2789,14.13,5.63,845.5,cruise,misfire,1.0
2026-09-28T00:24:18.044087+00:00,1669.7,48.24,38.1,132.65,511.91,4.319,68.65,23.0,0.373,0.2772,14.04,5.57,845.52,cruise,misfire,1.0
2026-09-28T00:24:19.044087+00:00,1641.2,46.11,37.2,133.23,510.69,4.277,68.67,22.97,0.382,0.2762,14.06,5.63,845.45,cruise,misfire,1.0
2026-09-28T00:24:20.044087+00:00,1609.4,44.2,35.58,133.51,508.44,4.256,68.44,22.63,0.399,0.2754,14.05,5.62,845.44,cruise,misfire,1.0
2026-09-28T00:24:21.044087+00:00,1590.4,43.48,35.27,133.5,506.27,4.156,68.4,22.65,0.409,0.2713,14.02,5.61,845.47,cruise,misfire,1.0
2026-09-28T00:24:22.044087+00:00,1482.7,43.77,34.61,132.99,504.64,4.094,68.58,22.08,0.391,0.2636,14.05,5.63,845.45,cruise,misfire,1.0
2026-09-28T00:24:23.044087+00:00,1420.6,44.58,34.3,133.11,501.62,3.935,68.34,21.47,0.374,0.2592,14.0,5.67,845.46,cruise,misfire,1.0
2026-09-28T00:24:24.044087+00:00,1473.2,46.21,33.45,133.02,500.79,3.891,68.17,21.23,0.356,0.2588,13.95,5.6,845.41,cruise,misfire,1.0
2026-09-28T00:24:25.044087+00:00,1527.7,48.31,33.6,132.95,496.48,3.898,68.07,20.41,0.38,0.2643,14.03,5.62,845.5,cruise,misfire,1.0
2026-09-28T00:24:26.044087+00:00,1582.1,50.92,34.2,133.39,496.66,3.943,67.97,20.07,0.384,0.2675,13.97,5.54,845.42,cruise,misfire,1.0
2026-09-28T00:24:27.044087+00:00,1639.7,53.78,35.6,133.01,496.19,3.927,67.77,20.55,0.381,0.2744,14.07,5.48,845.48,cruise,misfire,1.0
2026-09-28T00:24:28.044087+00:00,1698.7,56.71,36.93,132.59,493.39,3.981,67.7,20.98,0.374,0.2763,14.1,5.38,845.47,cruise,misfire,1.0
2026-09-28T00:24:29.044087+00:00,1751.6,59.66,38.61,132.45,493.57,4.057,67.57,21.5,0.382,0.2855,14.11,5.39,845.44,cruise,misfire,1.0
2026-09-28T00:24:30.044087+00:00,1799.2,61.47,40.36,132.96,496.36,4.157,67.61,21.82,0.401,0.283,14.08,5.5,845.34,cruise,misfire,1.0
2026-09-28T00:24:31.044087+00:00,1834.2,63.31,40.26,132.89,497.22,4.231,67.55,22.2,0.386,0.283,14.09,5.57,845.36,cruise,misfire,1.0
2026-09-28T00:24:32.044087+00:00,1864.1,63.62,40.87,133.3,497.39,4.276,67.5,22.23,0.391,0.2782,14.07,5.51,845.26,cruise,misfire,1.0
2026-09-28T00:24:33.044087+00:00,1883.8,64.04,41.73,133.52,496.2,4.361,67.35,22.43,0.377,0.2803,14.04,5.46,845.28,cruise,misfire,1.0
2026-09-28T00:24:34.044087+00:00,1888.9,62.88,41.79,133.46,494.79,4.374,67.61,23.0,0.39,0.2723,14.07,5.45,845.33,cruise,misfire,1.0
2026-09-28T00:24:35.044087+00:00,1879.5,61.3,41.79,133.56,497.11,4.339,67.82,23.16,0.392,0.2767,14.1,5.44,845.31,cruise,misfire,1.0
2026-09-28T00:24:36.044087+00:00,1859.9,59.18,41.32,133.73,494.72,4.371,67.69,23.4,0.407,0.2743,14.13,5.45,845.32,cruise,misfire,1.0
2026-09-28T00:24:37.044087+00:00,1824.3,56.39,40.74,134.36,493.78,4.429,67.63,23.75,0.427,0.2667,14.13,5.54,845.3,cruise,misfire,1.0
2026-09-28T00:24:38.044087+00:00,1790.7,53.2,39.72,134.47,496.75,4.488,67.67,23.78,0.431,0.2771,14.05,5.52,845.32,cruise,misfire,1.0
2026-09-28T00:24:39.044087+00:00,1637.6,50.66,38.35,134.11,497.08,4.39,67.72,23.71,0.406,0.2756,13.91,5.55,845.33,cruise,misfire,1.0
2026-09-28T00:24:40.044087+00:00,1613.4,47.59,37.43,133.22,498.87,4.308,67.66,23.38,0.4,0.2654,13.94,5.54,845.27,cruise,misfire,1.0
2026-09-28T00:24:41.044087+00:00,1596.7,45.83,35.61,133.04,498.55,4.267,67.55,22.76,0.407,0.2757,14.01,5.55,845.25,cruise,misfire,1.0
2026-09-28T00:24:42.044087+00:00,1483.9,44.43,34.83,132.96,496.26,4.18,67.63,21.93,0.4,0.2803,14.04,5.56,845.25,cruise,misfire,1.0
2026-09-28T00:24:43.044087+00:00,1486.6,43.89,33.57,133.01,499.3,4.089,67.34,21.66,0.376,0.2777,14.01,5.51,845.31,cruise,misfire,1.0
2026-09-28T00:24:44.044087+00:00,1496.5,43.64,33.44,133.34,500.83,4.053,67.54,21.32,0.395,0.2744,13.9,5.55,845.34,cruise,misfire,1.0
2026-09-28T00:24:45.044087+00:00,1511.7,44.16,32.56,133.1,500.45,4.059,67.21,20.75,0.395,0.2653,13.87,5.57,845.4,cruise,misfire,1.0
2026-09-28T00:24:46.044087+00:00,1540.2,45.76,32.41,132.35,498.43,4.063,67.25,20.35,0.401,0.2577,13.92,5.63,845.39,cruise,misfire,1.0
2026-09-28T00:24:47.044087+00:00,1572.3,48.11,32.96,132.66,500.0,4.004,67.0,20.0,0.4,0.2661,14.0,5.69,845.37,cruise,misfire,1.0
2026-09-28T00:24:48.044087+00:00,1618.9,50.34,34.63,132.2,501.14,4.009,66.91,19.74,0.398,0.2637,14.07,5.69,845.37,cruise,misfire,1.0
2026-09-28T00:24:49.044087+00:00,1666.3,52.82,35.5,131.83,502.93,4.011,66.62,20.05,0.401,0.2624,14.0,5.68,845.35,cruise,misfire,1.0
2026-09-28T00:24:50.044087+00:00,1720.7,55.89,36.77,131.83,500.74,4.075,66.49,20.59,0.412,0.2631,14.03,5.67,845.34,cruise,misfire,1.0
2026-09-28T00:24:51.044087+00:00,1765.9,59.0,38.47,131.61,503.63,4.105,66.21,21.03,0.424,0.2702,14.05,5.66,845.38,cruise,misfire,1.0
2026-09-28T00:24:52.044087+00:00,1816.4,61.34,39.28,131.6,502.2,4.164,66.19,21.43,0.426,0.2661,13.99,5.65,845.31,cruise,misfire,1.0
2026-09-28T00:24:53.044087+00:00,1857.0,62.93,40.33,131.57,504.62,4.237,66.18,21.95,0.421,0.2719,14.07,5.61,845.32,cruise,misfire,1.0
2026-09-28T00:24:54.044087+00:00,1879.6,63.88,41.0,131.8,506.25,4.297,66.12,22.42,0.419,0.2722,14.02,5.59,845.26,cruise,misfire,1.0
2026-09-28T00:24:55.044087+00:00,1890.1,63.56,41.85,131.76,505.3,4.322,66.05,23.03,0.408,0.2681,14.1,5.61,845.33,cruise,misfire,1.0
2026-09-28T00:24:56.044087+00:00,1897.2,62.24,43.01,131.62,503.72,4.385,66.15,23.7,0.408,0.2738,14.09,5.63,845.31,cruise,misfire,1.0
2026-09-28T00:24:57.044087+00:00,1887.9,60.71,42.79,130.94,507.42,4.381,66.25,23.56,0.41,0.2837,14.07,5.53,845.41,cruise,misfire,1.0
2026-09-28T00:24:58.044087+00:00,1864.6,58.52,42.64,130.7,508.43,4.426,66.19,23.58,0.429,0.2833,14.08,5.6,845.45,cruise,misfire,1.0
2026-09-28T00:24:59.044087+00:00,1830.0,56.59,41.83,130.96,508.28,4.464,66.37,23.75,0.433,0.2862,14.13,5.65,845.43,cruise,misfire,1.0
2026-09-28T00:25:00.044087+00:00,1793.3,53.53,40.22,130.86,508.46,4.402,66.56,23.45,0.407,0.2863,14.19,5.67,845.37,cruise,misfire,1.0
2026-09-28T00:25:01.044087+00:00,1752.4,50.62,39.78,130.63,504.06,4.375,66.79,23.36,0.389,0.2878,14.2,5.61,845.4,cruise,misfire,1.0
2026-09-28T00:25:02.044087+00:00,1709.7,48.06,38.28,130.51,502.5,4.326,66.55,23.11,0.38,0.2869,14.16,5.61,845.42,cruise,misfire,1.0
2026-09-28T00:25:03.044087+00:00,1666.3,46.42,37.41,130.97,497.89,4.306,66.49,22.47,0.379,0.2858,14.21,5.61,845.4,cruise,misfire,1.0
2026-09-28T00:25:04.044087+00:00,1632.1,44.87,36.34,130.73,495.71,4.265,66.53,22.29,0.377,0.2788,14.15,5.61,845.37,cruise,misfire,1.0
2026-09-28T00:25:05.044087+00:00,1613.5,43.84,34.83,130.67,491.51,4.201,66.64,21.9,0.387,0.2783,14.15,5.58,845.36,cruise,misfire,1.0
2026-09-28T00:25:06.044087+00:00,1601.3,43.91,34.0,130.68,490.68,4.199,66.41,21.68,0.394,0.2661,14.11,5.63,845.41,cruise,misfire,1.0
2026-09-28T00:25:07.044087+00:00,1500.7,44.66,33.25,131.17,487.64,4.168,66.14,21.27,0.387,0.2641,14.08,5.58,845.43,cruise,misfire,1.0
2026-09-28T00:25:08.044087+00:00,1530.6,46.35,32.6,131.54,482.32,4.117,66.12,20.82,0.421,0.2749,14.1,5.57,845.42,cruise,misfire,1.0
2026-09-28T00:25:09.044087+00:00,1572.3,48.94,33.58,131.38,475.05,4.059,65.84,20.4,0.412,0.2819,14.05,5.61,845.34,cruise,misfire,1.0
2026-09-28T00:25:10.044087+00:00,1616.0,50.87,34.44,131.37,473.85,4.058,65.71,20.44,0.409,0.2786,14.07,5.63,845.37,cruise,misfire,1.0
2026-09-28T00:25:11.044087+00:00,1658.7,53.72,35.3,131.43,471.46,4.085,65.39,20.75,0.417,0.2771,14.12,5.76,845.28,cruise,misfire,1.0
2026-09-28T00:25:12.044087+00:00,1713.7,56.64,36.56,131.42,470.38,4.069,65.46,21.33,0.422,0.29,14.05,5.77,845.32,cruise,misfire,1.0
2026-09-28T00:25:13.044087+00:00,1762.7,59.26,37.93,131.04,470.95,4.189,65.52,21.46,0.411,0.2802,13.97,5.68,845.26,cruise,misfire,1.0
2026-09-28T00:25:14.044087+00:00,1803.6,60.78,38.74,131.02,472.43,4.192,65.53,21.88,0.4,0.2661,13.99,5.56,845.36,cruise,misfire,1.0
2026-09-28T00:25:15.044087+00:00,1841.8,62.15,39.95,131.21,471.18,4.287,65.56,22.4,0.406,0.2635,14.07,5.6,845.45,cruise,misfire,1.0
2026-09-28T00:25:16.044087+00:00,1757.9,63.3,40.33,131.42,470.04,4.32,65.28,22.8,0.416,0.2548,14.14,5.68,845.42,cruise,misfire,1.0
2026-09-28T00:25:17.044087+00:00,1794.5,63.0,41.07,132.2,472.6,4.324,65.13,23.04,0.421,0.2539,14.14,5.63,845.48,cruise,misfire,1.0
2026-09-28T00:25:18.044087+00:00,1817.2,62.49,42.2,131.58,473.19,4.304,65.03,23.43,0.426,0.2687,14.04,5.66,845.58,cruise,misfire,1.0
2026-09-28T00:25:19.044087+00:00,1821.7,60.82,42.65,131.73,475.81,4.364,65.09,23.66,0.421,0.2726,14.1,5.65,845.64,cruise,misfire,1.0
2026-09-28T00:25:20.044087+00:00,1814.8,58.63,42.23,131.88,477.38,4.365,64.92,23.48,0.413,0.2761,14.07,5.64,845.58,cruise,misfire,1.0
2026-09-28T00:25:21.044087+00:00,1796.8,56.04,41.44,131.84,479.86,4.386,65.03,23.3,0.408,0.2668,14.02,5.58,845.55,cruise,misfire,1.0
2026-09-28T00:25:22.044087+00:00,1769.5,53.65,40.78,131.75,478.53,4.447,64.8,23.46,0.406,0.2663,14.02,5.52,845.58,cruise,misfire,1.0
2026-09-28T00:25:23.044087+00:00,1632.6,50.46,39.55,131.97,482.7,4.398,64.88,23.3,0.4,0.2691,13.98,5.51,845.62,cruise,misfire,1.0
2026-09-28T00:25:24.044087+00:00,1518.4,47.83,37.73,131.98,487.38,4.259,64.89,22.45,0.386,0.2679,13.89,5.46,845.63,cruise,misfire,1.0
2026-09-28T00:25:25.044087+00:00,1429.8,45.46,36.31,131.27,485.82,4.107,64.66,21.79,0.37,0.2658,13.84,5.29,845.61,cruise,misfire,1.0
2026-09-28T00:25:26.044087+00:00,1451.9,44.07,34.81,130.97,491.09,4.055,64.77,21.46,0.383,0.2648,13.87,5.26,845.65,cruise,misfire,1.0
2026-09-28T00:25:27.044087+00:00,1464.9,43.16,33.69,130.62,491.23,4.014,64.63,21.12,0.381,0.2637,13.94,5.21,845.66,cruise,misfire,1.0
2026-09-28T00:25:28.044087+00:00,1485.0,43.17,32.85,130.32,491.55,3.983,64.59,20.68,0.382,0.2575,13.92,5.26,845.65,cruise,misfire,1.0
2026-09-28T00:25:29.044087+00:00,1510.9,44.28,32.08,130.9,492.38,3.93,64.35,20.25,0.379,0.2598,13.96,5.25,845.69,cruise,misfire,1.0
2026-09-28T00:25:30.044087+00:00,1450.1,45.84,31.82,131.31,490.56,3.87,64.37,19.93,0.386,0.2635,13.89,5.27,845.69,cruise,misfire,1.0
2026-09-28T00:25:31.044087+00:00,1508.9,48.4,32.62,131.12,487.7,3.895,64.48,19.92,0.378,0.2718,13.93,5.33,845.63,cruise,misfire,1.0
2026-09-28T00:25:32.044087+00:00,1568.3,51.16,34.51,131.27,485.89,3.875,64.65,19.9,0.384,0.2725,13.89,5.36,845.59,cruise,misfire,1.0
2026-09-28T00:25:33.044087+00:00,1630.3,53.86,34.37,131.27,483.49,3.903,64.61,20.1,0.388,0.2559,13.99,5.26,845.69,cruise,misfire,1.0
2026-09-28T00:25:34.044087+00:00,1686.4,56.71,35.6,130.51,480.87,3.971,64.36,20.72,0.392,0.2411,14.06,5.26,845.71,cruise,misfire,1.0
2026-09-28T00:25:35.044087+00:00,1744.9,59.05,37.56,130.72,481.69,4.007,64.61,21.08,0.386,0.2541,14.0,5.25,845.59,cruise,misfire,1.0
2026-09-28T00:25:36.044087+00:00,1679.9,61.53,39.16,130.71,483.05,4.018,64.38,21.1,0.389,0.2514,14.07,5.21,845.59,cruise,misfire,1.0
2026-09-28T00:25:37.044087+00:00,1746.5,62.98,40.05,130.97,484.65,4.122,64.68,21.96,0.401,0.2639,13.99,5.16,845.64,cruise,misfire,1.0
2026-09-28T00:25:38.044087+00:00,1796.0,63.77,40.87,130.4,486.02,4.146,64.7,22.29,0.414,0.2661,13.95,5.1,845.65,cruise,misfire,1.0
2026-09-28T00:25:39.044087+00:00,1830.4,64.15,41.6,129.91,489.53,4.177,64.82,22.57,0.409,0.2702,13.95,5.15,845.67,cruise,misfire,1.0
2026-09-28T00:25:40.044087+00:00,1731.5,63.33,41.93,129.79,488.11,4.141,65.0,23.33,0.406,0.2783,13.92,5.23,845.64,cruise,misfire,1.0
2026-09-28T00:25:41.044087+00:00,1753.5,61.37,42.16,129.57,488.35,4.234,65.11,23.26,0.402,0.2845,13.97,5.21,845.75,cruise,misfire,1.0
2026-09-28T00:25:42.044087+00:00,1759.5,58.8,41.3,130.26,487.79,4.193,65.13,23.28,0.394,0.2804,13.98,5.19,845.73,cruise,misfire,1.0
2026-09-28T00:25:43.044087+00:00,1751.1,55.81,40.28,130.57,485.44,4.246,65.13,23.04,0.424,0.2868,13.98,5.21,845.66,cruise,misfire,1.0
2026-09-28T00:25:44.044087+00:00,1727.2,53.47,39.74,131.18,485.89,4.218,64.93,22.88,0.418,0.2835,14.11,5.22,845.65,cruise,misfire,1.0
2026-09-28T00:25:45.044087+00:00,1694.7,50.83,40.0,131.07,483.4,4.17,64.79,23.15,0.421,0.2794,14.15,5.2,845.64,cruise,misfire,1.0
2026-09-28T00:25:46.044087+00:00,1667.3,48.14,39.13,131.41,482.26,4.161,64.81,22.92,0.401,0.2759,14.13,5.19,845.7,cruise,misfire,1.0
2026-09-28T00:25:47.044087+00:00,1634.1,46.31,37.64,131.49,482.23,4.108,64.88,22.9,0.391,0.2885,14.11,5.2,845.65,cruise,misfire,1.0
2026-09-28T00:25:48.044087+00:00,1605.5,45.09,36.53,130.94,482.22,4.059,65.01,22.54,0.399,0.291,14.04,5.24,845.7,cruise,misfire,1.0
2026-09-28T00:25:49.044087+00:00,1487.8,44.41,35.05,131.11,477.93,4.082,65.21,21.87,0.383,0.2838,14.04,5.33,845.71,cruise,misfire,1.0
2026-09-28T00:25:50.044087+00:00,1494.8,44.29,34.23,130.6,472.85,4.046,65.18,21.78,0.393,0.2856,14.04,5.28,845.71,cruise,misfire,1.0
2026-09-28T00:25:51.044087+00:00,1522.5,44.91,33.81,130.18,471.4,4.021,65.17,21.0,0.379,0.2861,14.03,5.34,845.68,cruise,misfire,1.0
2026-09-28T00:25:52.044087+00:00,1547.2,46.62,33.25,129.7,469.89,3.997,64.96,20.89,0.39,0.2798,13.96,5.4,845.69,cruise,misfire,1.0
2026-09-28T00:25:53.044087+00:00,1488.2,48.75,32.72,129.37,471.93,4.012,64.98,20.9,0.401,0.2871,13.98,5.33,845.76,cruise,misfire,1.0
2026-09-28T00:25:54.044087+00:00,1550.4,51.0,33.64,129.36,471.69,3.973,65.27,20.61,0.399,0.2902,14.02,5.3,845.9,cruise,misfire,1.0
2026-09-28T00:25:55.044087+00:00,1617.9,53.75,34.93,129.66,469.38,4.023,65.11,20.81,0.402,0.2806,14.01,5.28,845.82,cruise,misfire,1.0
2026-09-28T00:25:56.044087+00:00,1683.6,57.02,36.09,129.33,469.44,3.991,65.23,21.07,0.395,0.2789,13.98,5.31,845.86,cruise,misfire,1.0
2026-09-28T00:25:57.044087+00:00,1745.5,59.82,37.58,129.19,471.94,4.06,65.16,21.15,0.403,0.2702,14.09,5.33,845.81,cruise,misfire,1.0
2026-09-28T00:25:58.044087+00:00,1682.6,61.73,38.6,129.31,475.27,4.051,65.26,21.55,0.405,0.2661,14.06,5.3,845.86,cruise,misfire,1.0
2026-09-28T00:25:59.044087+00:00,1638.8,62.92,39.79,129.94,477.63,4.077,65.15,22.09,0.381,0.2766,14.13,5.38,845.83,cruise,misfire,1.0
2026-09-28T00:26:00.044087+00:00,1711.7,63.32,39.67,130.45,481.75,4.096,65.36,22.54,0.369,0.285,14.17,5.43,845.78,cruise,misfire,1.0
2026-09-28T00:26:01.044087+00:00,1658.7,63.44,40.45,130.4,483.39,4.111,65.33,22.74,0.371,0.2854,14.26,5.44,845.87,cruise,misfire,1.0
2026-09-28T00:26:02.044087+00:00,1709.9,62.59,40.46,130.32,487.74,4.114,65.36,22.67,0.376,0.2772,14.16,5.47,845.88,cruise,misfire,1.0
2026-09-28T00:26:03.044087+00:00,1737.9,61.14,40.73,129.39,491.15,4.163,65.19,23.03,0.39,0.2668,14.23,5.47,845.83,cruise,misfire,1.0
2026-09-28T00:26:04.044087+00:00,1750.0,59.15,40.59,129.51,494.96,4.191,65.08,23.44,0.39,0.2678,14.13,5.48,845.76,cruise,misfire,1.0
2026-09-28T00:26:05.044087+00:00,1741.7,55.74,40.14,130.09,499.22,4.219,65.12,23.57,0.426,0.2681,14.2,5.43,845.74,cruise,misfire,1.0
2026-09-28T00:26:06.044087+00:00,1714.5,52.62,39.08,129.62,497.98,4.229,65.06,23.46,0.417,0.2634,14.17,5.46,845.82,cruise,misfire,1.0
2026-09-28T00:26:07.044087+00:00,1689.5,50.08,38.34,129.93,500.51,4.194,64.88,23.08,0.408,0.2627,14.06,5.42,845.85,cruise,misfire,1.0
2026-09-28T00:26:08.044087+00:00,1657.4,47.73,37.45,130.16,496.59,4.23,65.25,22.91,0.403,0.2608,14.17,5.4,845.87,cruise,misfire,1.0
2026-09-28T00:26:09.044087+00:00,1627.3,45.72,36.47,130.94,499.87,4.215,65.15,22.54,0.402,0.2631,14.17,5.39,845.82,cruise,misfire,1.0
2026-09-28T00:26:10.044087+00:00,1603.8,44.59,35.83,131.32,495.58,4.187,65.21,22.21,0.413,0.2699,14.23,5.37,845.84,cruise,misfire,1.0
2026-09-28T00:26:11.044087+00:00,1585.5,44.28,34.75,132.32,491.68,4.133,65.22,21.4,0.391,0.272,14.24,5.36,845.83,cruise,misfire,1.0
2026-09-28T00:26:12.044087+00:00,1577.9,43.99,34.14,131.55,494.03,4.049,64.93,21.11,0.388,0.2691,14.12,5.44,845.83,cruise,misfire,1.0
2026-09-28T00:26:13.044087+00:00,1582.0,45.12,33.85,131.42,490.02,4.1,64.87,20.59,0.397,0.2693,14.02,5.36,845.82,cruise,misfire,1.0
2026-09-28T00:26:14.044087+00:00,1594.3,46.18,33.71,131.34,489.15,4.11,65.22,20.23,0.388,0.2661,13.98,5.41,845.79,cruise,misfire,1.0
2026-09-28T00:26:15.044087+00:00,1624.1,47.87,34.58,131.53,487.76,4.095,65.39,20.63,0.384,0.2526,13.97,5.4,845.73,cruise,misfire,1.0
2026-09-28T00:26:16.044087+00:00,1652.3,50.43,35.02,131.0,488.85,4.119,65.46,20.72,0.401,0.2576,13.97,5.42,845.79,cruise,misfire,1.0
2026-09-28T00:26:17.044087+00:00,1698.0,53.61,35.91,131.17,489.02,4.126,65.79,20.74,0.4,0.2557,14.01,5.46,845.82,cruise,misfire,1.0
2026-09-28T00:26:18.044087+00:00,1743.9,56.45,36.63,131.88,487.37,4.136,65.47,20.8,0.398,0.2669,14.11,5.43,845.8,cruise,misfire,1.0
2026-09-28T00:26:19.044087+00:00,1790.1,59.36,38.84,131.7,482.82,4.215,65.54,21.27,0.41,0.2681,14.16,5.41,845.87,cruise,misfire,1.0
2026-09-28T00:26:20.044087+00:00,1717.3,60.93,39.89,131.79,484.83,4.18,65.74,21.83,0.4,0.2646,14.17,5.42,845.98,cruise,misfire,1.0
2026-09-28T00:26:21.044087+00:00,1777.6,62.83,41.05,132.06,485.62,4.19,65.95,22.26,0.377,0.2733,14.21,5.47,845.97,cruise,misfire,1.0
2026-09-28T00:26:22.044087+00:00,1822.1,63.81,41.68,132.02,481.83,4.218,65.81,22.71,0.375,0.2757,14.22,5.42,845.86,cruise,misfire,1.0
2026-09-28T00:26:23.044087+00:00,1849.1,63.45,42.21,131.92,480.82,4.352,65.8,23.27,0.382,0.2801,14.09,5.4,845.8,cruise,misfire,1.0
2026-09-28T00:26:24.044087+00:00,1861.6,62.4,42.49,132.58,478.42,4.453,65.74,23.49,0.393,0.286,14.12,5.48,845.73,cruise,misfire,1.0
2026-09-28T00:26:25.044087+00:00,1862.6,61.05,42.01,132.1,478.68,4.472,65.97,23.73,0.395,0.2917,14.1,5.43,845.69,cruise,misfire,1.0
2026-09-28T00:26:26.044087+00:00,1844.8,58.97,41.77,131.96,477.84,4.47,66.05,23.73,0.397,0.2934,14.1,5.46,845.73,cruise,misfire,1.0
2026-09-28T00:26:27.044087+00:00,1818.6,56.9,41.51,131.86,479.05,4.457,65.97,23.66,0.399,0.2876,14.13,5.45,845.67,cruise,misfire,1.0
2026-09-28T00:26:28.044087+00:00,1674.9,53.9,41.08,132.02,483.01,4.408,65.84,23.68,0.394,0.2823,14.1,5.36,845.62,cruise,misfire,1.0
2026-09-28T00:26:29.044087+00:00,1657.8,50.92,39.72,131.62,481.01,4.365,65.99,23.36,0.393,0.2736,14.15,5.41,845.57,cruise,misfire,1.0
2026-09-28T00:26:30.044087+00:00,1637.4,48.58,38.57,131.01,479.62,4.326,66.01,22.84,0.393,0.2685,14.17,5.39,845.55,cruise,misfire,1.0
2026-09-28T00:26:31.044087+00:00,1616.9,45.88,36.73,131.47,480.39,4.244,65.98,22.45,0.387,0.2733,14.11,5.39,845.44,cruise,misfire,1.0
2026-09-28T00:26:32.044087+00:00,1592.8,44.95,35.19,131.61,481.63,4.2,65.95,21.88,0.38,0.2701,14.1,5.45,845.41,cruise,misfire,1.0
2026-09-28T00:26:33.044087+00:00,1579.3,44.15,34.27,131.74,482.45,4.131,65.83,21.21,0.382,0.2739,14.04,5.47,845.44,cruise,misfire,1.0
2026-09-28T00:26:34.044087+00:00,1577.1,43.58,33.55,131.69,477.87,4.118,65.88,20.76,0.401,0.2805,14.07,5.47,845.51,cruise,misfire,1.0
2026-09-28T00:26:35.044087+00:00,1579.3,44.51,34.3,131.65,479.88,4.084,65.86,20.72,0.389,0.2781,14.06,5.55,845.61,cruise,misfire,1.0
2026-09-28T00:26:36.044087+00:00,1596.3,46.44,33.76,131.34,481.72,4.04,65.83,20.25,0.392,0.2837,14.02,5.59,845.64,cruise,misfire,1.0
2026-09-28T00:26:37.044087+00:00,1625.6,48.61,34.24,130.51,479.55,4.028,65.55,20.41,0.384,0.2867,14.06,5.6,845.6,cruise,misfire,1.0
2026-09-28T00:26:38.044087+00:00,1657.4,50.99,35.17,130.87,481.96,4.071,65.42,20.75,0.38,0.2969,14.0,5.59,845.61,cruise,misfire,1.0
2026-09-28T00:26:39.044087+00:00,1596.0,54.11,36.29,130.72,480.72,4.083,65.59,21.27,0.384,0.2991,14.04,5.54,845.59,cruise,misfire,1.0
2026-09-28T00:26:40.044087+00:00,1661.9,56.84,36.98,131.76,482.8,4.058,65.47,21.38,0.409,0.3049,14.01,5.59,845.63,cruise,misfire,1.0
2026-09-28T00:26:41.044087+00:00,1727.2,59.26,38.11,131.52,488.09,4.128,65.42,21.63,0.402,0.2969,14.11,5.55,845.62,descent,misfire,1.0
2026-09-28T00:26:42.044087+00:00,1779.5,60.87,39.72,131.54,491.72,4.228,65.16,21.9,0.421,0.2815,14.14,5.59,845.73,descent,misfire,1.0
2026-09-28T00:26:43.044087+00:00,1816.2,62.04,40.44,131.41,491.93,4.298,64.95,22.31,0.419,0.2692,14.13,5.64,845.76,descent,misfire,1.0
2026-09-28T00:26:44.044087+00:00,1838.1,62.05,41.58,132.16,497.33,4.319,64.93,22.73,0.397,0.2754,14.03,5.67,845.81,descent,misfire,1.0
2026-09-28T00:26:45.044087+00:00,1849.6,61.57,42.16,132.27,500.37,4.365,64.87,23.21,0.393,0.2841,14.07,5.65,845.82,descent,misfire,1.0
2026-09-28T00:26:46.044087+00:00,1733.6,60.09,41.58,131.79,501.61,4.395,65.29,23.46,0.391,0.2855,14.13,5.63,845.94,descent,misfire,1.0
2026-09-28T00:26:47.044087+00:00,1743.5,57.88,41.1,131.07,503.3,4.359,65.16,22.96,0.38,0.2941,14.09,5.6,845.96,descent,misfire,1.0
2026-09-28T00:26:48.044087+00:00,1736.1,55.1,40.24,130.6,503.65,4.341,65.31,22.7,0.389,0.2999,14.02,5.54,846.0,descent,misfire,1.0
2026-09-28T00:26:49.044087+00:00,1710.1,52.23,39.54,130.73,504.47,4.334,65.3,22.98,0.393,0.2926,14.0,5.59,846.04,descent,misfire,1.0
2026-09-28T00:26:50.044087+00:00,1675.8,49.13,38.79,131.87,502.48,4.376,65.37,22.71,0.38,0.2904,14.04,5.6,846.16,descent,misfire,1.0
2026-09-28T00:26:51.044087+00:00,1633.3,46.38,37.53,131.46,500.11,4.335,65.6,22.57,0.391,0.2866,14.03,5.59,846.33,descent,misfire,1.0
2026-09-28T00:26:52.044087+00:00,1596.1,43.34,37.39,130.81,504.01,4.243,65.72,22.3,0.376,0.2795,13.94,5.52,846.35,descent,misfire,1.0
2026-09-28T00:26:53.044087+00:00,1563.4,41.35,35.77,131.41,503.19,4.231,65.65,21.75,0.362,0.2795,14.03,5.41,846.32,descent,misfire,1.0
2026-09-28T00:26:54.044087+00:00,1526.8,39.66,34.63,131.12,504.25,4.149,65.89,21.32,0.364,0.2867,14.04,5.41,846.41,descent,misfire,1.0
2026-09-28T00:26:55.044087+00:00,1501.7,38.51,33.35,130.74,500.59,4.083,65.92,20.59,0.38,0.2852,13.95,5.4,846.47,descent,misfire,1.0
2026-09-28T00:26:56.044087+00:00,1480.8,37.81,32.32,131.07,496.21,4.031,65.89,20.38,0.379,0.2808,13.9,5.44,846.62,descent,misfire,1.0
2026-09-28T00:26:57.044087+00:00,1474.8,38.19,31.59,131.31,491.52,4.026,65.91,20.07,0.378,0.2765,13.93,5.44,846.72,descent,misfire,1.0
2026-09-28T00:26:58.044087+00:00,1479.2,38.93,30.84,130.74,487.23,4.003,65.74,19.6,0.378,0.2787,14.01,5.39,846.87,descent,misfire,1.0
2026-09-28T00:26:59.044087+00:00,1488.3,40.19,31.62,130.92,482.12,3.934,65.36,19.44,0.371,0.2755,14.07,5.35,846.92,descent,misfire,1.0
2026-09-28T00:27:00.044087+00:00,1502.2,41.3,31.48,130.97,477.16,3.983,65.49,19.2,0.36,0.2719,14.04,5.32,847.05,descent,misfire,1.0
2026-09-28T00:27:01.044087+00:00,1524.8,43.38,30.68,131.85,472.01,3.993,65.41,18.98,0.37,0.2713,13.98,5.34,847.12,descent,misfire,1.0
2026-09-28T00:27:02.044087+00:00,1547.1,45.36,31.09,132.58,467.42,4.007,65.64,18.84,0.382,0.2706,13.98,5.36,847.18,descent,misfire,1.0
2026-09-28T00:27:03.044087+00:00,1570.0,46.82,31.79,131.48,462.74,4.028,65.54,18.93,0.395,0.2761,13.98,5.36,847.32,descent,misfire,1.0
2026-09-28T00:27:04.044087+00:00,1590.5,47.67,32.28,131.35,462.11,4.048,65.62,19.14,0.401,0.2871,13.99,5.3,847.45,descent,misfire,1.0
2026-09-28T00:27:05.044087+00:00,1600.3,47.69,33.27,131.17,459.47,4.029,65.66,19.51,0.414,0.2765,14.0,5.29,847.63,descent,misfire,1.0
2026-09-28T00:27:06.044087+00:00,1613.4,47.55,33.39,131.19,457.3,3.973,65.57,19.62,0.415,0.2776,14.11,5.27,847.83,descent,misfire,1.0
2026-09-28T00:27:07.044087+00:00,1608.7,47.23,34.0,131.32,454.78,3.912,65.66,19.88,0.42,0.276,14.01,5.25,847.97,descent,misfire,1.0
2026-09-28T00:27:08.044087+00:00,1598.3,45.91,33.94,131.14,454.62,3.915,65.63,19.93,0.408,0.2694,14.11,5.29,848.23,descent,misfire,1.0
2026-09-28T00:27:09.044087+00:00,1576.7,44.0,33.68,131.0,455.2,3.918,65.66,20.21,0.392,0.2828,14.13,5.23,848.4,descent,misfire,1.0
2026-09-28T00:27:10.044087+00:00,1548.3,42.28,33.23,130.97,453.72,3.87,65.84,19.87,0.387,0.2836,14.16,5.2,848.57,descent,misfire,1.0
2026-09-28T00:27:11.044087+00:00,1508.5,39.39,31.54,130.36,454.29,3.856,65.97,19.83,0.381,0.2863,14.15,5.25,848.63,descent,misfire,1.0
2026-09-28T00:27:12.044087+00:00,1465.4,37.11,30.47,130.26,454.06,3.822,66.02,19.39,0.383,0.2758,14.16,5.3,848.82,descent,misfire,1.0
2026-09-28T00:27:13.044087+00:00,1425.8,34.92,28.95,130.7,454.93,3.82,65.97,18.42,0.372,0.2666,14.17,5.28,848.91,descent,misfire,1.0
2026-09-28T00:27:14.044087+00:00,1386.4,32.4,28.34,129.85,455.94,3.79,66.06,18.4,0.374,0.2677,14.11,5.37,849.15,descent,misfire,1.0
2026-09-28T00:27:15.044087+00:00,1354.9,30.67,27.21,130.22,457.9,3.74,66.27,17.74,0.375,0.2634,14.18,5.41,849.27,descent,misfire,1.0
2026-09-28T00:27:16.044087+00:00,1322.0,29.97,26.31,130.41,457.29,3.716,66.27,17.41,0.375,0.2604,14.06,5.46,849.49,descent,misfire,1.0
2026-09-28T00:27:17.044087+00:00,1297.0,28.49,24.91,129.94,455.79,3.688,66.54,17.13,0.372,0.2625,14.07,5.51,849.73,descent,misfire,1.0
2026-09-28T00:27:18.044087+00:00,1273.5,27.98,24.36,130.52,454.24,3.645,66.69,16.33,0.377,0.266,13.96,5.49,849.96,descent,misfire,1.0
2026-09-28T00:27:19.044087+00:00,1181.3,28.26,23.53,131.27,457.75,3.557,66.76,15.68,0.372,0.2775,13.88,5.55,850.23,descent,misfire,1.0
2026-09-28T00:27:20.044087+00:00,1200.7,28.82,23.47,131.34,454.96,3.45,66.95,15.83,0.373,0.2674,13.89,5.52,850.43,descent,misfire,1.0
2026-09-28T00:27:21.044087+00:00,1217.3,29.72,23.69,131.74,455.77,3.409,66.74,15.6,0.371,0.2615,13.92,5.55,850.62,descent,misfire,1.0
2026-09-28T00:27:22.044087+00:00,1240.4,30.99,23.61,131.76,456.49,3.399,66.75,15.09,0.365,0.2706,13.95,5.52,850.83,descent,misfire,1.0
2026-09-28T00:27:23.044087+00:00,1260.2,32.26,24.62,132.06,457.77,3.375,66.59,15.04,0.379,0.2659,13.92,5.65,850.97,descent,misfire,1.0
2026-09-28T00:27:24.044087+00:00,1280.1,33.33,24.72,132.21,458.02,3.339,66.87,15.34,0.369,0.2619,13.93,5.62,851.2,descent,misfire,1.0
2026-09-28T00:27:25.044087+00:00,1298.9,34.46,25.04,132.98,453.61,3.398,67.09,15.43,0.382,0.2623,13.99,5.6,851.35,descent,misfire,1.0
2026-09-28T00:27:26.044087+00:00,1306.9,35.35,25.41,132.61,452.07,3.413,67.06,15.91,0.396,0.2582,13.96,5.62,851.52,descent,misfire,1.0
2026-09-28T00:27:27.044087+00:00,1317.2,34.67,25.04,131.95,448.79,3.442,67.16,16.48,0.38,0.2563,13.98,5.61,851.69,descent,misfire,1.0
2026-09-28T00:27:28.044087+00:00,1315.8,34.37,25.7,132.19,446.58,3.473,67.37,16.7,0.388,0.2454,13.93,5.66,851.95,descent,misfire,1.0
2026-09-28T00:27:29.044087+00:00,1237.1,33.6,25.76,132.43,445.52,3.419,67.12,16.79,0.365,0.2507,13.97,5.68,852.15,descent,misfire,1.0
2026-09-28T00:27:30.044087+00:00,1244.1,32.58,25.73,132.35,446.45,3.373,66.97,16.84,0.37,0.2598,14.02,5.69,852.36,descent,misfire,1.0
2026-09-28T00:27:31.044087+00:00,1240.6,30.94,25.3,132.15,445.05,3.39,66.9,16.41,0.364,0.2639,13.96,5.7,852.57,descent,misfire,1.0
2026-09-28T00:27:32.044087+00:00,1223.3,28.58,24.55,132.78,442.91,3.39,66.97,16.24,0.364,0.2617,14.0,5.7,852.85,descent,misfire,1.0
2026-09-28T00:27:33.044087+00:00,1138.3,27.25,23.1,132.72,436.34,3.293,66.98,15.95,0.378,0.2592,13.97,5.81,853.05,descent,misfire,1.0
2026-09-28T00:27:34.044087+00:00,1131.5,25.89,22.68,132.16,431.5,3.269,66.87,15.86,0.375,0.2586,13.99,5.84,853.29,descent,misfire,1.0
2026-09-28T00:27:35.044087+00:00,1122.3,23.71,22.28,131.84,431.26,3.291,66.61,15.83,0.352,0.2624,13.93,5.84,853.43,descent,misfire,1.0
2026-09-28T00:27:36.044087+00:00,1104.0,22.16,21.11,131.63,427.83,3.23,66.69,15.76,0.358,0.262,13.94,5.87,853.68,descent,misfire,1.0
2026-09-28T00:27:37.044087+00:00,1086.2,21.29,20.86,131.57,424.07,3.198,66.75,15.62,0.36,0.2707,14.0,5.8,854.0,descent,misfire,1.0
2026-09-28T00:27:38.044087+00:00,1064.6,19.67,19.72,131.02,421.53,3.186,66.46,15.14,0.337,0.2707,13.97,5.89,854.27,descent,misfire,1.0
2026-09-28T00:27:39.044087+00:00,1049.2,18.15,19.02,131.64,415.47,3.106,66.56,14.68,0.364,0.2579,14.03,5.86,854.44,descent,misfire,1.0
2026-09-28T00:27:40.044087+00:00,1041.3,17.6,18.17,131.81,412.15,3.035,66.39,14.3,0.369,0.2556,14.0,5.94,854.74,descent,misfire,1.0
2026-09-28T00:27:41.044087+00:00,1034.5,17.33,17.98,131.89,408.44,3.026,66.11,13.94,0.375,0.2537,13.93,5.95,854.93,descent,misfire,1.0
2026-09-28T00:27:42.044087+00:00,1032.9,18.21,17.24,132.26,407.52,3.064,66.05,13.44,0.36,0.2484,13.95,5.96,855.25,descent,misfire,1.0
2026-09-28T00:27:43.044087+00:00,1040.0,18.59,16.74,132.07,404.37,3.005,65.93,12.64,0.362,0.2468,13.92,6.02,855.47,descent,misfire,1.0
2026-09-28T00:27:44.044087+00:00,1047.8,19.83,16.82,131.84,403.55,2.974,65.75,12.71,0.357,0.2448,13.99,6.12,855.73,descent,misfire,1.0
2026-09-28T00:27:45.044087+00:00,994.4,20.67,17.27,131.79,398.61,2.923,65.76,12.87,0.36,0.2467,13.91,6.2,856.09,descent,misfire,1.0
2026-09-28T00:27:46.044087+00:00,1021.3,21.95,17.23,131.36,399.8,2.912,65.59,13.05,0.364,0.2519,13.84,6.19,856.36,descent,misfire,1.0
2026-09-28T00:27:47.044087+00:00,1048.3,22.97,17.25,131.58,399.38,2.888,65.49,13.2,0.354,0.2518,13.84,6.25,856.63,descent,misfire,1.0
2026-09-28T00:27:48.044087+00:00,1069.3,24.19,18.57,131.73,399.2,2.938,65.57,13.11,0.361,0.2511,13.86,6.23,856.97,descent,misfire,1.0
2026-09-28T00:27:49.044087+00:00,1088.4,24.61,19.32,131.29,400.72,2.993,65.75,13.34,0.355,0.2459,13.89,6.24,857.26,descent,misfire,1.0
2026-09-28T00:27:50.044087+00:00,1106.4,25.09,19.56,131.81,405.53,2.946,65.8,13.6,0.359,0.2441,13.84,6.28,857.59,descent,misfire,1.0
2026-09-28T00:27:51.044087+00:00,1112.5,24.79,20.1,131.66,405.74,2.976,65.96,13.6,0.349,0.2496,13.96,6.29,857.88,descent,misfire,1.0
2026-09-28T00:27:52.044087+00:00,1113.3,23.51,19.97,131.18,407.18,2.993,65.91,13.96,0.365,0.2399,14.01,6.31,858.2,descent,misfire,1.0
2026-09-28T00:27:53.044087+00:00,1114.0,23.23,20.27,131.23,405.94,2.949,65.56,13.84,0.368,0.2381,13.99,6.37,858.55,descent,misfire,1.0
2026-09-28T00:27:54.044087+00:00,1107.7,22.51,20.1,130.99,409.33,3.039,65.69,14.01,0.378,0.2398,14.01,6.35,858.8,descent,misfire,1.0
2026-09-28T00:27:55.044087+00:00,1093.7,21.22,19.02,130.76,409.22,3.023,65.84,13.78,0.386,0.2495,14.0,6.31,859.11,descent,misfire,1.0
2026-09-28T00:27:56.044087+00:00,1019.6,20.47,18.8,131.09,406.57,3.023,66.04,13.46,0.384,0.2638,13.95,6.41,859.42,descent,misfire,1.0
2026-09-28T00:27:57.044087+00:00,1020.2,19.82,18.71,131.58,405.35,3.007,65.97,13.63,0.367,0.2706,13.92,6.38,859.68,descent,misfire,1.0
2026-09-28T00:27:58.044087+00:00,1013.5,18.62,18.46,131.85,406.27,3.0,65.9,13.71,0.366,0.2791,13.96,6.46,859.97,descent,misfire,1.0
2026-09-28T00:27:59.044087+00:00,947.8,18.0,17.45,131.47,408.39,2.914,65.99,13.4,0.36,0.2717,13.97,6.39,860.3,descent,misfire,1.0
2026-09-28T00:28:00.044087+00:00,954.0,16.99,17.67,131.48,410.66,2.898,65.77,13.29,0.363,0.2691,13.98,6.4,860.59,descent,misfire,1.0
2026-09-28T00:28:01.044087+00:00,956.8,16.88,17.43,131.5,409.63,2.892,65.72,13.13,0.362,0.2599,13.96,6.46,860.9,descent,misfire,1.0
2026-09-28T00:28:02.044087+00:00,963.5,16.92,16.95,131.13,412.11,2.859,65.91,12.63,0.361,0.2562,13.96,6.49,861.18,descent,misfire,1.0
2026-09-28T00:28:03.044087+00:00,974.3,17.13,16.51,130.61,410.61,2.871,65.94,12.32,0.366,0.2581,13.97,6.55,861.45,descent,misfire,1.0
2026-09-28T00:28:04.044087+00:00,982.5,18.1,16.31,130.11,408.03,2.824,65.96,12.52,0.369,0.2511,13.94,6.52,861.82,descent,misfire,1.0
2026-09-28T00:28:05.044087+00:00,998.1,18.54,15.94,129.92,402.54,2.848,65.88,12.56,0.36,0.2658,13.95,6.58,862.21,descent,misfire,1.0
2026-09-28T00:28:06.044087+00:00,1021.3,19.38,16.42,130.36,398.8,2.846,65.96,12.47,0.35,0.2496,13.94,6.53,862.48,descent,misfire,1.0
2026-09-28T00:28:07.044087+00:00,972.9,20.57,15.97,129.73,399.57,2.857,65.69,12.24,0.338,0.2484,13.98,6.47,862.76,descent,misfire,1.0
2026-09-28T00:28:08.044087+00:00,950.4,21.55,16.2,129.91,394.61,2.827,65.68,11.85,0.344,0.2436,13.96,6.47,863.21,descent,misfire,1.0
2026-09-28T00:28:09.044087+00:00,994.1,22.52,16.9,129.67,394.36,2.872,65.71,12.04,0.341,0.2446,14.02,6.41,863.53,descent,misfire,1.0
2026-09-28T00:28:10.044087+00:00,1035.9,23.24,17.04,130.02,389.45,2.902,65.49,12.14,0.351,0.2555,13.91,6.34,863.9,descent,misfire,1.0
2026-09-28T00:28:11.044087+00:00,1062.8,23.75,17.71,129.27,384.6,2.928,65.51,12.08,0.359,0.2643,14.01,6.34,864.29,descent,misfire,1.0
2026-09-28T00:28:12.044087+00:00,1084.2,24.23,18.14,129.54,382.98,2.93,65.41,12.62,0.371,0.2651,14.0,6.37,864.53,descent,misfire,1.0
2026-09-28T00:28:13.044087+00:00,1097.2,23.7,18.8,129.24,381.33,2.982,65.28,12.94,0.361,0.2539,13.94,6.44,864.87,descent,misfire,1.0
2026-09-28T00:28:14.044087+00:00,1105.6,23.61,18.74,129.25,381.39,2.971,65.08,12.9,0.352,0.2709,13.93,6.4,865.16,descent,misfire,1.0
2026-09-28T00:28:15.044087+00:00,1103.7,23.3,19.43,128.63,380.29,3.003,65.23,13.31,0.359,0.2667,13.92,6.42,865.57,descent,misfire,1.0
2026-09-28T00:28:16.044087+00:00,1101.0,22.76,19.41,128.88,377.12,3.043,64.98,13.42,0.361,0.2695,13.91,6.44,865.86,descent,misfire,1.0
2026-09-28T00:28:17.044087+00:00,1091.3,21.37,20.34,129.75,371.65,3.035,65.04,13.52,0.343,0.265,13.97,6.46,866.21,descent,misfire,1.0
2026-09-28T00:28:18.044087+00:00,1086.4,20.19,19.58,129.74,371.08,3.064,65.12,13.19,0.361,0.261,13.97,6.5,866.53,descent,misfire,1.0
2026-09-28T00:28:19.044087+00:00,1066.8,18.92,19.36,129.45,370.14,3.033,65.07,13.35,0.361,0.247,14.01,6.44,866.82,descent,misfire,1.0
2026-09-28T00:28:20.044087+00:00,1053.2,17.8,19.09,129.08,370.37,3.097,64.89,13.65,0.37,0.2538,13.92,6.46,867.16,descent,misfire,1.0
2026-09-28T00:28:21.044087+00:00,1036.9,16.64,18.88,128.87,375.96,3.086,64.75,13.28,0.375,0.2449,13.94,6.49,867.5,descent,misfire,1.0
2026-09-28T00:28:22.044087+00:00,962.8,15.98,17.95,128.39,375.06,2.964,64.72,13.25,0.374,0.2384,13.99,6.52,867.91,descent,misfire,1.0
2026-09-28T00:28:23.044087+00:00,911.9,15.63,17.2,128.25,376.83,2.943,64.42,13.08,0.368,0.2435,13.97,6.52,868.24,descent,misfire,1.0
2026-09-28T00:28:24.044087+00:00,874.7,16.34,16.08,128.12,374.84,2.896,64.38,12.85,0.357,0.2537,13.99,6.63,868.65,descent,misfire,1.0
2026-09-28T00:28:25.044087+00:00,900.4,16.7,16.04,127.56,377.24,2.854,64.42,12.61,0.35,0.2511,13.97,6.6,869.07,descent,misfire,1.0
2026-09-28T00:28:26.044087+00:00,926.4,17.18,15.74,127.25,377.03,2.85,64.42,12.29,0.351,0.2547,13.99,6.63,869.52,descent,misfire,1.0
2026-09-28T00:28:27.044087+00:00,962.5,18.25,16.08,127.27,376.27,2.84,64.5,12.15,0.346,0.2552,13.92,6.73,869.93,descent,misfire,1.0
2026-09-28T00:28:28.044087+00:00,991.6,19.73,16.05,127.53,376.11,2.878,64.6,12.33,0.374,0.2545,13.92,6.76,870.29,descent,misfire,1.0
2026-09-28T00:28:29.044087+00:00,957.9,20.42,16.43,127.44,374.93,2.912,64.62,12.53,0.376,0.2559,13.94,6.74,870.73,descent,misfire,1.0
2026-09-28T00:28:30.044087+00:00,995.8,21.77,16.49,127.42,377.14,2.886,64.66,12.8,0.36,0.2554,13.85,6.76,871.05,descent,misfire,1.0
2026-09-28T00:28:31.044087+00:00,1029.7,22.92,17.14,127.66,384.4,2.922,64.77,12.48,0.354,0.2657,13.91,6.78,871.4,descent,misfire,1.0
2026-09-28T00:28:32.044087+00:00,1058.0,23.57,17.42,128.01,388.82,2.919,64.97,12.43,0.352,0.2689,13.84,6.83,871.69,descent,misfire,1.0
2026-09-28T00:28:33.044087+00:00,1081.4,23.94,18.82,128.47,390.14,2.889,64.96,12.81,0.355,0.2656,13.9,6.82,872.02,descent,misfire,1.0
2026-09-28T00:28:34.044087+00:00,1099.8,24.25,19.21,128.24,391.89,2.914,65.11,13.12,0.355,0.2668,13.86,6.84,872.4,descent,misfire,1.0
2026-09-28T00:28:35.044087+00:00,1113.2,23.84,18.67,128.55,396.8,2.973,65.06,13.36,0.38,0.2652,13.85,6.81,872.79,descent,misfire,1.0
2026-09-28T00:28:36.044087+00:00,1122.0,23.68,18.87,128.58,398.81,3.058,64.96,13.54,0.381,0.2699,13.9,6.86,873.29,descent,misfire,1.0
2026-09-28T00:28:37.044087+00:00,1114.0,23.13,19.05,128.32,400.9,3.072,65.07,13.8,0.365,0.2676,13.93,6.91,873.72,descent,misfire,1.0
2026-09-28T00:28:38.044087+00:00,1108.7,22.34,19.67,128.42,402.33,3.12,65.17,13.34,0.365,0.2665,13.95,6.95,874.11,descent,misfire,1.0
2026-09-28T00:28:39.044087+00:00,1097.5,21.41,19.39,128.7,402.92,3.114,65.0,13.55,0.376,0.2653,13.87,7.04,874.49,descent,misfire,1.0
2026-09-28T00:28:40.044087+00:00,1084.6,20.13,18.76,128.15,405.74,3.065,64.78,13.67,0.378,0.273,13.86,7.05,874.94,descent,misfire,1.0
2026-09-28T00:28:41.044087+00:00,1067.0,18.86,17.7,127.92,403.78,3.126,65.19,13.32,0.379,0.2645,13.85,7.03,875.27,descent,misfire,1.0
2026-09-28T00:28:42.044087+00:00,1057.8,18.12,17.38,127.87,404.4,3.136,65.39,13.26,0.37,0.2734,13.94,6.93,875.57,descent,misfire,1.0
2026-09-28T00:28:43.044087+00:00,1046.1,17.26,17.41,127.73,404.94,3.105,65.35,13.53,0.375,0.2708,13.93,6.87,875.93,descent,misfire,1.0
2026-09-28T00:28:44.044087+00:00,1034.7,17.06,17.57,127.44,400.08,3.087,65.24,13.42,0.369,0.2762,14.01,6.88,876.3,descent,misfire,1.0
2026-09-28T00:28:45.044087+00:00,1018.8,16.72,16.8,126.99,395.95,3.076,65.07,13.15,0.368,0.2704,13.94,6.79,876.67,descent,misfire,1.0
2026-09-28T00:28:46.044087+00:00,953.2,16.76,16.09,127.05,395.96,3.022,65.14,12.93,0.362,0.2666,13.97,6.85,877.1,descent,misfire,1.0
2026-09-28T00:28:47.044087+00:00,969.8,17.6,16.56,126.78,395.4,2.987,64.72,12.83,0.348,0.2535,13.97,6.8,877.45,descent,misfire,1.0
2026-09-28T00:28:48.044087+00:00,985.1,18.15,16.74,126.29,393.13,2.976,64.93,12.74,0.345,0.2569,13.96,6.84,877.88,descent,misfire,1.0
2026-09-28T00:28:49.044087+00:00,995.2,18.84,16.35,126.16,388.85,2.961,64.91,12.49,0.357,0.2451,14.03,6.84,878.22,descent,misfire,1.0
2026-09-28T00:28:50.044087+00:00,1014.3,19.56,16.92,126.89,386.55,3.009,64.79,12.8,0.359,0.2467,14.01,6.9,878.63,descent,misfire,1.0
2026-09-28T00:28:51.044087+00:00,1035.8,20.22,17.18,127.35,382.56,2.986,64.85,12.85,0.374,0.2447,13.99,6.9,879.01,descent,misfire,1.0
2026-09-28T00:28:52.044087+00:00,1060.1,21.37,17.02,127.01,381.9,2.963,64.78,12.85,0.372,0.2619,13.97,6.93,879.43,descent,misfire,1.0
2026-09-28T00:28:53.044087+00:00,1077.5,22.31,17.26,126.64,381.52,2.941,64.56,12.7,0.366,0.2623,13.99,6.98,879.78,descent,misfire,1.0
2026-09-28T00:28:54.044087+00:00,1092.2,23.28,18.72,126.73,378.55,2.995,64.48,12.89,0.354,0.2632,14.0,7.04,880.16,descent,misfire,1.0
2026-09-28T00:28:55.044087+00:00,1110.5,24.41,18.95,126.58,380.34,3.012,64.42,13.23,0.364,0.2531,14.06,7.04,880.58,descent,misfire,1.0
2026-09-28T00:28:56.044087+00:00,1122.4,24.85,19.42,126.58,380.83,2.987,64.29,12.98,0.363,0.2574,13.95,7.06,881.03,descent,misfire,1.0
2026-09-28T00:28:57.044087+00:00,1127.5,24.38,20.47,126.65,382.88,3.024,63.84,13.43,0.369,0.2542,13.94,7.0,881.47,descent,misfire,1.0
2026-09-28T00:28:58.044087+00:00,1130.4,23.8,21.0,126.59,382.59,3.036,63.99,13.98,0.376,0.2592,13.91,7.07,881.82,descent,misfire,1.0
2026-09-28T00:28:59.044087+00:00,1057.9,23.44,19.92,125.94,383.16,3.021,63.99,14.44,0.375,0.2719,13.9,7.01,882.23,descent,misfire,1.0
2026-09-28T00:29:00.044087+00:00,1061.9,22.57,19.34,125.95,382.09,3.001,63.87,14.54,0.361,0.2778,13.89,7.01,882.58,descent,misfire,1.0
2026-09-28T00:29:01.044087+00:00,994.1,21.16,18.43,125.36,381.17,2.998,63.98,14.19,0.362,0.28,13.91,6.98,882.89,descent,misfire,1.0
2026-09-28T00:29:02.044087+00:00,1009.7,20.57,17.81,125.54,381.39,2.996,63.71,13.81,0.349,0.2783,13.92,6.99,883.3,descent,misfire,1.0
2026-09-28T00:29:03.044087+00:00,1011.2,19.89,17.32,124.77,376.73,2.985,63.46,13.75,0.356,0.277,13.91,7.08,883.77,descent,misfire,1.0
2026-09-28T00:29:04.044087+00:00,1002.7,18.9,16.71,124.44,374.7,2.995,63.34,13.56,0.347,0.2818,13.93,7.11,884.18,descent,misfire,1.0
2026-09-28T00:29:05.044087+00:00,996.9,17.8,16.76,124.05,382.06,2.939,63.44,13.07,0.332,0.2733,13.93,7.17,884.56,descent,misfire,1.0
2026-09-28T00:29:06.044087+00:00,935.6,17.63,16.19,124.54,379.45,2.951,63.25,12.93,0.336,0.2656,14.0,7.24,884.93,descent,misfire,1.0
2026-09-28T00:29:07.044087+00:00,941.7,17.5,15.32,125.34,383.39,2.933,63.17,12.21,0.353,0.2732,13.96,7.3,885.3,descent,misfire,1.0
2026-09-28T00:29:08.044087+00:00,956.8,16.86,15.37,126.17,384.86,2.875,63.14,12.26,0.336,0.268,13.99,7.43,885.66,descent,misfire,1.0
2026-09-28T00:29:09.044087+00:00,913.9,17.41,15.14,126.33,385.76,2.82,63.01,11.73,0.347,0.262,13.95,7.48,885.99,descent,misfire,1.0
2026-09-28T00:29:10.044087+00:00,943.8,17.95,16.64,125.55,387.67,2.804,62.86,12.11,0.347,0.2607,13.99,7.56,886.37,descent,misfire,1.0
2026-09-28T00:29:11.044087+00:00,963.2,18.77,16.68,125.31,386.51,2.8,62.7,12.23,0.346,0.2623,14.02,7.53,886.78,descent,misfire,1.0
2026-09-28T00:29:12.044087+00:00,991.9,19.43,17.36,124.67,389.74,2.816,62.95,12.2,0.355,0.2646,14.04,7.61,887.22,descent,misfire,1.0
2026-09-28T00:29:13.044087+00:00,1018.6,20.58,17.51,124.19,394.86,2.794,62.93,12.43,0.358,0.2699,14.0,7.58,887.69,descent,misfire,1.0
2026-09-28T00:29:14.044087+00:00,982.5,21.95,17.7,123.93,396.67,2.823,63.1,12.41,0.371,0.2614,14.02,7.52,888.04,descent,misfire,1.0
2026-09-28T00:29:15.044087+00:00,1018.7,23.53,18.14,123.97,396.92,2.857,62.96,12.84,0.383,0.2652,14.01,7.6,888.44,descent,misfire,1.0
2026-09-28T00:29:16.044087+00:00,1052.7,24.31,18.47,123.33,397.59,2.851,63.06,12.73,0.382,0.2683,14.01,7.64,888.81,descent,misfire,1.0
2026-09-28T00:29:17.044087+00:00,1075.2,24.9,19.06,123.02,398.48,2.833,63.07,12.91,0.375,0.2597,13.92,7.64,889.13,descent,misfire,1.0
2026-09-28T00:29:18.044087+00:00,1090.9,24.63,19.45,122.83,397.95,2.895,62.83,12.74,0.369,0.2539,13.93,7.68,889.56,descent,misfire,1.0
2026-09-28T00:29:19.044087+00:00,1040.4,24.47,19.73,123.04,399.19,2.93,62.97,12.87,0.366,0.2565,13.99,7.74,889.9,descent,misfire,1.0
2026-09-28T00:29:20.044087+00:00,1064.3,24.7,19.49,122.21,396.23,2.962,63.03,13.15,0.357,0.261,13.95,7.69,890.27,descent,misfire,1.0
2026-09-28T00:29:21.044087+00:00,1079.6,23.64,19.11,122.46,397.31,2.984,63.3,13.32,0.363,0.266,14.02,7.73,890.69,descent,misfire,1.0
2026-09-28T00:29:22.044087+00:00,1087.4,22.57,19.93,122.94,398.12,2.977,63.4,13.75,0.351,0.2742,13.96,7.83,891.08,descent,misfire,1.0
2026-09-28T00:29:23.044087+00:00,1084.3,22.12,19.63,123.2,399.07,3.021,63.65,14.18,0.349,0.2742,14.03,7.81,891.37,descent,misfire,1.0
2026-09-28T00:29:24.044087+00:00,1072.5,21.14,19.34,122.6,396.82,3.0,63.64,14.43,0.361,0.2651,13.96,7.83,891.82,descent,misfire,1.0
2026-09-28T00:29:25.044087+00:00,1059.1,20.05,19.4,122.58,394.87,3.016,63.62,14.17,0.353,0.2673,14.09,7.91,892.28,descent,misfire,1.0
2026-09-28T00:29:26.044087+00:00,1043.8,19.05,19.04,122.97,397.01,3.005,63.48,14.26,0.353,0.2645,14.13,7.96,892.65,descent,misfire,1.0
2026-09-28T00:29:27.044087+00:00,1030.7,17.95,18.36,121.69,395.24,3.009,63.18,13.99,0.371,0.2637,14.18,7.98,893.06,descent,misfire,1.0
2026-09-28T00:29:28.044087+00:00,1018.7,17.74,16.89,121.91,391.94,3.003,63.28,13.55,0.364,0.2643,14.22,7.9,893.48,descent,misfire,1.0
2026-09-28T00:29:29.044087+00:00,1013.4,17.12,17.0,121.09,390.34,3.007,63.13,13.28,0.366,0.2599,14.12,7.92,893.9,descent,misfire,1.0
2026-09-28T00:29:30.044087+00:00,1011.8,17.3,16.62,121.0,386.74,3.044,63.21,13.09,0.368,0.2627,14.03,7.99,894.25,descent,misfire,1.0
2026-09-28T00:29:31.044087+00:00,954.6,17.67,16.31,120.84,386.25,3.007,62.96,12.79,0.365,0.2598,14.02,8.01,894.59,descent,misfire,1.0
2026-09-28T00:29:32.044087+00:00,976.3,17.66,16.47,120.58,384.17,2.987,62.82,12.6,0.365,0.2638,13.97,7.96,895.03,descent,misfire,1.0
2026-09-28T00:29:33.044087+00:00,991.9,18.12,16.66,120.71,381.67,2.977,62.84,12.8,0.362,0.2683,14.06,7.91,895.56,descent,misfire,1.0
2026-09-28T00:29:34.044087+00:00,1011.1,19.19,16.99,121.23,378.42,2.951,62.95,12.43,0.365,0.2738,14.04,7.93,895.97,descent,misfire,1.0
2026-09-28T00:29:35.044087+00:00,1037.6,20.77,17.28,121.1,375.89,2.943,62.66,12.67,0.36,0.2801,14.06,7.96,896.41,descent,misfire,1.0
2026-09-28T00:29:36.044087+00:00,1059.1,22.17,17.56,121.39,376.95,2.954,62.8,12.71,0.34,0.2775,14.05,7.99,896.87,descent,misfire,1.0
2026-09-28T00:29:37.044087+00:00,1077.7,22.58,17.52,121.04,378.17,2.941,62.76,12.7,0.335,0.2774,14.04,8.1,897.24,descent,misfire,1.0
2026-09-28T00:29:38.044087+00:00,1096.0,23.3,18.48,120.96,377.74,3.011,62.62,12.62,0.323,0.2719,14.12,8.09,897.63,descent,misfire,1.0
2026-09-28T00:29:39.044087+00:00,1113.8,23.79,19.33,120.92,375.04,3.068,62.72,13.19,0.35,0.2703,14.05,8.15,897.98,descent,misfire,1.0
2026-09-28T00:29:40.044087+00:00,1124.9,24.28,19.22,121.41,377.33,3.1,62.75,13.39,0.364,0.2685,13.97,8.27,898.45,descent,misfire,1.0
2026-09-28T00:29:41.044087+00:00,1134.1,23.95,19.34,121.35,378.86,3.106,62.44,13.41,0.38,0.2632,13.97,8.35,898.86,descent,misfire,1.0
2026-09-28T00:29:42.044087+00:00,1129.6,23.98,19.33,121.58,378.46,3.139,62.53,13.46,0.392,0.2561,14.05,8.31,899.25,descent,misfire,1.0
2026-09-28T00:29:43.044087+00:00,1124.2,23.61,19.61,121.76,380.28,3.148,62.46,13.76,0.385,0.2646,14.05,8.33,899.66,descent,misfire,1.0
2026-09-28T00:29:44.044087+00:00,1118.6,22.83,19.98,121.99,381.98,3.149,62.42,13.66,0.382,0.2724,13.99,8.36,900.19,descent,misfire,1.0
2026-09-28T00:29:45.044087+00:00,1104.4,21.73,19.81,121.99,382.97,3.155,62.37,13.87,0.389,0.2759,13.93,8.4,900.67,descent,misfire,1.0
2026-09-28T00:29:46.044087+00:00,1090.4,20.05,19.45,121.76,384.23,3.161,62.5,13.93,0.383,0.2772,13.97,8.48,901.2,descent,misfire,1.0
2026-09-28T00:29:47.044087+00:00,1071.7,19.32,18.53,121.71,382.51,3.201,62.65,13.84,0.376,0.278,13.95,8.4,901.63,descent,misfire,1.0
2026-09-28T00:29:48.044087+00:00,991.2,18.77,18.47,120.41,387.44,3.118,62.73,13.59,0.363,0.2728,13.98,8.45,902.01,descent,misfire,1.0
2026-09-28T00:29:49.044087+00:00,988.4,18.02,17.98,120.79,390.21,3.05,62.46,13.45,0.36,0.2775,14.0,8.53,902.45,descent,misfire,1.0
2026-09-28T00:29:50.044087+00:00,987.7,17.32,17.86,121.4,392.92,3.055,62.54,13.32,0.35,0.2639,13.87,8.65,902.91,descent,misfire,1.0
2026-09-28T00:29:51.044087+00:00,987.6,17.25,17.55,121.76,394.26,3.023,62.66,13.18,0.356,0.2548,13.9,8.56,903.33,descent,misfire,1.0
2026-09-28T00:29:52.044087+00:00,987.8,17.52,16.86,120.8,396.95,2.998,62.53,12.82,0.358,0.2496,13.96,8.53,903.75,descent,misfire,1.0
2026-09-28T00:29:53.044087+00:00,995.3,17.23,16.5,120.45,398.15,3.011,62.71,12.22,0.37,0.2543,13.97,8.51,904.19,descent,misfire,1.0
2026-09-28T00:29:54.044087+00:00,1000.5,17.8,16.77,120.85,402.23,2.998,62.88,12.16,0.378,0.2478,13.89,8.54,904.49,descent,misfire,1.0
2026-09-28T00:29:55.044087+00:00,1015.8,18.52,16.88,121.16,402.35,2.969,63.03,12.27,0.358,0.2545,13.9,8.68,904.93,descent,misfire,1.0
2026-09-28T00:29:56.044087+00:00,1029.8,19.58,17.32,120.5,404.64,2.947,63.2,12.47,0.344,0.2557,13.86,8.78,905.36,descent,misfire,1.0
2026-09-28T00:29:57.044087+00:00,1045.4,20.55,17.31,120.57,402.94,2.975,63.26,12.27,0.343,0.2445,13.83,8.82,905.76,descent,misfire,1.0
2026-09-28T00:29:58.044087+00:00,1064.7,21.73,17.86,120.52,403.65,2.946,63.36,12.76,0.354,0.2374,13.83,8.84,906.26,descent,misfire,1.0
2026-09-28T00:29:59.044087+00:00,1079.7,22.8,18.5,120.61,403.34,3.03,63.15,12.82,0.363,0.2414,13.89,8.84,906.69,descent,misfire,1.0
2026-09-28T00:30:00.044087+00:00,1093.2,23.24,18.86,120.8,403.39,2.967,63.03,13.05,0.345,0.2447,13.94,8.81,907.08,descent,misfire,1.0
2026-09-28T00:30:01.044087+00:00,1101.8,23.88,19.25,120.93,401.9,2.976,62.83,12.95,0.356,0.2467,13.96,8.83,907.55,descent,misfire,1.0
2026-09-28T00:30:02.044087+00:00,1118.3,23.49,19.0,120.87,400.89,3.02,62.75,12.85,0.346,0.2485,13.96,8.87,907.98,descent,misfire,1.0
2026-09-28T00:30:03.044087+00:00,1128.8,23.77,19.3,121.6,400.67,3.055,62.53,12.78,0.354,0.2483,13.96,8.96,908.36,descent,misfire,1.0
2026-09-28T00:30:04.044087+00:00,1129.2,23.48,19.88,122.25,401.93,3.066,62.23,13.14,0.335,0.2572,14.01,8.9,908.77,descent,misfire,1.0
2026-09-28T00:30:05.044087+00:00,1129.7,23.02,20.9,122.29,400.62,3.123,62.16,13.59,0.354,0.2646,14.09,8.91,909.17,descent,misfire,1.0
2026-09-28T00:30:06.044087+00:00,1115.7,22.45,20.54,122.44,399.94,3.189,62.34,13.5,0.353,0.265,13.96,8.93,909.61,descent,misfire,1.0
2026-09-28T00:30:07.044087+00:00,1100.7,21.59,19.85,122.29,395.43,3.152,62.26,13.65,0.367,0.2672,13.9,8.99,910.08,descent,misfire,1.0
2026-09-28T00:30:08.044087+00:00,1080.7,20.64,19.57,122.41,393.71,3.143,62.27,13.54,0.356,0.2584,13.85,9.0,910.45,descent,misfire,1.0
2026-09-28T00:30:09.044087+00:00,1065.4,19.79,18.72,122.82,390.68,3.071,62.17,13.46,0.356,0.2583,13.92,9.04,910.96,descent,misfire,1.0
2026-09-28T00:30:10.044087+00:00,1047.8,19.09,18.69,123.0,389.09,3.027,62.5,13.3,0.359,0.2635,14.03,9.14,911.34,descent,misfire,1.0
2026-09-28T00:30:11.044087+00:00,1032.9,17.75,19.06,123.02,387.16,3.054,62.64,13.63,0.357,0.2606,13.96,9.11,911.82,descent,misfire,1.0
2026-09-28T00:30:12.044087+00:00,1020.7,17.53,19.08,122.58,381.2,2.997,62.83,13.56,0.377,0.2565,13.96,9.12,912.17,descent,misfire,1.0
2026-09-28T00:30:13.044087+00:00,1017.1,16.82,17.01,123.37,381.44,3.019,62.79,13.35,0.352,0.2588,14.0,9.14,912.67,descent,misfire,1.0
2026-09-28T00:30:14.044087+00:00,1015.8,16.84,16.35,123.54,379.73,3.014,62.9,12.91,0.348,0.2613,14.03,9.14,913.18,descent,misfire,1.0
2026-09-28T00:30:15.044087+00:00,1015.5,17.2,16.75,124.29,374.94,3.064,63.19,12.54,0.348,0.2575,14.07,9.23,913.57,descent,misfire,1.0
2026-09-28T00:30:16.044087+00:00,1018.4,17.67,16.43,123.65,374.46,3.05,63.09,12.69,0.346,0.2558,14.07,9.17,914.03,descent,misfire,1.0
2026-09-28T00:30:17.044087+00:00,1028.0,18.54,16.8,124.1,375.97,3.115,63.32,12.96,0.348,0.2567,14.07,9.21,914.43,descent,misfire,1.0
2026-09-28T00:30:18.044087+00:00,983.4,19.5,16.51,124.74,377.86,3.03,63.3,13.06,0.335,0.2555,13.97,9.23,914.79,descent,misfire,1.0
2026-09-28T00:30:19.044087+00:00,1013.3,20.73,16.78,124.66,376.5,2.979,63.18,12.61,0.339,0.2579,13.99,9.3,915.27,descent,misfire,1.0
2026-09-28T00:30:20.044087+00:00,1042.1,21.16,17.39,124.5,379.0,2.968,63.02,12.43,0.352,0.2603,13.91,9.31,915.73,descent,misfire,1.0
2026-09-28T00:30:21.044087+00:00,1072.4,22.37,18.96,123.97,386.63,2.959,63.11,12.92,0.358,0.2581,13.91,9.42,916.14,descent,misfire,1.0
2026-09-28T00:30:22.044087+00:00,1088.8,23.16,18.77,124.37,391.1,2.959,63.29,13.12,0.34,0.2626,13.92,9.49,916.44,descent,misfire,1.0
2026-09-28T00:30:23.044087+00:00,1103.8,24.21,19.11,124.08,392.62,2.952,63.3,13.26,0.346,0.26,13.98,9.54,916.88,descent,misfire,1.0
2026-09-28T00:30:24.044087+00:00,1119.2,24.42,19.89,123.54,392.07,2.979,63.25,13.53,0.363,0.2602,13.99,9.46,917.34,descent,misfire,1.0
2026-09-28T00:30:25.044087+00:00,1127.1,24.29,20.49,123.57,392.51,3.041,63.31,13.67,0.368,0.2631,14.1,9.42,917.79,descent,misfire,1.0
2026-09-28T00:30:26.044087+00:00,1126.5,23.88,20.1,122.83,390.88,3.007,63.2,13.86,0.365,0.2572,13.94,9.53,918.14,descent,misfire,1.0
2026-09-28T00:30:27.044087+00:00,1125.6,23.46,20.4,122.39,393.4,3.005,63.2,14.22,0.362,0.2467,13.91,9.57,918.57,descent,misfire,1.0
2026-09-28T00:30:28.044087+00:00,1115.4,23.06,19.56,122.86,396.3,3.03,63.15,14.25,0.362,0.2494,13.92,9.56,918.95,descent,misfire,1.0
2026-09-28T00:30:29.044087+00:00,1108.5,21.57,19.63,122.39,399.92,3.067,63.39,14.16,0.349,0.2579,13.94,9.6,919.31,descent,misfire,1.0
2026-09-28T00:30:30.044087+00:00,1019.7,19.95,18.96,122.38,401.11,3.059,63.21,14.08,0.359,0.2534,13.91,9.61,919.81,descent,misfire,1.0
2026-09-28T00:30:31.044087+00:00,1017.5,19.34,18.53,122.19,403.57,3.065,63.24,13.86,0.365,0.2482,13.91,9.65,920.27,descent,misfire,1.0
2026-09-28T00:30:32.044087+00:00,1011.9,18.37,18.23,122.11,404.08,3.029,63.2,13.64,0.357,0.2556,13.84,9.61,920.58,descent,misfire,1.0
2026-09-28T00:30:33.044087+00:00,1000.2,17.02,17.54,122.24,403.64,3.004,63.3,13.48,0.362,0.2608,13.88,9.65,920.99,descent,misfire,1.0
2026-09-28T00:30:34.044087+00:00,994.3,16.86,17.14,122.04,406.17,2.988,63.28,13.11,0.36,0.2586,13.86,9.7,921.45,descent,misfire,1.0
2026-09-28T00:30:35.044087+00:00,925.8,16.59,16.81,121.95,405.7,2.949,63.14,12.58,0.342,0.2535,13.83,9.74,921.77,descent,misfire,1.0
2026-09-28T00:30:36.044087+00:00,945.4,16.61,17.12,121.16,402.92,2.988,62.87,12.74,0.354,0.2534,13.82,9.81,922.21,descent,misfire,1.0
2026-09-28T00:30:37.044087+00:00,963.6,17.34,16.5,121.82,401.42,2.939,62.89,12.78,0.357,0.2537,13.84,9.8,922.68,descent,misfire,1.0
2026-09-28T00:30:38.044087+00:00,919.6,17.34,16.86,121.37,398.84,2.908,62.94,12.71,0.34,0.2557,13.89,9.83,923.19,descent,misfire,1.0
2026-09-28T00:30:39.044087+00:00,949.5,18.22,16.53,121.22,399.58,2.905,63.07,12.82,0.36,0.2584,13.88,9.81,923.67,descent,misfire,1.0
2026-09-28T00:30:40.044087+00:00,977.0,19.53,17.44,121.77,397.71,2.92,63.15,12.82,0.332,0.2569,13.94,9.84,924.06,descent,misfire,1.0
2026-09-28T00:30:41.044087+00:00,1010.1,20.55,17.43,122.09,396.99,2.952,63.45,12.55,0.333,0.2603,13.99,9.86,924.43,descent,misfire,1.0
2026-09-28T00:30:42.044087+00:00,1039.5,21.44,17.87,122.51,394.79,2.905,63.55,12.61,0.353,0.2549,13.99,9.89,924.87,descent,misfire,1.0
2026-09-28T00:30:43.044087+00:00,1062.5,22.71,18.82,122.72,395.06,2.929,63.57,12.87,0.341,0.2586,13.97,9.95,925.39,descent,misfire,1.0
2026-09-28T00:30:44.044087+00:00,1086.6,23.46,19.3,122.74,394.19,2.982,63.57,12.96,0.352,0.2546,13.84,10.02,925.85,descent,misfire,1.0
2026-09-28T00:30:45.044087+00:00,1034.3,24.03,20.14,122.98,396.03,3.019,63.82,13.41,0.341,0.2538,13.77,10.1,926.28,descent,misfire,1.0
2026-09-28T00:30:46.044087+00:00,1063.5,24.79,19.97,123.13,396.04,3.007,63.72,13.47,0.338,0.2538,13.82,10.17,926.77,descent,misfire,1.0
2026-09-28T00:30:47.044087+00:00,1081.0,24.53,20.14,122.66,394.47,2.993,63.74,13.43,0.354,0.2616,13.83,10.14,927.22,descent,misfire,1.0
2026-09-28T00:30:48.044087+00:00,1093.6,24.18,20.08,121.96,391.43,3.019,63.72,13.91,0.34,0.2565,13.94,10.13,927.66,descent,misfire,1.0
2026-09-28T00:30:49.044087+00:00,1090.3,23.73,20.41,122.39,390.73,3.055,64.07,14.26,0.358,0.2504,13.98,10.13,928.08,descent,misfire,1.0
2026-09-28T00:30:50.044087+00:00,1086.6,22.76,20.08,122.57,387.47,3.078,64.04,14.11,0.373,0.246,13.94,10.15,928.49,descent,misfire,1.0
2026-09-28T00:30:51.044087+00:00,1079.9,21.66,19.79,122.41,383.42,3.044,64.25,14.13,0.363,0.2404,13.98,10.26,928.98,descent,misfire,1.0
2026-09-28T00:30:52.044087+00:00,1075.2,21.21,19.82,122.5,381.11,3.009,64.06,14.27,0.355,0.2394,13.98,10.15,929.42,descent,misfire,1.0
2026-09-28T00:30:53.044087+00:00,1060.1,20.1,19.41,122.43,381.26,3.002,64.04,14.09,0.355,0.2438,13.95,10.08,929.93,descent,misfire,1.0
2026-09-28T00:30:54.044087+00:00,1044.5,18.71,18.35,122.42,382.03,2.986,64.13,13.67,0.338,0.2362,13.97,10.16,930.31,descent,misfire,1.0
2026-09-28T00:30:55.044087+00:00,1031.4,17.48,18.35,123.09,382.51,2.998,64.28,13.28,0.334,0.249,13.98,10.22,930.71,descent,misfire,1.0
2026-09-28T00:30:56.044087+00:00,1020.5,16.71,18.34,122.94,382.14,2.986,64.17,12.98,0.334,0.2461,13.9,10.27,931.14,descent,misfire,1.0
2026-09-28T00:30:57.044087+00:00,1009.2,16.87,17.31,123.18,381.67,2.952,64.07,13.3,0.328,0.2417,13.94,10.24,931.54,descent,misfire,1.0
2026-09-28T00:30:58.044087+00:00,1005.0,17.47,16.68,123.33,383.19,2.907,64.02,13.3,0.334,0.2391,13.88,10.29,931.89,descent,misfire,1.0
2026-09-28T00:30:59.044087+00:00,1006.1,17.85,16.92,123.74,384.11,2.922,63.57,13.03,0.347,0.2496,13.79,10.4,932.34,descent,misfire,1.0
2026-09-28T00:31:00.044087+00:00,1011.4,18.15,17.23,123.28,385.59,2.882,63.71,12.52,0.347,0.2553,13.88,10.41,932.74,descent,misfire,1.0
2026-09-28T00:31:01.044087+00:00,958.0,18.66,17.73,123.48,388.73,2.868,63.7,12.39,0.344,0.2589,13.89,10.43,933.24,descent,misfire,1.0
2026-09-28T00:31:02.044087+00:00,988.5,19.34,17.61,123.12,388.72,2.854,63.72,12.48,0.341,0.2667,13.91,10.46,933.6,descent,misfire,1.0
2026-09-28T00:31:03.044087+00:00,1015.1,20.76,17.5,123.32,391.24,2.841,63.77,12.98,0.346,0.2557,13.89,10.59,934.09,descent,misfire,1.0
2026-09-28T00:31:04.044087+00:00,1047.8,22.01,18.38,124.19,396.39,2.902,63.76,13.13,0.351,0.2505,13.9,10.69,934.5,descent,misfire,1.0
2026-09-28T00:31:05.044087+00:00,1067.4,23.01,18.62,124.48,400.7,2.942,64.02,13.08,0.356,0.2438,13.88,10.68,934.98,descent,misfire,1.0
2026-09-28T00:31:06.044087+00:00,1088.9,23.78,19.17,124.62,398.76,2.911,64.14,13.21,0.347,0.2524,13.89,10.68,935.44,descent,misfire,1.0
2026-09-28T00:31:07.044087+00:00,1106.4,24.66,20.06,125.27,400.5,2.918,64.18,13.28,0.366,0.255,13.97,10.66,935.88,descent,misfire,1.0
2026-09-28T00:31:08.044087+00:00,1117.6,24.35,19.94,124.51,402.66,2.921,64.27,13.09,0.366,0.2539,13.99,10.61,936.35,descent,misfire,1.0
2026-09-28T00:31:09.044087+00:00,1126.0,24.28,20.46,125.18,402.1,2.95,64.42,13.64,0.378,0.2541,13.91,10.63,936.81,descent,misfire,1.0
2026-09-28T00:31:10.044087+00:00,1126.8,23.93,20.48,124.96,401.78,3.021,64.52,13.76,0.386,0.2556,13.91,10.74,937.26,descent,misfire,1.0
2026-09-28T00:31:11.044087+00:00,1123.8,23.31,20.56,124.92,403.63,3.055,64.64,13.93,0.376,0.2474,13.87,10.75,937.74,descent,misfire,1.0
2026-09-28T00:31:12.044087+00:00,1108.9,22.51,20.4,124.85,408.8,3.062,64.55,14.24,0.371,0.2476,13.8,10.8,938.13,descent,misfire,1.0
2026-09-28T00:31:13.044087+00:00,1101.3,21.28,20.44,125.35,410.06,3.023,64.94,14.37,0.359,0.2554,13.83,10.81,938.64,descent,misfire,1.0
2026-09-28T00:31:14.044087+00:00,1083.2,19.76,19.55,125.24,407.85,3.065,65.02,14.05,0.347,0.2534,13.82,10.83,939.12,descent,misfire,1.0
2026-09-28T00:31:15.044087+00:00,1067.0,19.3,19.4,125.56,406.07,3.042,65.12,14.22,0.35,0.2535,13.84,10.81,939.57,descent,misfire,1.0
2026-09-28T00:31:16.044087+00:00,1050.9,18.43,18.88,126.39,404.61,3.078,65.14,13.96,0.352,0.258,13.79,10.84,939.95,descent,misfire,1.0
2026-09-28T00:31:17.044087+00:00,1039.0,17.12,17.62,126.14,405.73,3.056,65.11,13.6,0.357,0.2517,13.82,10.8,940.42,descent,misfire,1.0
2026-09-28T00:31:18.044087+00:00,1032.8,16.96,17.49,126.25,406.17,3.047,65.07,13.32,0.357,0.2475,13.84,10.81,940.92,descent,misfire,1.0
2026-09-28T00:31:19.044087+00:00,1022.4,17.28,16.89,126.21,399.95,3.073,65.01,13.04,0.353,0.2511,13.81,10.85,941.4,descent,misfire,1.0
2026-09-28T00:31:20.044087+00:00,1022.1,16.93,16.97,126.56,396.02,3.081,65.11,12.99,0.342,0.2454,13.9,10.83,941.84,descent,misfire,1.0
2026-09-28T00:31:21.044087+00:00,1017.2,17.33,16.41,126.97,394.24,3.078,65.09,12.97,0.356,0.2524,13.95,10.75,942.29,descent,misfire,1.0
2026-09-28T00:31:22.044087+00:00,1020.2,18.27,16.01,126.65,389.48,3.056,65.04,12.74,0.353,0.2463,13.95,10.86,942.69,descent,misfire,1.0
2026-09-28T00:31:23.044087+00:00,1025.8,18.56,15.76,126.87,384.07,3.042,65.11,12.17,0.343,0.2377,13.99,10.9,943.18,descent,misfire,1.0
2026-09-28T00:31:24.044087+00:00,1037.5,19.83,16.92,126.3,381.85,2.985,64.99,11.98,0.347,0.2408,13.99,10.97,943.58,descent,misfire,1.0
2026-09-28T00:31:25.044087+00:00,1056.8,20.67,18.32,126.58,381.48,2.996,65.04,12.63,0.35,0.2455,13.86,10.98,944.09,descent,misfire,1.0
2026-09-28T00:31:26.044087+00:00,1071.8,22.36,18.79,126.05,377.27,3.013,64.87,13.25,0.361,0.2495,14.02,10.98,944.55,descent,misfire,1.0
2026-09-28T00:31:27.044087+00:00,1085.1,23.3,19.01,126.91,380.3,2.969,64.85,13.52,0.378,0.2478,14.04,11.08,944.99,descent,misfire,1.0
2026-09-28T00:31:28.044087+00:00,1100.7,24.0,19.26,127.26,379.11,2.974,64.82,13.81,0.364,0.2475,13.98,11.1,945.47,descent,misfire,1.0
2026-09-28T00:31:29.044087+00:00,1113.9,23.63,18.86,126.93,377.24,3.021,64.64,13.72,0.365,0.2518,14.03,11.11,945.91,descent,misfire,1.0
2026-09-28T00:31:30.044087+00:00,1053.4,23.69,19.2,126.66,377.6,3.047,64.59,13.55,0.364,0.2541,14.03,11.12,946.36,descent,misfire,1.0
2026-09-28T00:31:31.044087+00:00,1070.1,23.88,20.09,126.41,376.25,3.007,64.67,14.1,0.365,0.2534,13.98,11.07,946.81,descent,misfire,1.0
2026-09-28T00:31:32.044087+00:00,1078.8,23.42,19.86,126.35,379.41,3.005,64.65,13.74,0.353,0.2562,14.03,11.08,947.27,descent,misfire,1.0
2026-09-28T00:31:33.044087+00:00,1085.3,22.91,19.27,125.18,383.7,3.033,64.6,13.74,0.37,0.2545,14.09,11.15,947.76,descent,misfire,1.0
2026-09-28T00:31:34.044087+00:00,1082.9,22.1,19.17,125.0,385.02,2.947,64.58,13.29,0.379,0.2758,14.06,11.16,948.25,descent,misfire,1.0
2026-09-28T00:31:35.044087+00:00,1070.5,21.2,19.62,125.45,387.96,2.956,64.57,13.41,0.377,0.2701,13.98,11.25,948.77,descent,misfire,1.0
2026-09-28T00:31:36.044087+00:00,1059.6,20.32,18.95,125.2,391.85,2.997,64.54,13.44,0.372,0.2701,14.01,11.26,949.26,descent,misfire,1.0
2026-09-28T00:31:37.044087+00:00,1048.2,19.34,19.0,124.52,394.83,2.981,64.63,13.48,0.369,0.2754,14.0,11.3,949.69,descent,misfire,1.0
2026-09-28T00:31:38.044087+00:00,1033.5,18.09,18.76,124.39,394.57,2.941,64.83,13.45,0.367,0.2745,14.08,11.39,950.15,descent,misfire,1.0
2026-09-28T00:31:39.044087+00:00,1017.7,17.56,18.23,124.13,401.02,2.953,64.67,12.93,0.363,0.2787,14.02,11.41,950.62,descent,misfire,1.0
2026-09-28T00:31:40.044087+00:00,1010.1,17.07,18.11,123.9,403.93,2.935,64.66,12.93,0.352,0.2763,13.97,11.44,951.07,descent,misfire,1.0
2026-09-28T00:31:41.044087+00:00,985.5,15.22,18.15,124.23,405.66,2.915,64.66,13.13,0.343,0.2727,13.99,11.43,951.49,taxi,misfire,1.0
2026-09-28T00:31:42.044087+00:00,968.1,14.16,17.0,124.47,407.45,2.909,64.71,13.13,0.35,0.2633,13.98,11.49,951.79,taxi,misfire,1.0
2026-09-28T00:31:43.044087+00:00,893.4,13.17,15.84,123.97,407.45,2.856,64.82,13.04,0.363,0.2643,13.97,11.5,952.23,taxi,misfire,1.0
2026-09-28T00:31:44.044087+00:00,903.4,13.34,15.74,124.26,411.07,2.833,64.85,12.79,0.361,0.2684,13.94,11.61,952.76,taxi,misfire,1.0
2026-09-28T00:31:45.044087+00:00,916.9,13.58,15.63,124.83,414.32,2.848,64.99,12.61,0.366,0.2669,13.94,11.59,953.25,taxi,misfire,1.0
2026-09-28T00:31:46.044087+00:00,936.2,14.79,16.09,124.96,415.31,2.843,65.01,12.65,0.36,0.2677,13.93,11.68,953.68,taxi,misfire,1.0
2026-09-28T00:31:47.044087+00:00,945.9,15.32,16.04,125.0,415.29,2.828,64.88,12.66,0.363,0.2678,13.95,11.67,954.02,taxi,misfire,1.0
2026-09-28T00:31:48.044087+00:00,962.8,16.15,16.76,124.73,416.0,2.847,64.97,12.46,0.359,0.2682,13.88,11.76,954.41,taxi,misfire,1.0
2026-09-28T00:31:49.044087+00:00,973.4,16.68,16.55,124.21,414.16,2.805,65.09,12.54,0.343,0.2573,13.9,11.77,954.87,taxi,misfire,1.0
2026-09-28T00:31:50.044087+00:00,981.7,17.6,17.02,124.09,414.65,2.868,64.8,12.45,0.354,0.2596,13.88,11.8,955.18,taxi,misfire,1.0
2026-09-28T00:31:51.044087+00:00,987.0,17.78,16.71,124.27,413.27,2.854,65.05,12.58,0.363,0.2513,13.96,11.75,955.55,taxi,misfire,1.0
2026-09-28T00:31:52.044087+00:00,999.8,18.32,16.57,123.7,410.81,2.833,65.0,12.58,0.34,0.2409,13.91,11.82,955.89,taxi,misfire,1.0
2026-09-28T00:31:53.044087+00:00,999.7,17.97,16.85,123.86,408.22,2.804,65.01,12.65,0.368,0.2376,13.92,11.75,956.32,taxi,misfire,1.0
2026-09-28T00:31:54.044087+00:00,997.7,17.14,16.81,123.83,406.19,2.792,65.03,12.47,0.361,0.2325,13.94,11.84,956.62,taxi,misfire,1.0
2026-09-28T00:31:55.044087+00:00,990.2,16.34,16.44,123.42,407.7,2.788,65.22,12.43,0.356,0.237,14.03,11.94,957.03,taxi,misfire,1.0
2026-09-28T00:31:56.044087+00:00,981.3,15.96,16.32,123.03,404.93,2.807,65.02,12.35,0.343,0.2464,14.07,12.04,957.39,taxi,misfire,1.0
2026-09-28T00:31:57.044087+00:00,972.1,15.17,16.19,122.62,403.67,2.841,65.21,12.05,0.362,0.2475,13.97,12.08,957.81,taxi,misfire,1.0
2026-09-28T00:31:58.044087+00:00,956.3,14.79,16.62,122.99,399.17,2.834,65.22,11.96,0.366,0.2399,13.96,12.12,958.21,taxi,misfire,1.0
2026-09-28T00:31:59.044087+00:00,946.0,14.11,15.78,122.7,395.6,2.844,65.08,11.91,0.354,0.2497,14.08,12.12,958.59,taxi,misfire,1.0
2026-09-28T00:32:00.044087+00:00,932.6,13.49,14.87,122.64,395.47,2.82,65.08,11.87,0.361,0.2495,14.09,12.15,958.89,taxi,misfire,1.0
2026-09-28T00:32:01.044087+00:00,918.6,12.54,15.06,122.79,393.17,2.797,64.96,11.35,0.365,0.2449,14.05,12.14,959.2,taxi,misfire,1.0
2026-09-28T00:32:02.044087+00:00,910.9,12.32,14.2,122.42,387.44,2.794,65.07,11.46,0.356,0.2493,14.01,12.16,959.47,taxi,misfire,1.0
2026-09-28T00:32:03.044087+00:00,904.7,11.57,14.71,122.25,383.84,2.827,64.99,11.9,0.355,0.2454,14.08,12.16,959.77,taxi,misfire,1.0
2026-09-28T00:32:04.044087+00:00,903.8,11.42,14.32,121.12,382.43,2.841,65.22,11.85,0.351,0.2519,14.01,12.19,960.08,taxi,misfire,1.0
2026-09-28T00:32:05.044087+00:00,854.3,12.45,14.42,121.61,378.98,2.806,65.15,11.72,0.364,0.2617,13.99,12.17,960.37,taxi,misfire,1.0
2026-09-28T00:32:06.044087+00:00,865.6,12.9,14.54,121.83,376.06,2.804,65.25,11.56,0.341,0.2476,13.89,12.2,960.7,taxi,misfire,1.0
2026-09-28T00:32:07.044087+00:00,884.3,13.19,14.38,121.68,376.9,2.771,65.16,11.47,0.35,0.2482,13.86,12.18,960.96,taxi,misfire,1.0
2026-09-28T00:32:08.044087+00:00,904.0,13.95,15.28,121.73,376.78,2.745,65.02,11.48,0.341,0.2453,13.9,12.18,961.25,taxi,misfire,1.0
2026-09-28T00:32:09.044087+00:00,923.1,14.76,15.44,122.05,372.75,2.778,65.03,11.52,0.33,0.2443,13.9,12.19,961.54,taxi,misfire,1.0
2026-09-28T00:32:10.044087+00:00,936.2,16.01,14.86,122.25,372.89,2.776,65.26,11.45,0.348,0.2585,13.87,12.2,961.69,taxi,misfire,1.0
2026-09-28T00:32:11.044087+00:00,955.3,16.69,15.44,122.39,370.53,2.764,65.39,11.74,0.349,0.2699,13.82,12.24,962.02,taxi,misfire,1.0
2026-09-28T00:32:12.044087+00:00,913.6,17.24,15.67,121.41,371.16,2.769,65.3,12.13,0.354,0.2567,13.88,12.35,962.37,taxi,misfire,1.0
2026-09-28T00:32:13.044087+00:00,936.7,17.55,16.63,121.39,373.48,2.792,65.34,12.4,0.359,0.2624,13.93,12.3,962.58,taxi,misfire,1.0
2026-09-28T00:32:14.044087+00:00,955.3,17.84,16.56,120.99,374.59,2.769,65.46,12.25,0.367,0.2597,13.93,12.3,962.79,taxi,misfire,1.0
2026-09-28T00:32:15.044087+00:00,967.6,17.67,16.76,120.41,378.17,2.839,65.4,12.4,0.363,0.2549,14.05,12.35,963.07,taxi,misfire,1.0
2026-09-28T00:32:16.044087+00:00,975.8,17.19,16.77,120.32,382.88,2.831,65.53,11.88,0.361,0.2495,13.99,12.3,963.43,taxi,misfire,1.0
2026-09-28T00:32:17.044087+00:00,978.1,16.75,17.21,120.03,384.08,2.789,65.63,11.86,0.37,0.2578,13.98,12.29,963.73,taxi,misfire,1.0
2026-09-28T00:32:18.044087+00:00,973.4,15.99,16.73,120.24,386.25,2.797,65.43,12.02,0.363,0.2582,14.01,12.27,963.98,taxi,misfire,1.0
2026-09-28T00:32:19.044087+00:00,966.2,15.7,16.64,120.43,388.71,2.796,65.64,11.84,0.359,0.271,14.0,12.22,964.22,taxi,misfire,1.0
2026-09-28T00:32:20.044087+00:00,962.6,15.28,15.98,120.18,389.47,2.764,65.66,11.89,0.37,0.2671,13.89,12.19,964.52,taxi,misfire,1.0
2026-09-28T00:32:21.044087+00:00,949.1,14.01,15.59,120.2,391.61,2.755,65.67,12.12,0.365,0.2748,13.83,12.24,964.79,taxi,misfire,1.0
2026-09-28T00:32:22.044087+00:00,880.3,13.73,15.04,119.8,391.53,2.756,65.72,12.18,0.36,0.2647,13.87,12.27,965.0,taxi,misfire,1.0
2026-09-28T00:32:23.044087+00:00,880.0,12.64,14.92,119.65,392.84,2.737,65.7,12.17,0.355,0.2496,13.9,12.3,965.15,taxi,misfire,1.0
2026-09-28T00:32:24.044087+00:00,830.5,12.5,14.05,120.06,392.79,2.732,65.83,11.87,0.359,0.2632,13.88,12.27,965.35,taxi,misfire,1.0
2026-09-28T00:32:25.044087+00:00,848.2,11.83,13.77,120.76,393.38,2.723,65.9,11.39,0.353,0.2648,13.9,12.31,965.6,taxi,misfire,1.0
2026-09-28T00:32:26.044087+00:00,861.4,12.12,13.69,120.46,392.25,2.681,66.08,11.15,0.344,0.2665,13.93,12.33,965.9,taxi,misfire,1.0
2026-09-28T00:32:27.044087+00:00,874.5,12.52,13.94,120.28,392.26,2.643,66.16,11.34,0.316,0.2668,13.96,12.26,966.07,taxi,misfire,1.0
2026-09-28T00:32:28.044087+00:00,886.3,12.97,13.66,120.07,395.12,2.646,66.15,11.4,0.337,0.2633,13.94,12.37,966.21,taxi,misfire,1.0
2026-09-28T00:32:29.044087+00:00,897.9,13.2,14.33,120.11,395.46,2.648,66.32,11.49,0.354,0.2706,13.88,12.31,966.41,taxi,misfire,1.0
2026-09-28T00:32:30.044087+00:00,909.4,14.41,15.04,119.66,393.24,2.649,66.4,11.49,0.37,0.265,13.76,12.42,966.56,taxi,misfire,1.0
2026-09-28T00:32:31.044087+00:00,927.5,15.29,15.44,119.86,391.45,2.684,66.62,11.44,0.363,0.26,13.79,12.48,966.72,taxi,misfire,1.0
2026-09-28T00:32:32.044087+00:00,938.3,16.45,15.53,119.53,391.26,2.707,66.7,11.18,0.363,0.2562,13.84,12.46,966.95,taxi,misfire,1.0
2026-09-28T00:32:33.044087+00:00,895.2,16.93,16.21,119.87,390.94,2.717,66.71,11.53,0.345,0.2567,13.88,12.42,967.11,taxi,misfire,1.0
2026-09-28T00:32:34.044087+00:00,919.0,17.28,16.66,119.4,388.85,2.727,66.78,11.91,0.337,0.2546,13.95,12.45,967.31,taxi,misfire,1.0
2026-09-28T00:32:35.044087+00:00,888.1,17.0,17.09,119.58,385.66,2.751,66.81,11.99,0.32,0.2513,13.97,12.46,967.49,taxi,misfire,1.0
2026-09-28T00:32:36.044087+00:00,916.9,17.51,16.88,119.47,383.44,2.758,66.41,12.14,0.328,0.2495,13.93,12.53,967.61,taxi,misfire,1.0
2026-09-28T00:32:37.044087+00:00,934.0,17.35,16.93,119.58,381.26,2.78,66.7,11.94,0.343,0.2558,13.92,12.55,967.84,taxi,misfire,1.0
2026-09-28T00:32:38.044087+00:00,951.8,17.44,16.94,119.48,381.41,2.767,67.01,11.76,0.348,0.2531,13.89,12.62,967.84,taxi,misfire,1.0
2026-09-28T00:32:39.044087+00:00,953.6,16.89,17.15,120.17,377.11,2.775,66.89,11.99,0.345,0.2552,13.95,12.62,968.06,taxi,misfire,1.0
2026-09-28T00:32:40.044087+00:00,952.8,16.22,17.3,120.62,376.55,2.802,67.0,12.02,0.354,0.2515,13.93,12.62,968.29,taxi,misfire,1.0
2026-09-28T00:32:41.044087+00:00,953.3,16.2,17.4,120.9,374.14,2.765,67.27,11.89,0.361,0.2618,13.92,12.69,968.37,shutdown,misfire,1.0
2026-09-28T00:32:42.044087+00:00,947.2,15.26,16.89,121.57,372.57,2.782,66.96,11.81,0.372,0.2582,13.99,12.62,968.64,shutdown,misfire,1.0
2026-09-28T00:32:43.044087+00:00,926.7,12.66,17.17,121.23,372.78,2.73,67.04,12.18,0.366,0.2592,13.91,12.56,968.81,shutdown,misfire,1.0
2026-09-28T00:32:44.044087+00:00,895.4,9.48,15.75,120.86,369.75,2.679,67.18,12.23,0.35,0.2603,13.91,12.61,968.99,shutdown,misfire,1.0
2026-09-28T00:32:45.044087+00:00,859.8,6.84,13.79,120.83,368.57,2.667,67.31,12.46,0.342,0.2577,13.92,12.68,969.08,shutdown,misfire,1.0
2026-09-28T00:32:46.044087+00:00,811.7,3.83,12.23,120.31,369.36,2.607,67.14,11.62,0.357,0.2535,13.89,12.66,969.29,shutdown,misfire,1.0
2026-09-28T00:32:47.044087+00:00,754.7,2.87,10.8,120.94,372.07,2.6,67.22,11.34,0.351,0.25,13.86,12.78,969.42,shutdown,misfire,1.0
2026-09-28T00:32:48.044087+00:00,650.9,1.66,9.82,120.23,371.47,2.525,66.97,10.78,0.342,0.2524,13.85,12.78,969.53,shutdown,misfire,1.0
2026-09-28T00:32:49.044087+00:00,592.8,0.65,8.43,120.54,372.2,2.474,67.0,10.1,0.331,0.2405,13.89,12.78,969.68,shutdown,misfire,1.0
2026-09-28T00:32:50.044087+00:00,531.7,0.79,7.37,120.47,370.86,2.374,67.14,9.53,0.338,0.2499,13.94,12.83,969.78,shutdown,misfire,1.0
2026-09-28T00:32:51.044087+00:00,445.2,0.26,6.12,120.11,367.38,2.267,66.97,8.92,0.33,0.2422,13.97,12.9,969.86,shutdown,misfire,1.0
2026-09-28T00:32:52.044087+00:00,394.6,0.38,5.02,119.79,367.74,2.139,66.92,8.39,0.321,0.2528,13.98,12.91,969.9,shutdown,misfire,1.0
2026-09-28T00:32:53.044087+00:00,336.4,0.12,3.87,119.62,364.91,2.068,66.97,8.08,0.315,0.2535,13.94,12.93,970.07,shutdown,misfire,1.0
2026-09-28T00:32:54.044087+00:00,285.6,0.51,3.99,119.48,362.65,1.988,67.15,7.56,0.314,0.2438,13.94,12.98,970.29,shutdown,misfire,1.0
2026-09-28T00:32:55.044087+00:00,240.1,0.15,3.84,120.07,363.82,1.859,67.35,7.43,0.309,0.2387,13.96,12.99,970.37,shutdown,misfire,1.0
2026-09-28T00:32:56.044087+00:00,202.7,0.21,3.43,120.08,367.11,1.781,67.22,7.4,0.304,0.2319,13.9,12.96,970.48,shutdown,misfire,1.0
2026-09-28T00:32:57.044087+00:00,163.1,0.56,3.59,119.82,362.35,1.713,67.25,7.14,0.314,0.2274,13.89,13.03,970.53,shutdown,misfire,1.0
2026-09-28T00:32:58.044087+00:00,128.5,0.46,3.1,119.91,362.53,1.59,67.33,6.91,0.318,0.2254,13.82,13.11,970.7,shutdown,misfire,1.0
2026-09-28T00:32:59.044087+00:00,97.9,0.87,1.91,119.99,363.76,1.578,67.07,6.34,0.307,0.2195,13.77,13.09,970.76,shutdown,misfire,1.0
2026-09-28T00:33:00.044087+00:00,72.6,0.58,2.14,119.87,361.22,1.488,67.1,6.24,0.304,0.2175,13.75,13.12,970.86,shutdown,misfire,1.0
